symbol,month,award_usd,dt,shares,close,mcap,award_over_mcap,day_index,fwd_21,fwd_63
ACN,2014-01,45000000.0,2014-01-31,716892047.0,79.87999725341797,57265334745.357185,0.0007858157155651377,20,-0.0014287999812889751,-0.05467366937007778
TXT,2014-01,13495182.6,2014-01-31,281150492.0,35.5,9980842466.0,0.0013521085665836015,20,0.07090604042704651,0.04045399115504611
BA,2014-01,318052243.55,2014-01-31,751453447.0,125.26000213623047,94127060376.49774,0.0033789671352512925,20,-0.007214587865998823,-0.016894458897865228
LMT,2014-01,931337743.78,2014-01-31,320307248.0,150.91000366210938,48337567968.680176,0.01926736869309293,20,0.054004474950553716,0.035026090155749534
GD,2014-01,286895911.52,2014-01-31,352198231.0,101.30999755859375,35681201922.75104,0.008040533840231135,20,0.05927648075765446,0.04206178409454342
UNH,2014-01,104412465.68,2014-01-31,1006758191.0,72.27999877929688,72768480816.52713,0.0014348583962231888,20,0.02817882171790287,-0.018310831037703812
HUM,2014-01,137752821.25,2014-01-31,155913299.0,97.30000305175781,15170364468.509628,0.009080389699004585,20,0.10192039093548377,0.06169086840273774
MCK,2014-01,197596182.86,2014-01-31,230126791.0,174.41000366210938,40136414461.05948,0.004923114969617146,20,-0.014692577904811488,-0.10121986611583811
CACI,2014-01,10700000.0,2014-01-31,,74.0199966430664,,,20,0.0322209691471389,-0.07685991277471671
RTX,2014-01,713397509.01,2014-01-31,917581965.0,71.75582122802734,65841847442.60204,0.010835016584732193,20,-0.016030225312838375,-0.032816186096598754
LDOS,2014-01,138178569.95,2014-01-31,85627012.0,45.34000015258789,3882328737.145645,0.035591671727312625,20,-0.05429969218604691,-0.2373945864435083
BAH,2014-01,29498718.560000002,2014-01-31,,18.280000686645508,,,20,0.23487846148257652,0.3024843256365193
HON,2014-01,17440142.38,2014-01-31,784672734.0,85.97315216064453,67460788356.49095,0.00025852265893838965,20,-0.010815720363024361,-0.04272928597334813
HII,2014-01,10127563.0,2014-01-31,49373379.0,95.0199966430664,4691458306.836845,0.0021587238631623645,20,0.04753831281884757,0.039554308157828455
NOC,2014-01,269203174.64,2014-01-31,221990583.0,115.55000305175781,25651012543.111496,0.010494836185805606,20,0.028089204142373925,-0.009882658753993079
OSK,2014-01,16764485.82,2014-01-31,,54.13999938964844,,,20,0.037537981969521184,-0.039461864895518284
PFE,2014-02,112730196.0,2014-02-28,6382925343.0,30.464895248413086,194455151952.93616,0.000579723369979336,39,-0.00798356428098157,-0.10787517492603527
TXT,2014-02,38908903.0,2014-02-28,282500851.0,39.70000076293945,11215284000.231045,0.0034692748751791254,39,-0.01811793403278361,-0.0504522956766138
ACN,2014-02,15000000.0,2014-02-28,716892047.0,83.3499984741211,59752951023.55955,0.00025103362667537143,39,-0.051846254275483394,-0.04991330280712181
BA,2014-02,3045035314.73,2014-02-28,743404506.0,128.9199981689453,95839707552.3057,0.03177216826405835,39,-0.03490053644105817,0.016121125163856886
HII,2014-02,310446582.0,2014-02-28,48722305.0,101.33000183105469,4937031254.863205,0.06288122678870946,39,0.002816951456529937,-0.049788007540894186
LMT,2014-02,674331424.1800001,2014-02-28,321430271.0,162.3000030517578,52168133964.22734,0.012926117400373218,39,-0.0025026353189210315,-0.022206039538489764
HON,2014-02,395222331.86,2014-02-28,784131620.0,88.99818420410156,69786290357.02057,0.0056633234097711324,39,-0.02608423533597526,-0.04767110618982606
GD,2014-02,939924589.75,2014-02-28,342250398.0,109.54000091552734,37490108910.2596,0.02507126858446599,39,-0.013955006254400715,0.04578380176035335
UNH,2014-02,320105948.36,2014-02-28,989191844.0,77.2699966430664,76434850465.22867,0.00418795806378428,39,0.05662235153862305,-0.004600471695171082
GE,2014-02,12756275.8,2014-02-28,10033130000.0,122.0633773803711,1224677733496.3228,1.0416026560376999e-05,39,0.008195208042035329,0.012960218441577132
NOC,2014-02,556816568.74,2014-02-28,216737248.0,121.02999877929688,26231708860.868164,0.02122685074362981,39,0.011121611593270408,-0.028689656947850528
HUM,2014-02,752852821.19,2014-02-28,154034320.0,112.45999908447266,17322699486.17737,0.043460479227890446,39,-0.003580944670138253,0.07049132289632332
MCK,2014-02,183325714.86,2014-02-28,230126791.0,177.0500030517578,40743949048.84123,0.0044994586715254555,39,-0.011006426257871849,0.03224428029823567
CACI,2014-02,31693765.0,2014-02-28,,78.83000183105469,,,39,-0.07210318983806951,-0.13311905314574024
LHX,2014-02,124386732.53,2014-02-28,106798463.0,73.81999969482422,7883862506.067696,0.015777384807797907,39,-0.011639917801693156,0.01924568703536833
BAH,2014-02,76194108.6,2014-02-28,,21.030000686645508,,,39,0.03782902306793634,0.01344042143017421
RTX,2014-02,82104936.91,2014-02-28,915236403.0,73.643798828125,67401485542.70874,0.0012181472893201214,39,-0.009833730666453766,-0.040742712675657544
LDOS,2014-02,129747830.85,2014-02-28,85627012.0,44.65999984741211,3824102342.854355,0.033928964033204896,39,-0.21631126573623916,-0.1771993581287381
MCK,2014-03,234202210.49999997,2014-03-31,230126791.0,176.57000732421875,40633489172.36896,0.005763773066755464,60,-0.04874775053088143,0.00434171574203801
HUM,2014-03,826742511.16,2014-03-31,154034320.0,112.72000122070312,17362748738.430176,0.04761587716408713,60,-0.03329993543757526,0.08394899009479673
GD,2014-03,1935907973.82,2014-03-31,342250398.0,108.91999816894531,37277912723.480804,0.05193176957573057,60,0.0038050629451358287,0.02473468608020335
RTX,2014-03,295891518.74,2014-03-31,915236403.0,73.53052520751953,67297813401.631004,0.004396747885018637,60,0.005801354406766102,-0.05855204174573603
NOC,2014-03,841747012.28,2014-03-31,216737248.0,123.37999725341797,26741041062.95337,0.031477720343735735,60,-0.022107788084991253,-0.07630734678918705
OSK,2014-03,47655673.74,2014-03-31,,58.869998931884766,,,60,-0.0640262192727653,-0.1057245921205916
HII,2014-03,2031735501.0,2014-03-31,48722305.0,102.26000213623047,4982343013.382072,0.40778715868075777,60,0.0002847792789180126,-0.12472782582164188
GE,2014-03,117108893.65,2014-03-31,10033130000.0,124.07620239257812,1244872668511.0474,9.40729896416396e-05,60,0.03167357532035964,-0.02815307763336783
PFE,2014-03,311642639.0,2014-03-31,6382925343.0,30.474382400512695,194515707736.50565,0.001602146390265595,60,-0.033103472911677145,-0.11931859882816154
TXT,2014-03,148849927.65,2014-03-31,282500851.0,39.290000915527344,11099458694.427254,0.013410557374724377,60,0.03402554857999274,-0.07656334289586353
LMT,2014-03,4367411632.17,2014-03-31,321430271.0,163.24000549316406,52470279203.70921,0.08323591371058038,60,-0.0014380962774949158,-0.05882070401982353
LDOS,2014-03,192566523.59,2014-03-31,79070415.0,35.369998931884766,2796720494.093685,0.0688544042912675,60,0.055081216729939264,0.041813238822659304
ACN,2014-03,36205778.0,2014-03-31,715464436.0,79.72000122070312,57036825711.28967,0.0006347789791680773,60,0.011417816710606488,-0.025350138254330634
CACI,2014-03,112459014.0,2014-03-31,,73.80000305175781,,,60,-0.06318459897243822,-0.10023491731243761
BAH,2014-03,18789680.0,2014-03-31,,22.0,,,60,0.04941223236552417,-0.08133149192115274
UNH,2014-03,945601287.8,2014-03-31,989191844.0,81.98999786376953,81103837176.41824,0.0116591436449932,60,-0.0917177319332052,-0.049830846519457905
BA,2014-03,2062069893.3,2014-03-31,743404506.0,125.48999786376953,93289829869.85664,0.022103908820250578,60,0.021177975419563122,-0.03203547061257139
LHX,2014-03,16555000.0,2014-03-31,106798463.0,73.16000366210938,7813375944.187653,0.002118802438056909,60,-0.0020315191072266536,-0.010542222393228329
LMT,2014-04,2415620181.48,2014-04-30,317377058.0,164.13999938964844,52094270106.40842,0.046370170395819414,81,-0.017944088889799703,-0.005678886565222863
BA,2014-04,861820972.76,2014-04-30,729224508.0,129.02000427246094,94084549137.74323,0.009160069115049513,81,0.030962890036905,-0.09789750884339088
ACN,2014-04,128642443.27,2014-04-30,715464436.0,80.22000122070312,57394557929.28967,0.002241370051643015,81,-0.007873672356958572,-0.04768798740166469
LDOS,2014-04,255187885.69,2014-04-30,79070415.0,37.2400016784668,2944582387.317066,0.0866635237611784,81,0.0012299218916813626,-0.03560983882788182
HII,2014-04,1010086973.0,2014-04-30,48722305.0,103.0,5018397415.0,0.20127680003597323,81,-0.052026218189210605,-0.1457343383867329
SAIC,2014-04,12266505.0,2014-04-30,,39.0,,,81,-0.030129204046615454,0.04631606107129449
MCK,2014-04,254448841.87,2014-04-30,230126791.0,169.19000244140625,38935152331.122986,0.0065351957456348565,81,0.09766389375695073,0.08076419270778268
RTX,2014-04,283946766.8,2014-04-30,916731329.0,74.46821594238281,68267346569.11958,0.004159335041863807,81,-0.03613318648780972,-0.1475527567178958
GD,2014-04,4095194740.79,2014-04-30,342860725.0,109.44999694824219,37526105304.922104,0.10912922371011027,81,0.0560085408053459,0.0439455489799363
HON,2014-04,35079368.97,2014-04-30,783120221.0,87.54692840576172,68559769920.991295,0.0005116611244528049,81,-0.015580868492077071,-0.03347585847185397
TXT,2014-04,70599245.75,2014-04-30,282500851.0,40.900001525878906,11554285236.96209,0.006110221818321867,81,-0.06428145043029565,-0.1488991976382914
CACI,2014-04,62967051.91,2014-04-30,,69.6500015258789,,,81,0.0019193790177185477,-0.04904330612526353
BAH,2014-04,21019095.53,2014-04-30,,23.239999771118164,,,81,-0.07096852328658587,-0.07894303705344197
NOC,2014-04,743991645.15,2014-04-30,214135271.0,121.51000213623047,26019577236.65229,0.028593533184005062,81,-0.01702091250964588,-0.009272954673437361
OSK,2014-04,17434744.0,2014-04-30,,55.5099983215332,,,81,-0.04682339929239121,-0.20057972523648593
KTOS,2014-04,10025392.0,2014-04-30,,7.21999979019165,,,81,0.15546417749072194,-0.020582395571871803
OSK,2014-05,18898225.16,2014-05-30,,54.04999923706055,,,102,0.006736913575285719,-0.12791386443750485
RTX,2014-05,314552354.05,2014-05-30,916731329.0,73.14034271240234,67050043578.256065,0.004691307227606448,102,-0.02727034763991365,-0.0995619781428323
MCK,2014-05,249490590.78,2014-05-30,230576753.0,189.63999938964844,43726575298.18712,0.005705697029292476,102,-0.03748846202025613,-0.023148500374896352
BA,2014-05,1408320271.95,2014-05-30,729224508.0,135.25,98627614707.0,0.01427916791999681,102,-0.07994237554672612,-0.09818772858967972
LDOS,2014-05,213317531.13,2014-05-30,79070415.0,38.150001525878906,3016536452.9018784,0.07071604618760388,102,-0.01566467103728786,-0.04559829039116525
BAH,2014-05,65452131.29,2014-05-30,,22.1299991607666,,,102,-0.05608644905442661,0.011683901034235111
HON,2014-05,48013393.03,2014-05-30,783120221.0,87.78251647949219,68744263705.35606,0.0006984349012128431,102,-0.02279197500636876,-0.015757130271162323
ACN,2014-05,42490447.010000005,2014-05-30,715464436.0,81.44999694824219,58274576128.77582,0.0007291421033437315,102,-0.028134166597179378,-0.04897382348151358
GD,2014-05,533284787.52,2014-05-30,342860725.0,118.12000274658203,40498709778.69511,0.01316794511316856,102,-0.033936549004377814,0.006507565533328874
SAIC,2014-05,15625828.0,2014-05-30,,38.72999954223633,,,102,0.11955614627808653,0.10992245760825692
HII,2014-05,312293236.0,2014-05-30,49107797.0,99.83000183105469,4902431464.429062,0.06370170358646099,102,-0.07313444987299145,-0.019157556612868554
TXT,2014-05,773418685.64,2014-05-30,279137664.0,39.220001220703125,10947779522.824219,0.07064616930104925,102,-0.04387843321789653,-0.0740706883114256
NOC,2014-05,421299886.40999997,2014-05-30,214135271.0,121.55000305175781,26028142843.538986,0.016186321434553678,102,-0.03644083306967061,0.005912750055862448
LMT,2014-05,1609447553.71,2014-05-30,317377058.0,163.64999389648438,51938753604.58417,0.030987411942206264,102,-0.03848749696424458,0.028238279013883982
CACI,2014-05,83234532.87,2014-05-30,,71.4000015258789,,,102,-0.037311560810197486,-0.04271405435240627
GE,2014-06,102552061.65,2014-06-30,10027765000.0,125.94525146484375,1262949384555.359,8.120045261046234e-05,123,-0.030790397482634124,-0.03857232529798038
NOC,2014-06,1287340539.12,2014-06-30,214135271.0,119.62999725341797,25617001881.589912,0.05025336474074934,123,0.04555574193586742,0.09530293965687453
TXT,2014-06,50152577.93000001,2014-06-30,279137664.0,38.290000915527344,10688181410.118164,0.004692339697988485,123,-0.04326214955339558,-0.06391415310020943
BAH,2014-06,57855020.01,2014-06-30,,21.239999771118164,,,123,0.05194226082110531,0.14211049437949952
PFE,2014-06,167691891.6,2014-06-30,6378718293.0,28.159393310546875,179620837229.76718,0.0009335881860159246,123,-0.01189114593349816,-0.0021353191267377003
HUM,2014-06,16449269.2,2014-06-30,154784234.0,127.72000122070312,19769042555.4256,0.0008320721225563608,123,-0.06422037137792158,0.020918520326071777
CACI,2014-06,12550046.02,2014-06-30,,70.20999908447266,,,123,-0.012419789513354096,0.0013655437009969518
RTX,2014-06,645639168.13,2014-06-30,916731329.0,72.65576171875,66605812999.93701,0.009693435738568502,123,-0.08499974145816991,-0.09869136975171389
HII,2014-06,76498482.0,2014-06-30,49107797.0,94.58999633789062,4645106338.391876,0.016468618030924042,123,-0.022612645860126457,0.10032560381935984
LMT,2014-06,3079807141.73,2014-06-30,317377058.0,160.72999572753906,51012013176.35892,0.06037415404646901,123,0.05235624395656213,0.12290175003201464
LDOS,2014-06,235944006.15,2014-06-30,74767690.0,38.34000015258789,2866593246.008644,0.08230815672175365,123,-0.020127928501284198,-0.10873784566002509
MCK,2014-06,276142787.81,2014-06-30,230576753.0,186.2100067138672,42935698724.191696,0.006431542888910995,123,0.020628609659533392,0.04267118894084976
BA,2014-06,3178321284.94,2014-06-30,729224508.0,127.2300033569336,92779236600.79825,0.034256816518283946,123,-0.045265290916025824,0.004216545897637314
GD,2014-06,434167468.71999997,2014-06-30,342860725.0,116.55000305175781,39960418545.077896,0.010864937969311593,123,0.021855540289629882,0.08569842595415733
UNH,2014-06,142431946.0,2014-06-30,979860669.0,81.75,80103609690.75,0.0017780964746766886,123,0.008241301620172559,0.0487094172351743
ACN,2014-06,46348124.66,2014-06-30,715628354.0,80.83999633789062,57851393516.650696,0.0008011583099836679,123,-0.010767379881457817,-0.025397427214682633
LDOS,2014-07,164159453.52,2014-07-31,74767690.0,36.939998626708984,2761918365.922203,0.059436750754647036,145,-0.02024362325974005,-0.05351676741389488
HII,2014-07,88229423.0,2014-07-31,49107797.0,90.91999816894531,4464880813.320938,0.0197607565999899,145,0.08580663379827058,0.10770027381370606
ACN,2014-07,12312066.38,2014-07-31,715628354.0,79.27999877929688,56735015031.55023,0.00021701001353667193,145,-0.017011372372781164,-0.013769582562149996
HUM,2014-07,309792000.0,2014-07-31,154254938.0,117.6500015258789,18148093691.074356,0.0170702226511186,145,0.05479925970738453,0.11870357622192484
UNH,2014-07,301077396.0,2014-07-31,979860669.0,81.05000305175781,79417710212.74745,0.003791061152398645,145,0.02999924244169061,0.12102927395987706
GE,2014-07,22499879.0,2014-07-31,10033903754.0,120.52980041503906,1209384416853.3313,1.860440624705741e-05,145,-0.006461562292243261,-0.0018992393963543908
BA,2014-07,396276935.23,2014-07-31,720613065.0,120.4800033569336,86819464490.25021,0.004564378939177881,145,0.01936713329603168,-0.0030270235381699706
BAH,2014-07,45560063.84,2014-07-31,,22.239999771118164,,,145,0.010704327065168329,0.16188972730225593
TXT,2014-07,14174667.0,2014-07-31,279201470.0,36.369998931884766,10154557165.680656,0.0013958921860133993,145,0.005354229539506816,0.08775842768572018
MCK,2014-07,301504162.53,2014-07-31,231599218.0,191.86000061035156,44434626106.836945,0.00678534262458009,145,-0.021668726730863952,0.00484815199872668
RTX,2014-07,93365771.06,2014-07-31,914810016.0,66.17369079589844,60536355135.7749,0.0015423090942722458,145,-0.006741796202509587,-0.018443937622880657
HON,2014-07,19938696.0,2014-07-31,782543677.0,86.53858184814453,67720220041.81248,0.00029442751349138054,145,0.0024833448339878217,0.009182959793158973
CACI,2014-07,54621841.49,2014-07-31,,68.98999786376953,,,145,0.00590536847691947,0.04936229857451302
NOC,2014-07,407248805.8,2014-07-31,207938701.0,123.2699966430664,25632602974.23359,0.015887922354564408,145,-0.0017282961199591718,0.07578629859282238
SAIC,2014-07,21418099.37,2014-07-31,,41.77000045776367,,,145,0.06467790957376174,0.11766875537158317
LMT,2014-07,686340421.15,2014-07-31,317388019.0,166.97000122070312,52994277919.86655,0.012951217529330728,145,0.01055127883353868,0.09423040203790567
GD,2014-07,1587280828.84,2014-07-31,334315950.0,116.7699966430664,39038072359.22356,0.04065981573664899,145,0.01603026507404781,0.14377633675781176
HUM,2014-08,264100000.0,2014-08-29,154254938.0,128.74000549316406,19858781565.46768,0.01329890250967068,166,0.027998614409755707,0.03682444216716574
HII,2014-08,49646289.0,2014-08-29,48565824.0,102.11000061035156,4959056318.282227,0.010011237181754177,166,0.0343621976158861,0.03391442051838811
BA,2014-08,663561284.38,2014-08-29,720613065.0,126.80000305175781,91373738841.13655,0.007262056831598797,166,0.018370273424427097,0.02864320066131354
HON,2014-08,56501309.57000001,2014-08-29,782543677.0,89.74266815185547,70227557519.34378,0.0008045461292660939,166,-0.008360763860421061,0.008775151766036604
LHX,2014-08,52868666.57,2014-08-29,104769240.0,71.38999938964844,7479475979.653931,0.007068498744272482,166,-0.04983431428451446,-0.01967943259790972
MCK,2014-08,328006039.9,2014-08-29,231599218.0,195.02999877929688,45168795203.82611,0.00726178412374868,166,0.011950317802644439,0.04473585331029639
LMT,2014-08,2292024701.6,2014-08-29,317388019.0,174.0,55225515306.0,0.04150300253243598,166,0.06425577144983752,0.07258116525856573
NOC,2014-08,649291467.13,2014-08-29,207938701.0,127.22000122070312,26453961795.051422,0.024544205218118176,166,0.04948224774518395,0.0761102926123749
LDOS,2014-08,109077636.95,2014-08-29,74767690.0,37.650001525878906,2815003642.586441,0.03874866636043812,166,-0.07438418299134497,0.04606674124140109
PFE,2014-08,107493082.87,2014-08-29,6340863126.0,27.88425064086914,176810216684.829,0.0006079574183295672,166,0.019920665616341537,0.03190303118009008
CACI,2014-08,14990602.0,2014-08-29,,72.12000274658203,,,166,0.002010119793446674,0.19952797544628842
RTX,2014-08,90019099.86,2014-08-29,914810016.0,67.9546890258789,62165630155.03931,0.0014480525595171308,166,-0.008245189190354107,-0.012126351582005812
BAH,2014-08,87460523.25,2014-08-29,,22.18000030517578,,,166,0.06880034639730215,0.19477039729368917
SAIC,2014-08,62740000.0,2014-08-29,,46.119998931884766,,,166,-0.02718361390135171,0.06733472799215123
OSK,2014-08,45037718.81,2014-08-29,,49.68000030517578,,,166,-0.09751624232240153,-0.11995691362865701
GE,2014-08,337074674.0,2014-08-29,10033903754.0,124.50752258300781,1249296498246.8818,0.00026981158954100294,166,0.00826773265457581,-0.008919265894864026
ACN,2014-08,15233285.0,2014-08-29,715628354.0,81.05999755859375,58008832628.100464,0.00026260285390781573,166,0.017003471324014807,0.04230822068600215
GD,2014-08,468041769.91999996,2014-08-29,334315950.0,123.25,41204440837.5,0.01135901277645872,166,0.04495212545789529,0.14832009168457905
NOC,2014-09,635646284.86,2014-09-30,207938701.0,131.75999450683594,27398002101.5186,0.02320046120533613,187,0.02406717321790719,0.09037219910032679
HUM,2014-09,23400000.0,2014-09-30,154254938.0,130.2899932861328,20097874836.372833,0.001164302205606885,187,0.03023417879893353,0.06146010326263873
TXT,2014-09,119462416.4,2014-09-30,279201470.0,35.9900016784668,10048461373.930397,0.011888627716670316,187,0.12422637227417366,0.12721484886113177
HON,2014-09,112479603.65,2014-09-30,782543677.0,87.7542495727539,68671533133.03852,0.0016379363983630797,187,0.015193434609840795,0.027934872231070385
RTX,2014-09,425942487.63,2014-09-30,914810016.0,66.45689392089844,60795432191.0874,0.007006159382027439,187,-0.0031647575931077476,0.04689311337757829
LMT,2014-09,2848938488.4,2014-09-30,317388019.0,182.77999877929688,58012181725.38345,0.04910931469335579,187,0.01443733186956786,0.018261736014836716
LHX,2014-09,11000000.0,2014-09-30,104769240.0,66.4000015258789,6956677695.865173,0.001581214551097868,187,0.026997705636320424,0.04408963055275561
MCK,2014-09,450850865.03,2014-09-30,231599218.0,194.6699981689453,45085419343.98917,0.009999926175470027,187,0.013884901042337638,0.018467751151113543
SAIC,2014-09,143062711.69,2014-09-30,,44.22999954223633,,,187,0.07905500542614141,0.08580684235976355
GD,2014-09,1054358975.87,2014-09-30,334315950.0,127.08999633789062,42488212861.198425,0.02481532888461105,187,0.0736605558785155,0.04482778377842633
MSFT,2014-09,11600028.77,2014-09-30,8239848789.0,46.36000061035156,381999394887.24457,3.036661556341994e-05,187,7.59138863632991e-05,-0.03888204751455082
ACN,2014-09,46582850.32,2014-09-30,715628354.0,81.31999969482422,58194897528.88756,0.0008004627948159301,187,-0.014020729122180775,0.06461311685602666
LDOS,2014-09,495017412.23,2014-09-30,74038021.0,34.33000183105469,2541725396.4976654,0.1947564488721332,187,0.046044568147982634,0.2360669310894694
CACI,2014-09,187202809.6,2014-09-30,,71.2699966430664,,,187,0.04006902912661259,0.16442173254602488
UNH,2014-09,478173248.56,2014-09-30,971624800.0,86.25,83802639000.0,0.00570594499488256,187,0.07226463954681561,0.13744454311368792
BA,2014-09,701318198.99,2014-09-30,720613065.0,127.37999725341797,91791690240.47711,0.007640323401308736,187,-0.03928952663419105,-0.018542091344151634
HII,2014-09,54329168.0,2014-09-30,48565824.0,104.20999908447266,5061044474.57666,0.010734773873834503,187,-0.014168586240300929,0.041597844325306665
OSK,2014-09,23775089.939999998,2014-09-30,,44.150001525878906,,,187,0.036144110146821395,0.056230886372706124
BAH,2014-09,150163843.39,2014-09-30,,23.399999618530273,,,187,0.0709638094772338,0.09831693064536373
ACN,2014-10,70475121.0,2014-10-31,727386654.0,81.12000274658203,59005607370.30711,0.0011943800621814222,210,0.032984906853024354,0.06245088828937084
BA,2014-10,1040401701.87,2014-10-31,712930459.0,124.91000366210938,89052146244.51932,0.011683061506606094,210,0.03825482265458002,0.16507654173298159
LDOS,2014-10,121625961.0,2014-10-31,74038021.0,36.56999969482422,2707570405.375389,0.04492070114170762,210,0.07178858870264415,0.16571295423377475
LMT,2014-10,2321831334.5,2014-10-31,315925164.0,190.57000732421875,60205860817.38501,0.038564872306078704,210,-0.021345354887948753,-0.005797538284119774
UNH,2014-10,242116177.56,2014-10-31,971624800.0,95.01000213623047,92314074323.6145,0.0026227439243039154,210,0.023804898782253225,0.1176255473544019
TXT,2014-10,14570394.75,2014-10-31,276048870.0,41.529998779296875,11464309234.126282,0.0012709352523942485,210,-0.011756766574463784,0.02367071476186955
HUM,2014-10,597431701.16,2014-10-31,154254938.0,138.85000610351562,21418299082.797424,0.02789351754079484,210,-0.01777989852414974,0.05076978500710383
CACI,2014-10,12299207.08,2014-10-31,,82.29000091552734,,,210,0.059596775534548785,0.011192405124301308
SAIC,2014-10,29901510.97,2014-10-31,,48.90999984741211,,,210,0.00987547227294061,0.023014585554720357
GD,2014-10,341899065.49,2014-10-31,331389741.0,139.75999450683594,46315028381.781784,0.00738203294774375,210,0.00498521409865238,-0.022677057422346603
NOC,2014-10,637363542.04,2014-10-31,201999289.0,137.9600067138672,27867823266.6364,0.022870948187871463,210,-0.0058582112029836875,0.1476408571254293
MCK,2014-10,308798380.39,2014-10-31,231881751.0,203.41000366210938,47167067820.086334,0.00654690644684291,210,0.010152754741246328,0.02761458248243054
RTX,2014-10,1515179087.64,2014-10-31,911658325.0,67.33795166015625,61389204219.429016,0.024681523517134343,210,0.0037374261591012203,0.09583502632335739
HII,2014-10,236275192.0,2014-10-31,48565824.0,105.81999969482422,5139235480.858887,0.045974774434837315,210,-0.005448254496312144,0.1278586559467445
GE,2014-10,114191247.85,2014-10-31,10033903754.0,123.69281005859375,1241121751189.733,9.200648344172266e-05,210,-0.017627959455080777,-0.06436751995472467
HON,2014-10,122956353.1,2014-10-31,782810325.0,90.58138275146484,70908041670.6236,0.0017340255097037806,210,-0.0033313397144383305,0.03788761450572786
PFE,2014-10,232832431.44,2014-10-31,6340863126.0,28.415559768676758,180179175141.85153,0.0012922272024871663,210,0.03629262858489679,0.056999349102547114
UNH,2014-11,231080185.56,2014-11-28,959791117.0,98.62999725341797,94664195233.56497,0.002441051603405658,229,0.03925824148029888,0.12404882541928952
LDOS,2014-11,40999999.13,2014-11-28,74038021.0,40.40999984741211,2991876417.3126945,0.01370377429119423,229,0.08311168672639413,0.114324504471224
OSK,2014-11,67169710.41,2014-11-28,,45.400001525878906,,,229,0.07359708945142529,0.029544973047480605
RTX,2014-11,1536366391.7,2014-11-28,911658325.0,69.27627563476562,63156293407.42874,0.02432641798322011,229,0.048135392888001505,0.08697426641391193
CACI,2014-11,10854909.31,2014-11-28,,89.19000244140625,,,229,-0.029435768802384188,-0.0318303884853226
GE,2014-11,11955742.62,2014-11-28,10033903754.0,126.95166778564453,1273820815970.9395,9.385733432913812e-06,229,-0.03310262276560649,-0.03007572591180241
MCK,2014-11,255143035.57,2014-11-28,231881751.0,210.75999450683594,48871396566.9955,0.005220702772842523,229,-0.012916558477309548,0.05691618328492942
HON,2014-11,81143347.36,2014-11-28,782810325.0,93.36139678955078,73084265363.2822,0.0011102710953809043,229,0.00919458468090495,0.030861625972870455
LMT,2014-11,5977768577.7300005,2014-11-28,315925164.0,191.55999755859375,60518623644.53833,0.09877568618944428,229,0.012742210645981578,0.026849865750181445
HUM,2014-11,279533121.58,2014-11-28,153334953.0,137.97000122070312,21155623652.586456,0.013213182753221489,229,0.05111689667352293,0.13918835244184646
NOC,2014-11,125767996.0,2014-11-28,201999289.0,140.92999267578125,28467758319.28302,0.004417910064762962,229,0.06229061959825133,0.1413697563707601
GD,2014-11,144327610.85,2014-11-28,331389741.0,145.36000061035156,48170812954.02425,0.002996163070524694,229,-0.046879436888865866,-0.07717306372308941
BA,2014-11,1554246195.04,2014-11-28,712930459.0,134.36000061035156,95789336906.37822,0.01622567025971874,229,-0.026290199447076668,0.1404781874665344
TXT,2014-11,86128935.0,2014-11-28,276048870.0,43.31999969482422,11958436964.15657,0.0072023572359964086,229,-0.02153157853585408,-0.011130653041038663
OSK,2014-12,32329430.58,2014-12-31,,48.650001525878906,,,251,-0.08845161510405353,-0.02127229665878272
UNH,2014-12,229659853.56,2014-12-31,959791117.0,101.08999633789062,97025280502.66995,0.0023670104571733774,251,0.07894373337934957,0.15596818486386343
MSFT,2014-12,10498352.76,2014-12-31,8242852827.0,46.45000076293945,382880520102.94763,2.7419396414258e-05,251,-0.09369059853411488,-0.13530510265397544
GE,2014-12,155765378.6,2014-12-31,10033903754.0,121.10489654541016,1215154876074.7727,0.0001281856178721495,251,-0.024334863200240364,-0.012848574898184473
BA,2014-12,2306221208.17,2014-12-31,712930459.0,129.97999572753906,92666698014.85246,0.024887270805746882,251,0.14286213477301735,0.14672556451117869
ACN,2014-12,25000000.0,2014-12-31,698503895.0,89.30999755859375,62383381157.118225,0.0004007477558331637,251,-0.021353139758180095,0.045667219779028656
NOC,2014-12,295540249.84,2014-12-31,201999289.0,147.38999938964844,29772675082.41942,0.009926560143549703,251,0.09767179598539755,0.09232278016230544
HII,2014-12,29850000.0,2014-12-31,48288631.0,112.45999908447266,5430539398.050438,0.00549669154609506,251,0.06696309172388204,0.2345434521560641
LDOS,2014-12,50166871.66,2014-12-31,74066871.0,43.52000045776367,3223390259.825123,0.015563387494606899,251,-0.006340676044625293,-0.025114704824819145
GD,2014-12,480601513.71999997,2014-12-31,331389741.0,137.6199951171875,45605854538.30603,0.01053815389680562,251,0.011183619955335011,-0.032735849435808206
MCK,2014-12,351696808.67,2014-12-31,231881751.0,207.5800018310547,48134014297.16817,0.007306617031746117,251,0.0525385564599502,0.06905478256814535
HON,2014-12,87783578.02000001,2014-12-31,782810325.0,94.16242218017578,73711316309.6506,0.0011909104655143299,251,0.016110740397297096,0.03223300577698485
HUM,2014-12,279451603.58,2014-12-31,153334953.0,143.6300048828125,22023500048.095825,0.012688791652994396,251,0.03397319117378095,0.23227176179273257
TXT,2014-12,26679304.0,2014-12-31,276048870.0,42.11000061035156,11624418084.18686,0.0022951087793627173,251,0.04088426160059899,0.05883936908886889
LMT,2014-12,2652301144.12,2014-12-31,315925164.0,192.57000732421875,60837711145.38501,0.043596333494232656,251,0.0007868629140407313,0.03068604435570088
CACI,2014-12,65094939.33,2014-12-31,,86.18000030517578,,,251,-0.010700731791274065,0.016085695497964236
RTX,2014-12,235077362.63,2014-12-31,911658325.0,72.37255859375,65979045543.54248,0.0035629094160639545,251,0.03135123988278521,0.015148499397853676
KTOS,2014-12,24309430.0,2014-12-31,,5.019999980926514,,,251,-0.004300247235658805,0.10269166805797991
LMT,2015-01,1513481850.47,2015-01-30,315925164.0,188.3699951171875,59510821600.07666,0.025432044286682314,271,0.010686514850802187,-0.05047538810718555
NOC,2015-01,570391511.03,2015-01-30,201999289.0,156.9499969482422,31703787792.09709,0.01799127330685021,271,-0.011603646092297915,-0.0630672483601481
BAH,2015-01,23871199.57,2015-01-30,,29.110000610351562,,,271,-0.014351797839152747,-0.09677156160836264
KTOS,2015-01,14743731.0,2015-01-30,,4.860000133514404,,,271,0.15342340644498687,0.07458139667041719
BA,2015-01,877870807.4,2015-01-30,712930459.0,145.3699951171875,103638697343.72424,0.008470492488809333,271,0.018273995480081462,-0.0598808635617758
GD,2015-01,4194786480.99,2015-01-30,331389741.0,133.2100067138672,44144429623.51671,0.09502414045815069,271,-0.029383865413861177,-0.003793352579049225
LDOS,2015-01,145648929.0,2015-01-30,74066871.0,41.400001525878906,3066368572.417076,0.04749883308554513,271,0.036175521613956096,-0.041728724772992276
SAIC,2015-01,32912517.33,2015-01-30,,48.779998779296875,,,271,0.06797554903338288,-0.0168903784910428
CACI,2015-01,102509427.5,2015-01-30,,84.58999633789062,,,271,-0.011814806100085562,-0.001521270576072098
PFE,2015-01,214206183.24,2015-01-30,6300657237.0,29.648956298828125,186807911073.70816,0.0011466654811823327,271,0.05716545657605576,0.03895949429750867
MCK,2015-01,347676752.41999996,2015-01-30,231881751.0,212.64999389648438,49309652934.85611,0.007050886220580829,271,0.013336106471872888,-0.0023196123956306103
HUM,2015-01,548791200.07,2015-01-30,153334953.0,146.44000244140625,22454370891.672913,0.02444028393035569,271,0.035794442305303154,0.0766203805746617
HON,2015-01,61476287.31,2015-01-30,782810325.0,92.12688446044922,72117876365.72171,0.0008524417302340346,271,0.011035667213603162,-0.007505852252299938
RTX,2015-01,78293224.0,2015-01-30,911658325.0,72.2341079711914,65852825880.885506,0.0011889121378271096,271,0.007492314550917367,-0.050050926162100495
GD,2015-02,458029084.76,2015-02-27,331704599.0,138.77999877929688,46033963844.30716,0.009949807631363525,290,-0.0021234008437771568,0.008380288450394291
CACI,2015-02,11866932.35,2015-02-27,,87.29000091552734,,,290,0.04677983827752308,-0.025884172329535104
BAH,2015-02,42513543.91,2015-02-27,,29.760000228881836,,,290,-0.0033896569047473513,-0.1549381423033832
HII,2015-02,224030698.0,2015-02-27,48303905.0,141.3300018310547,6826790982.097092,0.03281639918191563,290,0.01396404615994995,-0.12408298448271926
GE,2015-02,11675200.0,2015-02-27,10064909484.0,124.55545043945312,1253639334411.9438,9.313045370801638e-06,290,-0.026447145627848778,0.042497228156339606
LHX,2015-02,124025274.38,2015-02-27,104118788.0,77.68000030517578,8087947483.614532,0.015334579586633599,290,0.012565668386222972,0.025491637280273816
AVAV,2015-02,10285007.0,2015-02-27,,27.40999984741211,,,290,-0.0210646783708478,-0.06366607934760371
LMT,2015-02,2475512336.11,2015-02-27,315583849.0,200.0500030517578,63132549955.53548,0.039211347202885265,290,0.031221224042527584,-0.05855512170102217
TXT,2015-02,40894403.0,2015-02-27,276834630.0,44.310001373291016,12266542835.47451,0.0033338165079189624,290,0.02465287040818942,0.01425974383600126
RTX,2015-02,498062711.7,2015-02-27,907156995.0,76.72120666503906,69598179291.0308,0.007156260648964791,290,-0.018237345546507355,-0.04036381255969801
UNH,2015-02,378860647.12,2015-02-27,953695161.0,113.62999725341797,108368378525.02802,0.0034960442545746953,290,0.07544978743644681,0.05469387208597021
MCK,2015-02,347954039.97,2015-02-27,232844521.0,228.6999969482422,53251541242.114914,0.006534159046927537,290,0.008951403866352958,0.030545311551887
LDOS,2015-02,100435190.17,2015-02-27,74066871.0,45.02000045776367,3334490566.325123,0.030120100258879325,290,-0.05472273982594689,-0.05558453644816985
SAIC,2015-02,144071899.3,2015-02-27,,54.68000030517578,,,290,0.025681250279144585,-0.03226451218882176
NOC,2015-02,1732265116.73,2015-02-27,198405799.0,165.7100067138672,32877826284.360184,0.05268794541791316,290,-0.011257629579688566,-0.04131111765659068
ACN,2015-02,66537520.0,2015-02-27,698503895.0,90.02999877929688,62886304814.18411,0.0010580605776822865,290,0.055788657537189534,0.07141182389319622
BA,2015-02,1467513523.36,2015-02-27,704387613.0,150.85000610351562,106256875720.2908,0.01381099823810991,290,0.019290709271428952,-0.06926149999579367
NOC,2015-03,548659399.55,2015-03-31,198405799.0,160.9600067138672,31935398739.110184,0.01718028962256468,312,-0.052826017253159496,-0.011542676981495137
HII,2015-03,1306224705.0,2015-03-31,48303905.0,140.14999389648438,6769791990.926361,0.19294901626973912,312,-0.07091106451801521,-0.19605153725430746
GD,2015-03,1416151490.01,2015-03-31,331704599.0,135.72999572753906,45022263805.07506,0.03145447097332246,312,0.007078193667243271,0.052361913907887914
HON,2015-03,451836340.94000006,2015-03-31,782663047.0,98.2994613647461,76935355950.19095,0.0058729349511624455,312,-0.042332516139161225,-0.019707823964668303
MCK,2015-03,484843437.1,2015-03-31,232844521.0,226.1999969482422,52669429939.614914,0.009205405064301422,312,-0.02221221679450236,-0.007178380367060089
LMT,2015-03,2516554013.45,2015-03-31,315583849.0,202.9600067138672,64050900111.82805,0.03928990863604236,312,-0.09044055967340803,-0.07886015448542438
RTX,2015-03,720698308.6700001,2015-03-31,907156995.0,73.757080078125,66909251123.64624,0.01077128045175953,312,-0.03927061123844178,-0.05034929551002865
BAH,2015-03,70706835.96000001,2015-03-31,,28.940000534057617,,,312,-0.05959213868337965,-0.1254033475135452
GE,2015-03,143443376.14,2015-03-31,10064909484.0,118.9003677368164,1196721438885.371,0.00011986363031450616,312,0.081661872656829,0.07800780421443476
SAIC,2015-03,63985271.83,2015-03-31,,51.349998474121094,,,312,-0.028930055537524146,0.03270507454427207
ACN,2015-03,172655263.79,2015-03-31,693846206.0,93.69000244140625,65006452734.100464,0.002655971161758687,312,-0.010357664983732251,0.04198806713282521
CACI,2015-03,82296545.50999999,2015-03-31,,89.91999816894531,,,312,-0.02851700460191109,-0.1024634238037121
HUM,2015-03,1125559034.25,2015-03-31,149607897.0,178.02000427246094,26633198463.133896,0.042261504408042355,312,-0.07960152947311883,0.07402620548607075
TXT,2015-03,208088100.43,2015-03-31,276834630.0,44.33000183105469,12272079654.799347,0.016956221462319242,312,-0.017728874266067174,0.00517900497044943
UNH,2015-03,1029526004.56,2015-03-31,953695161.0,118.29000091552734,112812601467.824,0.009125984075933551,312,-0.0680808507509374,0.03369113562597126
LDOS,2015-03,26360805.0,2015-03-31,74124812.0,41.959999084472656,3110277043.656708,0.008475388086010492,312,-0.009950864532654036,-0.032653612402378296
BA,2015-03,1533588915.59,2015-03-31,704387613.0,150.0800018310547,105714494248.81224,0.014506893557855059,312,-0.054742844875642405,-0.07181033336469722
SAIC,2015-04,110805840.83,2015-04-30,,50.099998474121094,,,333,0.055340015990647196,0.06237668470369906
MCK,2015-04,481126111.0,2015-04-30,232844521.0,223.39999389648438,52017464570.22983,0.00924931876197891,333,0.05164336265937686,-0.04229091396479201
ACN,2015-04,14719230.18,2015-04-30,693846206.0,92.6500015258789,64284852044.62529,0.00022896887387688467,333,0.0232890394993035,0.0918000754225059
UNH,2015-04,12867755.0,2015-04-30,953695161.0,111.4000015258789,106241642390.62332,0.00012111780946202393,333,0.06102423932902279,0.07056956716690199
NOC,2015-04,383384655.54,2015-04-30,193784684.0,154.0399932861328,29850591422.31537,0.012843452584105039,333,0.028622719763462978,0.12823682285228544
GD,2015-04,422449536.46,2015-04-30,328732777.0,137.32000732421875,45141587345.35077,0.009358322586844279,333,0.006417487626115381,0.08348687115653974
TXT,2015-04,125703597.57000001,2015-04-30,277644419.0,43.97999954223633,12210801420.524471,0.010294459244805314,333,0.011684068959517235,-0.011241857213778683
CACI,2015-04,47058542.78,2015-04-30,,88.23999786376953,,,333,-0.040757710479650155,-0.08446348950870475
RTX,2015-04,208903723.07999998,2015-04-30,890201794.0,71.58589935302734,63725896029.16838,0.0032781606238126704,333,0.01929223302071681,-0.12584634479795553
GE,2015-04,14053374.22,2015-04-30,10064909484.0,129.77920532226562,1306215954474.0547,1.0758844409964786e-05,333,-0.00753375583076088,-0.043486686927727725
BAH,2015-04,74389724.94,2015-04-30,,27.5,,,333,-0.0843736947896897,0.00023640023095983231
LDOS,2015-04,143430543.74,2015-04-30,74124812.0,41.63999938964844,3086557126.437805,0.046469427865582114,333,0.01221838399727293,-0.03604575679713673
BA,2015-04,1418007160.46,2015-04-30,691517301.0,143.33999633789062,99122087392.92801,0.0143056628220399,333,-0.023185076600521937,-0.012149333471396906
LMT,2015-04,1005923698.73,2015-04-30,314760542.0,186.60000610351562,58734319058.34589,0.01712667678552175,333,0.017125863417160714,0.09898590739408908
HON,2015-04,56790488.47,2015-04-30,781707489.0,95.10479736328125,74344132338.7044,0.0007638866267383179,333,0.021221475402732226,0.033043253303479014
HUM,2015-05,125000000.0,2015-05-29,149781272.0,214.64999389648438,32150549120.607666,0.0038879584771968406,353,-0.07764672416822449,-0.08612242261302261
GD,2015-05,369866508.01,2015-05-29,328732777.0,140.16000366210938,46075187228.175385,0.008027455345505865,353,0.034344630944106225,0.09243534762348038
RTX,2015-05,133668738.52,2015-05-29,890201794.0,73.73819732666016,65641875546.518875,0.0020363333223967993,353,-0.025776513983185034,-0.14714905684648794
NOC,2015-05,330506744.86,2015-05-29,193784684.0,159.17999267578125,30846644579.798584,0.010714512043765315,353,0.019218041196859437,0.1063875203432999
GE,2015-05,65344830.08,2015-05-29,10075929000.0,130.6897735595703,1316820879412.3076,4.962317282602867e-05,353,0.007565643912663678,-0.023446577463118623
HII,2015-05,452909270.0,2015-05-29,48635697.0,123.98999786376953,6030339967.132942,0.07510509730271984,353,-0.07071348516241405,-0.03246640491091679
SAIC,2015-05,34224899.54,2015-05-29,,53.0,,,353,0.022358563040271395,-0.022154682292653938
OSK,2015-05,39487048.89,2015-05-29,,50.15999984741211,,,353,-0.12297630280404992,-0.11724990192308304
BAH,2015-05,34598132.2,2015-05-29,,25.350000381469727,,,353,0.025126164140795382,0.1126146874330537
BA,2015-05,719857525.09,2015-05-29,691517301.0,140.52000427246094,97172014091.00066,0.007408074555456475,353,0.009619940300445329,-0.003942141217645023
MCK,2015-05,368410917.78999996,2015-05-29,231553531.0,237.22999572753906,54931443169.826584,0.0067067401934265075,353,-0.031271369763124945,-0.10922219956777479
LMT,2015-05,920184173.26,2015-05-29,314760542.0,188.1999969482422,59237933043.82706,0.015533698189286984,353,0.008118592695524729,0.14317916645414608
CACI,2015-05,28763490.479999997,2015-05-29,,85.62000274658203,,,353,-0.022607636212383042,-0.0346838369834217
LDOS,2015-05,13007672.83,2015-05-29,74390525.0,42.5,3161597312.5,0.004114272484535457,353,-0.026347332667910672,0.04922626765961979
HON,2015-05,26682898.67,2015-05-29,781707489.0,98.19580078125,76760392859.05518,0.00034761284662774243,353,-0.00019426844518255493,0.014960147170540172
UNH,2015-06,25340406.0,2015-06-30,951904261.0,122.0,116132319842.0,0.00021820287439772195,375,-0.03594751737003843,0.021658873500600917
BAH,2015-06,30290731.88,2015-06-30,,25.239999771118164,,,375,0.07767835229625475,0.12839706083510394
LDOS,2015-06,123698908.99,2015-06-30,74390525.0,40.369998931884766,3003145414.792347,0.04118978334539061,375,-0.013113449811064326,0.1096388940008215
RTX,2015-06,265037283.96,2015-06-30,890201794.0,69.81120300292969,62146058154.506195,0.004264748108416949,375,-0.11609358850845097,-0.12032624755564891
SAIC,2015-06,88668999.66,2015-06-30,,52.849998474121094,,,375,-0.0016516856068731212,-0.1593650278809411
TXT,2015-06,15793767.08,2015-06-30,277644419.0,44.630001068115234,12391270716.526234,0.0012745881710852995,375,-0.03422683467389753,-0.07953026257794904
CACI,2015-06,43205789.0,2015-06-30,,80.88999938964844,,,375,-0.00770171354175786,-0.002190683835534002
GD,2015-06,674785773.1800001,2015-06-30,328732777.0,141.69000244140625,46578147975.70026,0.014487174834259934,375,0.03648113688334975,0.03832805646273274
GE,2015-06,150042346.68,2015-06-30,10075929000.0,127.3350601196289,1283019024976.1123,0.0001169447558915142,375,-0.041080219943643526,0.014382641935564378
OSK,2015-06,765980660.74,2015-06-30,,42.380001068115234,,,375,-0.17350677713868257,-0.07308097063230046
MCK,2015-06,390510063.38,2015-06-30,231553531.0,224.80999755859375,52055548738.79376,0.007501795156161271,375,-0.05728297040261421,-0.0955675001730133
HII,2015-06,589529378.0,2015-06-30,48635697.0,112.58999633789062,5475892947.120758,0.10765904003108323,375,0.01156095222246778,0.02065812323126759
NOC,2015-06,384020985.84000003,2015-06-30,193784684.0,158.6300048828125,30740065369.134277,0.012492523396700086,375,0.08163675062648812,0.11743403429197641
ACN,2015-06,83398769.78,2015-06-30,691038145.0,96.77999877929688,66878670829.54758,0.0012470159580856039,375,0.03661228121264726,0.079519691729943
LMT,2015-06,1971674456.24,2015-06-30,314760542.0,185.89999389648438,58513982836.65411,0.033695782796807176,375,0.08650716885994991,0.17852473871307373
HON,2015-06,11794996.0,2015-06-30,781707489.0,96.09429168701172,75117627461.88751,0.0001570203479334386,375,0.009297271147560071,-0.006850908837502612
BA,2015-06,979174269.0699999,2015-06-30,691517301.0,138.72000122070312,95927280838.85733,0.01020746403429133,375,0.0067816475799313825,0.01542978430289299
CACI,2015-07,61520420.17,2015-07-31,,82.12999725341797,,,397,0.01577757793855683,0.17165425246211619
LDOS,2015-07,73982000.0,2015-07-31,74390525.0,40.79999923706055,3035133363.2445335,0.024375205681543374,397,0.09232229060194763,0.29172132393414396
RTX,2015-07,57424372.91,2015-07-31,890597745.0,63.12775421142578,56221435547.610054,0.0010213964184776331,397,-0.01981526673641565,-0.0033351040785010166
MCK,2015-07,360294073.17,2015-07-31,232403216.0,220.57000732421875,51261179055.29199,0.0070285951242240255,397,-0.04201742155097976,-0.15163062788165915
GE,2015-07,14699370.0,2015-07-31,10096429000.0,125.0826187133789,1262887778973.7014,1.163949025775322e-05,397,0.011907724258645502,0.13697402702955486
HII,2015-07,80851652.0,2015-07-31,48635697.0,117.41000366210938,5710317362.879242,0.014158871891357222,397,0.023483421047257313,-0.02408922779013023
ACN,2015-07,13667944.0,2015-07-31,691038145.0,103.11000061035156,71252943552.72621,0.00019182286820032784,397,-0.024783816010688797,0.060964462470674996
GD,2015-07,347784025.2,2015-07-31,322727167.0,149.11000061035156,48121848068.34703,0.007227154383307254,397,0.01346836442553978,0.013501311933101667
TXT,2015-07,26950000.0,2015-07-31,276421869.0,43.70000076293945,12079635886.19315,0.002231027512245089,397,-0.05117861359709719,-0.03954062974635597
BAH,2015-07,157760390.01,2015-07-31,,27.729999542236328,,,397,0.028445354465102102,0.08260186219129062
HON,2015-07,29284692.4,2015-07-31,781762407.0,98.99681854248047,77391991149.11176,0.00037839435276418917,397,0.010556600856053255,-0.012510484842119252
OSK,2015-07,47282849.120000005,2015-07-31,,36.540000915527344,,,397,0.21670873153729242,0.06590933862894077
HUM,2015-07,248210300.0,2015-07-31,148143674.0,182.08999633789062,26975481056.141663,0.009201329884846985,397,0.06479399657096874,-0.003981724167975043
NOC,2015-07,296957544.74,2015-07-31,187392516.0,173.00999450683594,32420778163.782166,0.009159482330739878,397,0.011994969964387425,0.1067520264454137
LMT,2015-07,2802956621.27,2015-07-31,310534530.0,207.10000610351562,64311703058.352356,0.043583927776360935,397,0.03950974824719955,0.06436574273300588
BA,2015-07,763717049.29,2015-07-31,679495119.0,144.1699981689453,97962810062.03728,0.007795989608774575,397,-0.026837074571984254,0.030167263916166864
SAIC,2015-07,97210663.4,2015-07-31,,53.68000030517578,,,397,-0.03051822940155935,-0.14289102222243888
UNH,2015-07,270080090.0,2015-07-31,953562580.0,121.4000015258789,115762498667.02103,0.0023330533904322307,397,0.013997630710523845,-0.006880102180155112
LDOS,2015-08,36774948.0,2015-08-31,72063425.0,42.08000183105469,3032429055.952072,0.01212722451917478,418,0.0072179954027496995,0.32515325975386955
HII,2015-08,42224240.0,2015-08-31,47819330.0,112.58000183105469,5383500258.959808,0.007843268871349233,418,-0.0227167140939315,0.10603411348399527
SAIC,2015-08,56214193.14,2015-08-31,,48.77000045776367,,,418,-0.15000189579040368,-0.023616000121721603
HUM,2015-08,119000000.0,2015-08-31,148143674.0,182.7899932861328,27079181175.84305,0.00439451987958034,418,0.006351953290356982,-0.13705958112331962
GE,2015-08,13085000.0,2015-08-31,10096429000.0,118.94829559326172,1200953021128.38,1.0895513621095455e-05,418,0.050725678183664025,0.15584296205294357
LMT,2015-08,2076414310.74,2015-08-31,310534530.0,201.17999267578125,62473334470.97717,0.03323680940553327,418,0.05598614951170644,0.03615398620465449
RTX,2015-08,76278018.96000001,2015-08-31,890597745.0,57.652610778808594,51345285152.96963,0.0014855895479545967,418,-0.0030836158211323683,-0.005994918876032207
MCK,2015-08,570916188.56,2015-08-31,232403216.0,197.5800018310547,45918227842.823,0.012433323657747256,418,-0.03800241233899104,-0.10147395600385489
GD,2015-08,457019526.25,2015-08-31,322727167.0,142.02999877929688,45836939135.05594,0.009970550714641261,418,-0.0032106763974152353,-0.024964296519007778
BAH,2015-08,109608469.69,2015-08-31,,26.700000762939453,,,418,0.00716360503355884,0.08438997453540953
OSK,2015-08,114669605.25,2015-08-31,,42.04999923706055,,,418,-0.11051255994845222,-0.013443415376665824
NOC,2015-08,256213010.15,2015-08-31,187392516.0,163.74000549316406,30683651599.217834,0.008350147286789398,418,0.03901261811575085,0.08177130930494436
HON,2015-08,61045389.989999995,2015-08-31,781762407.0,93.54987335205078,73133774166.24438,0.0008347085964855906,418,-0.020620940551170808,-0.008006570365843402
UNH,2015-08,170462149.0,2015-08-31,953562580.0,115.69999694824219,110327187595.95795,0.0015450602223657627,418,0.0325324576149153,-0.08286673723397764
TXT,2015-08,609119988.6500001,2015-08-31,276421869.0,38.79999923706055,10725168306.30685,0.0567935132814477,418,-0.003898573165928343,0.03905096133694275
BA,2015-08,1430923205.0,2015-08-31,679495119.0,130.67999267578125,88796417174.14911,0.016114650236322577,418,0.027582319323472992,0.0586683149782421
TXT,2015-09,89749335.47999999,2015-09-30,276421869.0,37.63999938964844,10404518980.44548,0.008625995651377751,439,0.02156136863167002,0.04731887319313799
HUM,2015-09,273600000.0,2015-09-30,148143674.0,179.0,26517717646.0,0.010317630033340013,439,-0.0809850526549305,-0.07938934397717401
ACN,2015-09,91411739.62,2015-09-30,691038145.0,98.26000213623047,67901409603.91674,0.0013462421495109452,439,0.020663478416372616,0.007902516481249844
BAH,2015-09,234489774.34,2015-09-30,,26.209999084472656,,,439,0.04721449687538959,0.1002082084565068
UNH,2015-09,173232360.0,2015-09-30,953562580.0,116.01000213623047,110622796942.82944,0.0015659734230868126,439,-0.057862614572372184,-0.051506795959259
LMT,2015-09,1548846692.63,2015-09-30,310534530.0,207.30999755859375,64376912656.15906,0.024059039626558094,439,-0.0369849932148163,-0.01296568265766318
CACI,2015-09,127383884.88,2015-09-30,,73.97000122070312,,,439,0.2080671347857026,0.1972024401521748
HII,2015-09,12511359.0,2015-09-30,47819330.0,107.1500015258789,5123841282.466507,0.0024417928484266596,439,-0.027506881904223013,0.11468147111873317
MCK,2015-09,888301932.23,2015-09-30,232403216.0,185.02999877929688,43001566772.78467,0.020657431784373934,439,-0.0831625374899787,-0.005333737404134453
MSFT,2015-09,20836494.47,2015-09-30,7997980969.0,44.2599983215332,353990624263.5945,5.8861712830236926e-05,439,0.11584671262258972,0.19981155814509854
GE,2015-09,178403666.54,2015-09-30,10096429000.0,120.86527252197266,1220307642583.7478,0.00014619564797796998,439,0.07360618895741045,0.15935637262165891
BA,2015-09,1140019627.67,2015-09-30,679495119.0,130.9499969482422,88979883759.39546,0.012812105157977625,439,0.034184071498539303,0.04395491579954536
NOC,2015-09,1069410218.96,2015-09-30,187392516.0,165.9499969482422,31097787458.323425,0.034388627177840234,439,0.05558881135654703,0.06928161312166337
SAIC,2015-09,188254414.77999997,2015-09-30,,40.209999084472656,,,439,0.05077166457790416,0.08255537877648966
OSK,2015-09,93241742.13,2015-09-30,,36.33000183105469,,,439,-0.025070984539593333,0.004552927177146726
LHX,2015-09,41443524.46,2015-09-30,124070999.0,73.1500015258789,9075793766.16732,0.004566380145667575,439,-0.0047255071824263695,0.121656961742034
HON,2015-09,160903918.75,2015-09-30,781762407.0,89.23377990722656,69759614565.98167,0.002306548276550612,439,-0.002629398683316131,0.028572753527457362
LDOS,2015-09,664952066.68,2015-09-30,72063425.0,41.310001373291016,2976940185.714054,0.22336762756303194,439,0.18327600608064953,0.32225665827456473
GD,2015-09,849312990.22,2015-09-30,322727167.0,137.9499969482422,44520211702.76485,0.019077020475337384,439,0.0027360848851092356,-0.06654564159390342
RTX,2015-09,472882795.0,2015-09-30,890597745.0,56.00377655029297,49876837107.1748,0.0094810100725488,439,0.023290017326099477,0.014905728143170371
GD,2015-10,268638132.34000003,2015-10-30,316128160.0,148.5800018310547,46970322591.64795,0.005719316315442297,461,-0.01982167274165625,-0.01656872985443192
LMT,2015-10,1949399678.92,2015-10-30,307295494.0,219.8300018310547,67552769008.694855,0.028857435565211084,461,-0.004168717722684567,0.04439638112344402
HII,2015-10,20289256.0,2015-10-30,47819330.0,119.94000244140625,5735450556.946411,0.0035375173752351416,461,0.10610199936431841,0.12260406099254806
CACI,2015-10,12598942.04,2015-10-30,,97.04000091552734,,,461,0.05138664823013572,-0.08578950907616478
RTX,2015-10,190003817.41,2015-10-30,887020937.0,61.93203353881836,54935010419.91809,0.003458701763367815,461,-0.024251321589128128,-0.04637009629771849
MCK,2015-10,248495900.89000002,2015-10-30,230109093.0,178.8000030517578,41143506530.63722,0.006039735594849197,461,0.05798670813327056,-0.05180928941055929
UNH,2015-10,454523501.02,2015-10-30,953562580.0,117.77999877929688,112310599508.38318,0.004047022302521616,461,-0.026131409935302496,0.05108186989039065
TXT,2015-10,10434527.98,2015-10-30,273670398.0,42.16999816894531,11540680182.554535,0.000904151905688657,461,-0.0001827793803179656,-0.16647339602257938
HON,2015-10,754036625.98,2015-10-30,770691419.0,97.32881164550781,75010479956.66014,0.010052417027802919,461,0.0010595604657406277,0.060315759778897915
HUM,2015-10,607658891.4000001,2015-10-30,148143674.0,178.6300048828125,26462905209.977783,0.022962667423638866,461,-0.04166451318588438,0.015706018831782687
OSK,2015-10,47142262.0,2015-10-30,,41.09000015258789,,,461,0.052936977640456684,-0.16992724230135892
GE,2015-10,141949060.8,2015-10-30,10096429000.0,138.5972900390625,1399337698471.8018,0.00010144017484487177,461,0.029997017146155436,0.06380940545016744
NOC,2015-10,480930719.16,2015-10-30,182383040.0,187.75,34242415760.0,0.01404488288825099,461,-0.011306099695263416,0.08263366164591912
LDOS,2015-10,118145572.41,2015-10-30,72093161.0,52.56999969482422,3789937451.7689133,0.03117348872205181,461,0.10927747590523462,-0.07159017657884315
BA,2015-10,3282331469.86,2015-10-30,669983631.0,148.07000732421875,99204481149.27667,0.033086524235946095,461,-0.009285537723609405,-0.12139582852489395
ACN,2015-10,11201326.88,2015-10-30,713340470.0,107.19999694824219,76470096207.05765,0.00014647983245202453,461,-0.0045503293674602485,0.048488553491826125
UNH,2015-11,426133589.32,2015-11-30,953108435.0,112.70999908447266,107424850836.25317,0.00396680643261541,481,0.06700673811334801,0.12135178484123677
BA,2015-11,1224779277.8799999,2015-11-30,669983631.0,145.4499969482422,97449117084.32222,0.012568397893438117,481,0.01395275578905697,-0.12901098562380087
CACI,2015-11,23231159.810000002,2015-11-30,,100.26000213623047,,,481,-0.049599495024820084,0.030484045345423816
GD,2015-11,285668277.02,2015-11-30,316128160.0,146.4600067138672,46300132436.04248,0.006169923539951273,481,-0.04180754954653976,-0.028476480672194215
ACN,2015-11,10841886.0,2015-11-30,713340470.0,107.22000122070312,76484366064.17694,0.00014175296937027273,481,-0.005331812926300916,-0.0017719030421697868
OSK,2015-11,11081848.8,2015-11-30,,43.86000061035156,,,481,-0.09752670661371088,-0.14857793863067792
HON,2015-11,100555450.09,2015-11-30,770691419.0,97.960205078125,75497089457.19116,0.001331911611599512,481,0.012258066545902113,0.07102022881099213
LDOS,2015-11,34928631.83,2015-11-30,72093161.0,57.93000030517578,4176356838.7310867,0.00836342132120407,481,0.0010099636806599754,-0.17181597290416928
MCK,2015-11,187762154.06,2015-11-30,230109093.0,189.35000610351562,43571158164.024445,0.004309322083043234,481,0.05694277155469274,-0.11965181017150806
LMT,2015-11,2349430944.86,2015-11-30,307295494.0,219.16000366210938,67346881590.38971,0.034885519409042096,481,0.010272671022357627,0.039301918729854
SAIC,2015-11,77262166.88,2015-11-30,,50.2400016784668,,,481,-0.06808551364820647,-0.05180923842272711
RTX,2015-11,327947872.0,2015-11-30,887020937.0,60.44682312011719,53617597682.67961,0.006116422334713045,481,0.01620179108474218,0.042758666547546675
NOC,2015-11,434458132.93,2015-11-30,182383040.0,186.36000061035156,33988903445.717773,0.012782352146895664,481,0.027313823034541662,0.0824904824474707
HII,2015-11,885055211.0,2015-11-30,46975996.0,130.9199981689453,6150097310.304382,0.14390913937525918,481,-0.01770077345820853,0.04875376620372196
BAH,2015-11,20876333.73,2015-11-30,,30.450000762939453,,,481,0.019503397818925072,-0.03855299292812475
HUM,2015-12,589554352.21,2015-12-31,148223927.0,178.50999450683594,26459452394.55165,0.0222814268193773,503,0.002041889308383782,0.023746660730542768
GD,2015-12,446775355.94,2015-12-31,316128160.0,137.36000061035156,43423364250.54932,0.010288824084705694,503,0.044454760282171324,-0.053151460064227996
RTX,2015-12,183463523.0,2015-12-31,887020937.0,60.459407806396484,53628760562.89493,0.0034209912941179574,503,-0.043608204976332776,0.034607503526564276
BA,2015-12,981399553.99,2015-12-31,669983631.0,144.58999633789062,96872930752.73666,0.010130792434627311,503,-0.1199704381939829,-0.1350252868908003
LMT,2015-12,6865440208.8,2015-12-31,307295494.0,217.14999389648438,66729214646.51715,0.10288507432865963,503,0.03639431940301496,0.023050258175831173
HON,2015-12,30429068.9,2015-12-31,770691419.0,97.60209655761719,75221098293.365,0.0004045283782127925,503,0.03915185570687896,0.07599568550430802
NOC,2015-12,609206716.26,2015-12-31,182383040.0,188.80999755859375,34435741337.12891,0.017691116630706834,503,0.059992697529417494,0.05312818935523311
SAIC,2015-12,25612711.01,2015-12-31,,45.779998779296875,,,503,-0.03326399510226263,0.16262645680795007
TXT,2015-12,36177634.0,2015-12-31,273670398.0,42.0099983215332,11496892960.633324,0.003146731392896877,503,-0.1767409231204582,-0.14513491009562274
LDOS,2015-12,104989648.83,2015-12-31,72093161.0,56.2599983215332,4055961116.854023,0.025885270051956136,503,-0.14444725940074965,-0.09068427908123788
HII,2015-12,220589558.0,2015-12-31,46975996.0,126.8499984741211,5958905020.920319,0.03701847188796629,503,0.049353290209010914,0.07432697927245258
ACN,2015-12,14263751.17,2015-12-31,682333149.0,104.5,71303814070.5,0.000200041910183052,503,0.06074105875041402,0.08837060901971694
MCK,2015-12,316330907.14,2015-12-31,230109093.0,197.22999572753906,45384415429.25789,0.006970033747224857,503,-0.1468669617195677,-0.2132839593522835
GE,2015-12,295094941.58,2015-12-31,10109239000.0,149.284423828125,1509151919455.8105,0.0001955369355302607,503,-0.02617071951565675,-0.006298502436088871
CACI,2015-12,16973090.0,2015-12-31,,92.77999877929688,,,503,-0.060257393694814754,0.11018266287507883
NOC,2016-01,565849666.28,2016-01-29,182383040.0,185.05999755859375,33751804937.128906,0.016765019451079284,522,0.029428545879076173,0.04868265989989773
MCK,2016-01,286747574.53,2016-01-29,228586974.0,160.97999572753906,36797930097.89108,0.007792491962650739,522,-0.047802001161940555,-0.02621518091923436
TXT,2016-01,35241712.0,2016-01-29,273670398.0,34.220001220703125,9365001353.63031,0.0037631294080207123,522,-0.014478968294256989,0.060442076801064504
ACN,2016-01,26045282.66,2016-01-29,682333149.0,105.54000091552734,72013441170.15466,0.000361672518862968,522,-0.0424639259823506,0.009727907778135592
LMT,2016-01,1650065820.3799999,2016-01-29,307295494.0,211.0,64839349234.0,0.025448525314852328,522,0.018941012253594902,0.03906088398543428
LDOS,2016-01,104258314.0,2016-01-29,72093161.0,46.119998931884766,3324936508.3161964,0.03135648266943845,522,-0.06038882654596167,0.012535645370219006
GD,2016-01,3575839417.66,2016-01-29,316128160.0,133.77000427246094,42288465313.845215,0.08455826881211677,522,0.010754403437798876,-0.013989895117366702
BAH,2016-01,19981728.95,2016-01-29,,28.290000915527344,,,522,-0.041627454338237446,-0.090619641636562
UNH,2016-01,402421547.32,2016-01-29,953108435.0,115.16000366210938,109759970864.98734,0.0036663780442781593,522,0.03386902393744906,0.0775845194058058
HON,2016-01,112444265.01,2016-01-29,770691419.0,97.25341796875,74952374696.93604,0.0015002095058983713,522,0.009047961941758498,0.04298045741929113
RTX,2016-01,70261846.0,2016-01-29,887020937.0,55.18564987182617,48950826858.261185,0.0014353556519779657,522,0.06935251366814987,0.12850245786119396
BA,2016-01,3084901759.06,2016-01-29,669983631.0,120.12999725341797,80485131751.86499,0.03832884027040829,522,-0.014835488992227308,0.061914894111691376
HII,2016-01,10000000.0,2016-01-29,46975996.0,127.87999725341797,6007290239.4565735,0.0016646440577015656,522,0.015890747406978933,0.0657684402991876
KTOS,2016-01,33896076.0,2016-01-29,,3.190000057220459,,,522,0.08705669576269259,0.5939897998376269
SAIC,2016-01,39473833.31,2016-01-29,,42.619998931884766,,,522,0.03599695465354169,0.18253613180990502
MCK,2016-02,335559757.5,2016-02-29,228586974.0,155.6199951171875,35572703777.732666,0.009433068669636781,542,-0.056304266619660925,0.07272572292657564
HON,2016-02,58833234.14,2016-02-29,769322910.0,95.51001739501953,73478044516.48705,0.000800691342933044,542,0.03689571596772345,0.04216903888613266
LDOS,2016-02,61845215.41,2016-02-29,72093161.0,43.220001220703125,3115866506.424347,0.01984848044115063,542,0.09362427681164598,0.07217579732497637
ACN,2016-02,192365897.45,2016-02-29,682333149.0,100.26000213623047,68410722976.36086,0.0028119260998962325,542,0.0808450096244544,0.1060570366868876
KTOS,2016-02,11253400.0,2016-02-29,,3.3399999141693115,,,542,0.42115522630947533,0.16570791767068038
NOC,2016-02,1412070048.0900002,2016-02-29,180943220.0,192.22000122070312,34780905969.277954,0.04059900134106008,542,-0.03599505439990791,0.023715783941324453
GE,2016-02,102023894.64,2016-02-29,9330607330.0,139.65162658691406,1303034490678.2832,7.829715588487021e-05,542,0.0224506519340395,-0.05814589244609336
SAIC,2016-02,74070574.28,2016-02-29,,44.650001525878906,,,542,0.10057437602962827,0.13884450813419047
TXT,2016-02,138587646.9,2016-02-29,271171585.0,34.150001525878906,9260510041.525002,0.014965444265873037,542,-0.00566480078985232,0.02867796661156663
HUM,2016-02,522487857.2,2016-02-29,148303389.0,176.97000122070312,26245250932.36441,0.01990790099688826,542,-0.023450809398697592,-0.10846990541628121
LMT,2016-02,2109954604.08,2016-02-29,305487347.0,215.7899932861328,65921112558.128525,0.032007266294534466,542,-0.03663575401372676,0.02848504558392695
BA,2016-02,771737249.8199999,2016-02-29,662503822.0,118.18000030517578,78294701886.14012,0.009856825956656646,542,0.01813861044972187,0.010558371420664958
GD,2016-02,567110528.02,2016-02-29,311161810.0,136.27000427246094,42402021178.12668,0.013374610744087528,542,-0.1031788374523096,-0.03529922384469275
LHX,2016-02,13070817.0,2016-02-29,124654177.0,78.0199966430664,9725518471.084206,0.0013439712277409164,542,-0.05461943978000061,-0.06078420511164917
HII,2016-02,328394507.21000004,2016-02-29,46814808.0,131.05999755859375,6135548622.186035,0.05352325071999777,542,-0.009407925603507561,0.09674993249579034
BAH,2016-02,69656558.0,2016-02-29,,27.600000381469727,,,542,0.019267827897285095,-0.03090727812416527
CACI,2016-02,28470825.42,2016-02-29,,96.62000274658203,,,542,0.02928846980841615,-0.0685935043677457
LHX,2016-03,95851451.36,2016-03-31,124654177.0,77.86000061035156,9705574297.302872,0.009875917531911183,564,0.023673021958040996,0.05020312322373455
MCK,2016-03,436685379.68,2016-03-31,228586974.0,157.25,35945301661.5,0.012148608009811792,564,0.0632765024917703,0.15690703560275798
GD,2016-03,1963956252.63,2016-03-31,311161810.0,131.3699951171875,40877325460.355225,0.04804512600842094,564,0.07195879505391711,0.033609304346209345
BAH,2016-03,106949063.91,2016-03-31,,30.280000686645508,,,564,-0.09343955535897674,-0.05875595574618864
HUM,2016-03,872451208.76,2016-03-31,148303389.0,182.9499969482422,27132104564.963974,0.03215567766485049,564,-0.036080891165913176,-0.005302341730488491
HII,2016-03,1549582369.0,2016-03-31,46814808.0,136.94000244140625,6410819921.813965,0.24171360105238146,564,0.053237351981906045,0.1940893404549695
OSK,2016-03,674532663.15,2016-03-31,,40.869998931884766,,,564,0.1913121999382228,0.13000278978635205
LMT,2016-03,6312797657.0,2016-03-31,305487347.0,221.5,67665447360.5,0.09329425730930914,564,0.04517834579800062,0.09874417350586917
NOC,2016-03,994526684.96,2016-03-31,180943220.0,197.89999389648438,35808662133.61023,0.02777335498458992,564,0.038302293050205494,0.0915822728163691
ACN,2016-03,67484136.89,2016-03-31,679165137.0,115.4000015258789,78375657846.12375,0.0008610343918578999,564,-0.01593067318581398,-0.03291555560144577
BA,2016-03,4900169876.7300005,2016-03-31,662503822.0,126.94000244140625,84098236782.12097,0.058267213014527336,564,0.057978094122011825,-0.002222467891786817
SAIC,2016-03,142463979.57,2016-03-31,,53.34000015258789,,,564,-0.002664668297221562,0.05104074702277761
LDOS,2016-03,121476684.63,2016-03-31,72093161.0,50.31999969482422,3627727839.5189133,0.033485611380954496,564,-0.01805109796033888,-0.07454679591323587
TXT,2016-03,725564321.0,2016-03-31,271171585.0,36.459999084472656,9886915740.835,0.07338631581568657,564,0.056947814552645415,-0.04951616575707529
HON,2016-03,362369708.56,2016-03-31,769322910.0,105.59346771240234,81235473857.49641,0.004460732379005634,564,0.015871272912562517,0.01605192479731299
GE,2016-03,226769751.66,2016-03-31,9330607330.0,152.35157775878906,1421532748173.2222,0.0001595248171042253,564,-0.036655898052048275,-0.04250223515428353
CACI,2016-03,147528021.47,2016-03-31,,106.69999694824219,,,564,-0.1028164967926204,-0.17675571612838137
UNH,2016-03,1032564877.4,2016-03-31,950673998.0,128.89999389648438,122541872539.7464,0.008426220817419679,564,0.01762594831532871,0.08433574288528067
RTX,2016-03,139725515.72,2016-03-31,836432010.0,62.9955940246582,52691531331.18885,0.0026517641865780152,564,0.03871591212706105,-0.00041573332562738763
GE,2016-04,27008413.9,2016-04-29,9330607330.0,147.36744689941406,1375027780243.0586,1.9642085991328715e-05,585,-0.03392226848541846,-0.03741264871994732
MCK,2016-04,433363176.8,2016-04-29,228586974.0,167.82000732421875,38361467650.901,0.011296835166571671,585,0.07427699897833628,0.10332939809522879
CACI,2016-04,11017641.44,2016-04-29,,96.1500015258789,,,585,0.03103812471851719,-0.06629569415921899
GD,2016-04,307146220.95,2016-04-29,305646967.0,140.52000427246094,42949513108.70473,0.007151331847991301,585,-0.007404776778953792,-0.006470171728862217
TXT,2016-04,246167154.35,2016-04-29,268831736.0,38.68000030517578,10398411630.520935,0.02367353429512846,585,-0.03304112457422881,-0.048989556082745356
ACN,2016-04,59535203.76,2016-04-29,679165137.0,112.91999816894531,76691326026.45149,0.0007762964450434173,585,0.0365658789298966,-0.05874159094880349
NOC,2016-04,560654705.79,2016-04-29,180451623.0,206.25999450683594,37219950768.72963,0.01506328445391267,585,0.014065182385198494,-0.003058758604946421
HON,2016-04,74383886.15,2016-04-29,762115463.0,107.685546875,82068820415.04883,0.000906359879108977,585,-0.01567430588964802,-0.034437789430886934
HII,2016-04,44667508.0,2016-04-29,46814808.0,144.77000427246094,6777379954.174438,0.006590674907120654,585,0.04617652512599957,0.13827635461396337
BA,2016-04,3280260664.0,2016-04-29,637011143.0,134.8000030517578,85869104020.40373,0.03820070910744059,585,-0.07354773570374196,-0.05813659551581962
SAIC,2016-04,75227612.07,2016-04-29,,53.09000015258789,,,585,0.010865391893047915,0.09271135017783427
RTX,2016-04,1120732530.0,2016-04-29,836865684.0,65.68281555175781,54967694363.76764,0.02038893104344466,585,-0.04692580402433777,-0.019492034984210482
BAH,2016-04,46295403.2,2016-04-29,,27.56999969482422,,,585,0.04464969261793472,0.06803868390148926
OSK,2016-04,30413004.0,2016-04-29,,48.849998474121094,,,585,-0.07327648740976445,0.07467355261573028
LDOS,2016-04,166145198.21,2016-04-29,72672491.0,49.61000061035156,3605282322.8657684,0.04608382460265537,585,-0.021244530728098843,-0.043003683738756626
LMT,2016-04,1523986712.26,2016-04-29,304453019.0,232.3800048828125,70748794041.807,0.02154081540046383,585,0.006548157408779787,0.037285276338812956
BA,2016-05,692905356.97,2016-05-31,637011143.0,126.1500015258789,80358956661.45187,0.0086226275919581,606,0.016691463864195955,0.01622403659740912
HON,2016-05,87048136.64,2016-05-31,762115463.0,107.2708969116211,81752809266.22537,0.0010647724209272194,606,0.015567413833514676,-0.011375551185266009
CACI,2016-05,106731392.41,2016-05-31,,100.7699966430664,,,606,-0.10686711190003384,-0.06258644083609388
TXT,2016-05,19551288.59,2016-05-31,268831736.0,38.060001373291016,10231736241.344208,0.0019108475950540555,606,-0.06911729503246167,0.037292097805488256
OSK,2016-05,12960900.0,2016-05-31,,45.90999984741211,,,606,0.021359288666238596,0.13986738501335494
ACN,2016-05,66454507.82,2016-05-31,679165137.0,118.97000122070312,80800277177.949,0.0008224539585878541,606,-0.05057077680270039,-0.0806446856578863
NOC,2016-05,251134117.93,2016-05-31,180451623.0,212.6699981689453,38376646332.99321,0.0065439307997607575,606,0.03583263040726492,-0.03551381356726013
BAH,2016-05,91149519.89,2016-05-31,,29.270000457763672,,,606,-0.005095962798677189,0.006233690704462891
UNH,2016-05,87000000.0,2016-05-31,950804129.0,133.6699981689453,127093986182.45564,0.0006845327824961217,606,0.06606606641731583,-0.014405340489467067
MCK,2016-05,432351715.56,2016-05-31,225020523.0,183.13999938964844,41210258444.87837,0.010491361420077016,606,0.012643614515670532,-0.04034102366228409
SAIC,2016-05,10837770.0,2016-05-31,,54.56999969482422,,,606,0.04173522489421355,0.12852624171691662
LMT,2016-05,1858351894.51,2016-05-31,304453019.0,236.22999572753906,71920935377.60637,0.025838817094815274,606,0.04326296804434038,-0.011852289361142576
HII,2016-05,68802583.0,2016-05-31,47022393.0,153.41000366210938,7213705482.331146,0.009537758807664281,606,0.08199654976739845,0.0457677854773737
GD,2016-05,416792201.63,2016-05-31,305646967.0,141.8699951171875,43362133715.87317,0.009611893279076088,606,-0.028495221647588775,0.037316731775112855
RTX,2016-06,84154156.0,2016-06-30,836865684.0,64.53744506835938,54009173110.744995,0.001558145610328882,628,0.007196003580576038,-0.03853531953636469
MCK,2016-06,474074937.37,2016-06-30,225020523.0,186.64999389648438,42000079244.53372,0.011287477211884082,628,-0.0064664134090235414,-0.14775660245818012
TXT,2016-06,46337239.82,2016-06-30,268831736.0,36.560001373291016,9828488637.344208,0.004714584462552826,628,0.02210129459810295,0.05094646826600813
ACN,2016-06,11359176.33,2016-06-30,677825768.0,113.29000091552734,76790881877.28802,0.00014792350409716592,628,-0.03923122029344972,0.04370433966405307
GE,2016-06,205447148.19,2016-06-30,9195657000.0,150.86593627929688,1387311403008.2703,0.00014809014597912538,628,-0.04609537471469194,-0.08462364900527275
SAIC,2016-06,31466741.700000003,2016-06-30,,58.349998474121094,,,628,0.02252666292231198,0.16354984596269784
LMT,2016-06,1331718721.54,2016-06-30,304453019.0,248.1699981689453,75556105167.75987,0.017625560748309326,628,-0.008735461344629769,-0.04685193658732334
BAH,2016-06,65348108.089999996,2016-06-30,,29.639999389648438,,,628,0.002175033774895807,0.04822475592374209
HUM,2016-06,705425800.0,2016-06-30,149036654.0,179.8800048828125,26808714049.238037,0.02631330240996956,628,-0.0839774142280647,-0.05257060952027903
LDOS,2016-06,130145839.0,2016-06-30,72672491.0,47.869998931884766,3478832066.5474052,0.03741078514582174,628,0.020164044374681778,0.2133447721340478
NOC,2016-06,437798013.28,2016-06-30,180451623.0,222.27999877929688,40110786540.16214,0.010914720229722782,628,-0.06076045035312727,-0.06494632360266472
GD,2016-06,783955634.37,2016-06-30,305646967.0,139.24000549316406,42558285364.048935,0.01842075233210043,628,0.035128963941640334,0.08756656522124695
HON,2016-06,82300729.96000001,2016-06-30,762115463.0,109.61741638183594,83541128038.70668,0.0009851522464703617,628,-0.0393949150634213,-0.025978230826008808
UNH,2016-06,21111447.0,2016-06-30,950804129.0,141.1999969482422,134253540113.17607,0.0001572505796286861,628,-0.01925274256439602,-0.04587341053233007
CACI,2016-06,95425391.22,2016-06-30,,90.41000366210938,,,628,0.030420509433564114,0.0810494141529976
BA,2016-06,652014850.48,2016-06-30,637011143.0,129.8699951171875,82728634031.00403,0.007881368502175991,628,-0.009893748113419143,-0.012706941300747676
HII,2016-06,289505019.0,2016-06-30,47022393.0,168.02999877929688,7901172638.389618,0.03664076615582034,628,-0.007581339599249448,-0.11952591332152662
HII,2016-07,221268189.79,2016-07-29,47022393.0,172.5800018310547,8115124670.040573,0.027266147938167624,648,-0.03520358456946082,-0.061939455875716254
HON,2016-07,41468318.01,2016-07-29,760874673.0,109.62684631347656,83412290840.78773,0.0004971487725849921,648,0.0066920420661849,-0.04141440680565034
TXT,2016-07,17146510.65,2016-07-29,269463621.0,39.0,10509081219.0,0.0016315898880864858,648,0.05095492593558992,0.028346944927999718
GD,2016-07,570417005.09,2016-07-29,305278868.0,146.88999938964844,44842412734.192566,0.01272047979378804,648,0.03465895010219544,0.04037424079560259
LMT,2016-07,1012702309.17,2016-07-29,302905786.0,252.72999572753906,76553378001.62686,0.013228708328827485,648,-0.03906687783229068,0.0033017543380499115
MCK,2016-07,422781627.96,2016-07-29,225701955.0,194.55999755859375,43912571813.76984,0.009627803849726394,648,-0.06050181708465774,-0.16057065136421622
LDOS,2016-07,212142987.88,2016-07-29,72800585.0,50.0099983215332,3640757133.6566353,0.058268920472300714,648,0.08112373204427281,0.14041789505980817
LHX,2016-07,13720942.28,2016-07-29,124725874.0,86.62000274658203,10803755548.449844,0.001270015988279994,648,0.06355653571957087,0.046315568842078325
UNH,2016-07,304208850.0,2016-07-29,950804129.0,143.1999969482422,136155148371.17607,0.002234280918784565,648,-0.04712195910638928,0.00901156292864358
HUM,2016-07,67429642.0,2016-07-29,149036654.0,172.5500030517578,25716275102.523773,0.0026220609995489786,648,0.019672339092440705,0.024379887068462724
NOC,2016-07,511014045.6,2016-07-29,178574671.0,216.6300048828125,38684631850.676636,0.013209743020756235,648,-0.017852198330974067,0.057879487849087696
BA,2016-07,1121028169.67,2016-07-29,623825935.0,133.66000366210938,83380576756.6188,0.013444715943164931,648,-0.0031577058788689882,0.09431660990450885
BAH,2016-07,135545562.44,2016-07-29,,30.8799991607666,,,648,-0.01341705202050103,0.0035750845391049335
RTX,2016-07,1576248177.0,2016-07-29,836926949.0,67.74700927734375,56699297778.362,0.02780013578230839,648,0.003362376401636613,-0.05152557277428538
GE,2016-07,32986165.68,2016-07-29,9195657000.0,149.2364959716797,1372327628837.4482,2.4036654940732962e-05,648,0.0013533535554894893,-0.060195231201639054
SAIC,2016-07,13760037.0,2016-07-29,,60.7599983215332,,,648,0.043663289624852775,0.1392765891351545
GE,2016-08,17884700.0,2016-08-31,8961233000.0,149.7157440185547,1341637665918.625,1.3330499325057538e-05,671,-0.04451463535347944,-0.02660223272135509
TXT,2016-08,24219945.97,2016-08-31,269463621.0,40.849998474121094,11007588506.681145,0.002200295364902086,671,-0.02650759685303572,0.10843710633406123
HON,2016-08,54870806.7,2016-08-31,760874673.0,109.98494720458984,83684760739.21457,0.0006556845740527715,671,-0.0010861593207680542,-0.03165043235703191
CACI,2016-08,20389538.16,2016-08-31,,99.36000061035156,,,671,0.015441211669284138,0.28341286344125804
SAIC,2016-08,106246310.1,2016-08-31,,63.810001373291016,,,671,0.08707574632396087,0.2809349067332192
NOC,2016-08,464915877.43,2016-08-31,178574671.0,212.07000732421875,37870331786.88995,0.012276519784570405,671,0.008806727551228466,0.15828358437019796
LDOS,2016-08,194048047.92,2016-08-31,72800585.0,40.5099983215332,2949151576.1566353,0.06579792286325459,671,0.07650318634343045,0.25464390477577803
KTOS,2016-08,53713433.0,2016-08-31,,6.980000019073486,,,671,-0.012951996930290699,0.029788612677106086
BAH,2016-08,93507404.55,2016-08-31,,30.360000610351562,,,671,0.04111465695948335,0.23232088156056752
OSK,2016-08,11339935.0,2016-08-31,,53.93000030517578,,,671,0.038325239017726886,0.2832126046940626
HII,2016-08,251252510.0,2016-08-31,46788832.0,165.1699981689453,7728111295.76709,0.03251150253718761,671,-0.07119715186578457,0.06705509159552303
HUM,2016-08,239357080.0,2016-08-31,149067340.0,178.7100067138672,26639825332.218323,0.00898493428598124,671,-0.010242186876545212,0.17287463652596546
GD,2016-08,529434383.83,2016-08-31,305278868.0,152.22000122070312,46469549659.61487,0.011393146430470225,671,0.019256243071361645,0.13875911072442548
ACN,2016-08,45481805.370000005,2016-08-31,677825768.0,115.0,77949963320.0,0.0005834743652577257,671,0.06228973883225475,0.030402893262608366
RTX,2016-08,167292727.6,2016-08-31,836926949.0,66.97923278808594,56056724943.69353,0.002984347154922769,671,-0.04543956826828455,-0.0005593658599096774
LMT,2016-08,3480140556.88,2016-08-31,302905786.0,242.97000122070312,73597019194.17804,0.04728643354016843,671,-0.01343449969169741,0.08029937123307618
MCK,2016-08,508862655.35,2016-08-31,225701955.0,184.6199951171875,41669093830.03967,0.012211992356386588,671,-0.0968512412720226,-0.23844348262837622
BA,2016-08,3977524061.8599997,2016-08-31,623825935.0,129.4499969482422,80754265381.98433,0.04925466219085135,671,0.01763237704432763,0.15308404693011957
BA,2016-09,878126848.51,2016-09-30,623825935.0,131.74000549316406,82182832103.6782,0.010685040002055347,692,0.09848160083104696,0.15127955252020664
UNH,2016-09,258259228.0,2016-09-30,952391411.0,140.0,133334797540.0,0.0019369229395838929,692,0.026837432454665855,0.10817845868717102
LHX,2016-09,141638744.11,2016-09-30,124220236.0,91.61000061035156,11379815895.778015,0.012446488186381723,692,-0.008860727023029757,0.08471133101985084
SAIC,2016-09,131590916.25,2016-09-30,,69.37000274658203,,,692,0.015203970869733019,0.18844912418884552
HUM,2016-09,50094711.0,2016-09-30,149067340.0,176.88999938964844,26368521681.616516,0.0018997921690439249,692,-0.011386577270234177,0.11578922841271466
HII,2016-09,49631317.08,2016-09-30,46788832.0,153.4199981689453,7178342519.76709,0.006914035787973286,692,0.06909086190630154,0.16514681759282102
CACI,2016-09,85631004.92,2016-09-30,,100.9000015258789,,,692,-0.012890939133987978,0.19239631191628814
KTOS,2016-09,10654016.0,2016-09-30,,6.889999866485596,,,692,-0.16698807053889775,0.034503869322296765
GD,2016-09,787376978.56,2016-09-30,305278868.0,155.16000366210938,47367070276.844604,0.01662287690494781,692,-0.006317222465785366,0.07880538797853553
LDOS,2016-09,725722869.28,2016-09-30,72800585.0,43.279998779296875,3150809229.9320984,0.23032904130969545,692,-0.022173044120655017,0.1496569762869917
MCK,2016-09,655150174.72,2016-09-30,225701955.0,166.75,37635800996.25,0.017407632025296303,692,-0.2200244844875796,-0.19558663810913357
OSK,2016-09,468554016.75000006,2016-09-30,,56.0,,,692,-0.027305927042139078,0.11792726042469903
ACN,2016-09,148663339.41,2016-09-30,677825768.0,122.16999816894531,82809972835.42395,0.0017952347322399518,692,-0.021304346235687444,-0.0707972927879279
GE,2016-09,39135242.38,2016-09-30,8961233000.0,141.95199584960938,1272064909623.3826,3.0765130052669e-05,692,-0.00021860866619871633,0.035359028967594686
HON,2016-09,113700903.87,2016-09-30,760874673.0,109.87186431884766,83598718835.50357,0.0013600795018608865,692,-0.036917931655317315,-0.03466202340977631
BAH,2016-09,288956642.29,2016-09-30,,31.610000610351562,,,692,-0.0187275936274941,0.1069418001628013
MSFT,2016-09,22012685.0,2016-09-30,7792515573.0,57.599998474121094,448848885114.36487,4.904253019229681e-05,692,0.057614765827127545,0.04659078813813955
TXT,2016-09,147059488.27,2016-09-30,269463621.0,39.75,10711178934.75,0.013729533337632773,692,0.025638741915777086,0.18263159372746962
NOC,2016-09,1544099175.19,2016-09-30,178574671.0,213.9499969482422,38206050315.48335,0.04041504323110415,692,0.08768090097703363,0.051493426372130724
LMT,2016-09,3331200230.1400003,2016-09-30,302905786.0,239.72000122070312,72612575389.67804,0.04587635423014529,692,0.04511950166805634,0.010301516454318538
AVAV,2016-09,22203286.54,2016-09-30,,24.40999984741211,,,692,0.00013097279610529977,0.05962321595596909
RTX,2016-09,213031608.19,2016-09-30,836926949.0,63.9395866394043,53512763166.437805,0.0039809495078289925,692,0.02324234989671936,0.046074144971023356
BA,2016-10,1536211285.86,2016-10-31,617165902.0,142.42999267578125,87902934901.60193,0.017476222922245162,713,0.02835956274225282,0.08285989292376872
MCK,2016-10,674324247.86,2016-10-31,226086960.0,127.16999816894531,28751478289.222412,0.023453550494924386,713,0.09622700951126473,0.026070352964820742
SAIC,2016-10,59000418.0,2016-10-31,,68.91000366210938,,,713,0.16139069043033594,0.0994754350865712
GE,2016-10,130285322.47,2016-10-31,8961233000.0,139.45993041992188,1249732930656.7078,0.00010425053167282538,713,0.02020590881058104,-0.04925946026185479
HUM,2016-10,630247083.0799999,2016-10-31,149067340.0,171.52999877929688,25569520648.233032,0.024648373027812424,713,0.20282809366557508,0.08155856755575996
LDOS,2016-10,39002432.86,2016-10-31,72800585.0,41.56999969482422,3026320296.2330246,0.01288774123100843,713,0.1948187128071781,0.0923637427439934
HII,2016-10,166856202.0,2016-10-31,46788832.0,161.36000061035156,7549845960.077637,0.02210061011606178,713,0.07478024551038676,0.12165136339648863
NOC,2016-10,686386817.3,2016-10-31,176261947.0,229.0,40363985863.0,0.017004931565224396,713,0.053335964985060214,-0.07438363741720488
UNH,2016-10,446248953.56,2016-10-31,952391411.0,141.3300018310547,134601479860.51076,0.003315334675535912,713,0.08783649763902202,0.07864793687690841
HON,2016-10,112406965.0,2016-10-31,762124709.0,103.91075897216797,79192956943.63266,0.001419406085316503,713,0.008144601721600031,0.005006536336281675
LMT,2016-10,2117761560.44,2016-10-31,292977354.0,246.3800048828125,72183761909.07349,0.029338475918000026,713,0.04716942631784349,-0.05184958526427286
GD,2016-10,733631420.03,2016-10-31,304519550.0,150.74000549316406,45903278639.77585,0.0159821137349936,713,0.12642252096078788,0.12893853745639272
CACI,2016-10,25028813.04,2016-10-31,,97.8499984741211,,,713,0.2855936160039252,0.18236822804214237
TXT,2016-10,34977089.81,2016-10-31,270208112.0,40.08000183105469,10829941623.72583,0.0032296655905673126,713,0.11161467200418485,0.09818049999339995
TXT,2016-11,33963736.79,2016-11-30,270208112.0,46.029998779296875,12437679065.516113,0.0027307133920319274,734,0.03513585040254208,-0.04369540826336493
HUM,2016-11,260410662.07,2016-11-30,149101179.0,212.63999938964844,31704874611.555862,0.00821358435447289,734,-0.06076198012036638,-0.08054065519633391
GE,2016-11,139673576.0,2016-11-30,8846390000.0,147.41537475585938,1304093897086.4868,0.00010710392580783386,734,0.014768303362620916,-0.09380314197184614
HII,2016-11,117418513.0,2016-11-30,46366081.0,178.75999450683594,8288400384.86351,0.014166607252037765,734,0.010104652200093156,0.13923466648646166
BA,2016-11,1588435858.24,2016-11-30,617165902.0,150.55999755859375,92920496698.36731,0.017094569171280702,734,0.013735123655692849,0.13218958480678977
RTX,2016-11,384946187.68,2016-11-30,823405687.0,67.79106140136719,55819545485.65193,0.0068962615931537465,734,-0.0026329007184817677,-0.03913966954811743
HON,2016-11,107206739.4,2016-11-30,762124709.0,107.9466781616211,82268830681.44214,0.0013031270593248296,734,-0.003508093912523824,0.025391451583741453
LDOS,2016-11,18269669.0,2016-11-30,150363756.0,51.20000076293945,7698624421.918442,0.002373108233203995,734,-0.015048003749484229,-0.03288856332787082
MCK,2016-11,270905519.55,2016-11-30,226086960.0,143.80999755859375,32513565165.629883,0.008332076724590463,734,-0.04363556166736249,-0.02562720971323662
UNH,2016-11,280272492.7,2016-11-30,951816220.0,158.32000732421875,150691550921.7102,0.0018599084751978684,734,-0.009406832113425745,-0.025829677127214623
NOC,2016-11,155184324.73000002,2016-11-30,176261947.0,249.64999389648438,44003793992.73245,0.0035266123815512326,734,-0.08527613287029057,-0.10804490438204561
GD,2016-11,318225887.0,2016-11-30,304519550.0,175.35000610351562,53397504951.13983,0.005959564726688735,734,-0.035611953789117856,-0.0019924206577353054
CACI,2016-11,45783065.53,2016-11-30,,129.39999389648438,,,734,-0.05968379119654088,-0.11953334545058403
ACN,2016-11,26108336.92,2016-11-30,692389966.0,119.43000030517578,82692133850.68065,0.0003157293892928741,734,-0.03952953831312067,-0.0529845858270217
BAH,2016-11,22206666.14,2016-11-30,,37.810001373291016,,,734,-0.06629093428487598,-0.1300871223524107
LMT,2016-11,4246924922.73,2016-11-30,292977354.0,265.25,77712243148.5,0.05464936734118676,734,-0.07799047752576216,-0.07181810155007762
LDOS,2016-12,68092316.85000001,2016-12-30,150363756.0,51.13999938964844,7689602390.065247,0.008855115439775326,755,-0.07363600018352512,-0.06288079710305905
RTX,2016-12,170825119.93,2016-12-30,823405687.0,68.98678588867188,56804111828.58377,0.0030072668057110783,755,-0.031434060746122205,-0.030220643675347825
GD,2016-12,327988190.52,2016-12-30,304519550.0,172.66000366210938,52578346618.1839,0.006238084907876644,755,0.03472726878577159,0.03468609725958394
KTOS,2016-12,17547044.0,2016-12-30,,7.400000095367432,,,755,0.09116188755176302,-0.015477812430311655
BAH,2016-12,51767002.14,2016-12-30,,36.06999969482422,,,755,-0.08455754900745482,-0.08002516815772709
BA,2016-12,1672466885.77,2016-12-30,617165902.0,155.67999267578125,96080383103.10193,0.01740695479924668,755,0.034952721532060416,0.08709040257680578
HUM,2016-12,752216382.61,2016-12-30,149101179.0,204.02999877929688,30421113369.361725,0.02472678673777884,755,-0.044107585163454255,-0.02576890046759095
HII,2016-12,1703841439.0,2016-12-30,46366081.0,184.19000244140625,8540168572.58844,0.19950911091718446,755,0.02839319850722255,0.04147239188463936
TXT,2016-12,53936178.87,2016-12-30,270208112.0,48.560001373291016,13121306289.794373,0.004110579974186796,755,-0.04856969623653962,-0.0907386497113084
SAIC,2016-12,29731999.58,2016-12-30,,84.80000305175781,,,755,-0.062099560730573766,-0.1928978262013199
NOC,2016-12,659917378.51,2016-12-30,176261947.0,232.5800018310547,40995003956.005264,0.016097507374757312,755,-0.03446413508827151,-0.031127543440259142
UNH,2016-12,597963734.51,2016-12-30,951816220.0,160.0399932861328,152328661458.4323,0.003925484073613903,755,-0.0016146383866821878,-0.018834321394088915
ACN,2016-12,11674020.21,2016-12-30,671300744.0,117.12999725341797,78629454300.93744,0.00014846879345391592,755,-0.05176466304747651,-0.05301539524384524
LMT,2016-12,3782005937.01,2016-12-30,292977354.0,249.94000244140625,73226760574.03674,0.05164786626312877,755,-0.014456600622276605,0.02501398824084622
MCK,2016-12,273194458.81,2016-12-30,226086960.0,140.4499969482422,31753912842.037354,0.008603489597298765,755,-0.02128794965345271,-0.01470813004411542
GE,2016-12,313079160.38,2016-12-30,8846390000.0,151.44102478027344,1339706367205.9631,0.00023369237322723568,755,-0.07874044810352465,-0.1042581866004465
OSK,2016-12,176145879.96,2016-12-30,,64.61000061035156,,,755,0.0570778056990795,-0.010762643906779168
HON,2016-12,200742188.37,2016-12-30,762124709.0,109.75621032714844,83647919856.5208,0.0023998467471077357,755,0.00026142384261751417,0.021582124519230028
HII,2017-01,109916629.0,2017-01-31,46366081.0,193.9600067138672,8993165382.05571,0.012222240371484708,775,0.08148975293128213,-0.016573430354486218
SAIC,2017-01,40893216.88,2017-01-31,,81.41999816894531,,,775,0.04405247705477078,-0.14970832447674887
LDOS,2017-01,193351016.09,2017-01-31,150363756.0,48.31999969482422,7265576644.032623,0.026611929866406876,775,0.06082735401717598,0.06123607541423293
LMT,2017-01,600186817.52,2017-01-31,292977354.0,251.3300018310547,73633998917.27756,0.008150946931379705,775,0.022424374768132527,0.025677391109039993
RTX,2017-01,17000000.0,2017-01-31,823405687.0,69.01824951171875,56830019154.73419,0.0002991376785165807,775,-0.013550714766396021,0.04050053723880964
BAH,2017-01,87999431.39,2017-01-31,,33.81999969482422,,,775,0.028442685871060025,0.00325754548026036
NOC,2017-01,643524187.29,2017-01-31,174599406.0,229.0800018310547,39997232246.18106,0.016089217957111112,775,0.01776521089526617,0.020904281417246873
MCK,2017-01,430235211.1,2017-01-31,212052504.0,139.14999389648438,29507104637.33423,0.014580732890872647,775,0.03392760299271336,-0.05167330728756592
BA,2017-01,2925855115.85,2017-01-31,617165902.0,163.4199981689453,100857250574.77548,0.029009863933191132,775,0.08218219239864033,0.07819699576277905
UNH,2017-01,24718768.71,2017-01-31,951816220.0,162.10000610351562,154289415071.42517,0.0001602103987402956,775,-0.01506228575770252,0.024313752738403638
GE,2017-01,194937483.35,2017-01-31,8846390000.0,142.33538818359375,1259154354673.462,0.0001548161928094617,775,-0.02259667527505349,-0.07008535811806749
GD,2017-01,3289738187.19,2017-01-31,304519550.0,181.0800018310547,55142400671.59195,0.05965895838997802,775,0.007856307279907826,0.022588575888028428
HON,2017-01,152641394.57,2017-01-31,762124709.0,112.0962905883789,85431352844.6477,0.0017867140047234194,775,0.02621896634015597,0.06075172587814692
BA,2017-02,2201076821.69,2017-02-28,612478643.0,180.22999572753906,110387023211.09892,0.019939633823450105,794,-0.014826277478563576,0.019121312787629074
LHX,2017-02,70795912.92,2017-02-28,124461661.0,109.9000015258789,13678336733.813423,0.005175769122936528,794,0.015687860804714626,-0.015111617223319218
NOC,2017-02,285186989.93,2017-02-28,174599406.0,247.08999633789062,43141766589.13788,0.006610461566073273,794,-0.039662555520619924,0.015004213080492379
UNH,2017-02,37000000.0,2017-02-28,951165192.0,165.3800048828125,157303704097.3213,0.00023521378731875691,794,-0.008447094107214226,0.046049325097655025
ACN,2017-02,36975870.1,2017-02-28,671300744.0,122.5,82234341140.0,0.0004496402547574421,794,-0.01280854455120517,-0.00486442104493201
LMT,2017-02,3065705794.2200003,2017-02-28,290315668.0,266.5799865722656,77392346877.15833,0.039612518781554314,794,0.005826775797905359,0.0317500713693355
GD,2017-02,651258582.94,2017-02-28,302742234.0,189.80999755859375,57463502696.42322,0.011333429957804108,794,-0.008408827962780863,0.04334422924853132
HUM,2017-02,248071000.0,2017-02-28,149324101.0,211.25,31544716336.25,0.00786410622164721,794,-0.02321901553562611,0.06691005896827451
RTX,2017-02,128124278.6,2017-02-28,805861740.0,70.8307113647461,57079760305.83206,0.0022446534097815586,794,-0.004753717493934606,0.057652373676323476
KTOS,2017-02,22344004.0,2017-02-28,,8.25,,,794,-0.03797612234714065,0.25428604651382725
GE,2017-02,115685889.3,2017-02-28,8742614000.0,142.86256408691406,1248992252862.152,9.262338420026047e-05,794,-0.004761350573958323,-0.10790117998589266
BAH,2017-02,149013684.64,2017-02-28,,35.77000045776367,,,794,-0.0009595374539669299,0.07157386107606234
TXT,2017-02,485292885.1,2017-02-28,270086401.0,47.29999923706055,12775086561.240429,0.03798744398119204,794,-0.00442353039732124,-0.010701700018291183
LDOS,2017-02,27449673.630000003,2017-02-28,150352251.0,53.29999923706055,8013774863.590336,0.003425311304253684,794,-0.014501459131863292,0.00964014177677619
MCK,2017-02,356654593.59,2017-02-28,212052504.0,150.1300048828125,31835443460.932617,0.011203066608061373,794,0.007725829065886813,0.05408342347043704
HII,2017-02,29337664.0,2017-02-28,46030947.0,218.5,10057761919.5,0.002916917723327702,794,-0.07277308570084318,-0.13229566956236316
SAIC,2017-02,68665011.03,2017-02-28,,86.97000122070312,,,794,-0.008679247941796642,-0.14856140547064745
CACI,2017-02,82267420.16,2017-02-28,,125.4000015258789,,,794,-0.04505745628438762,-0.037675726691289824
BAH,2017-03,61052983.48,2017-03-31,,35.38999938964844,,,817,-0.007484438773947666,-0.10713739862822025
HUM,2017-03,190619650.31,2017-03-31,149324101.0,206.13999938964844,30781670088.9998,0.00619263508961199,817,0.0815488834574416,0.13852897598203273
LDOS,2017-03,108519776.27000001,2017-03-31,150352251.0,51.13999938964844,7689014024.372269,0.014113614037641135,817,0.03446791221001022,-0.014104902217230597
HON,2017-03,58069320.260000005,2017-03-31,761194241.0,118.30175018310547,90050610939.60059,0.0006448520410255594,817,0.03775952797563997,0.04212579862023813
GD,2017-03,450816908.86,2017-03-31,302742234.0,187.1999969482422,56673345280.90402,0.0079546549903752,817,0.028505239062007748,0.03227441890295779
UNH,2017-03,250871734.55,2017-03-31,951165192.0,164.00999450683594,156000597915.01355,0.0016081459808677825,817,0.04891124503395017,0.1045010741732848
LHX,2017-03,14081600.0,2017-03-31,124461661.0,111.2699966430664,13848848601.66047,0.0010168065523015121,817,-0.028400804685648207,-0.0456667007400009
SAIC,2017-03,98615807.18,2017-03-31,,74.4000015258789,,,817,-0.023275286547759566,-0.09364021173852466
PFE,2017-03,295439312.21,2017-03-31,5951872174.0,32.457305908203125,193181735878.03998,0.0015293335618255213,817,-0.030391529058581446,-0.03932783949344287
BA,2017-03,4755364350.84,2017-03-31,612478643.0,176.86000061035156,108322973174.8073,0.04389986917332838,817,0.024351573433635476,0.09596729512009428
TXT,2017-03,32949634.16,2017-03-31,270086401.0,47.59000015258789,12853411864.801914,0.002563493219277448,817,-0.051516392115819265,-0.04058302633611233
MCK,2017-03,510674311.28999996,2017-03-31,212052504.0,148.25999450683594,31438903078.200806,0.016243388327504747,817,-0.07389430649596329,0.08100726669946412
RTX,2017-03,32229016.0,2017-03-31,805861740.0,70.61673736572266,56907326846.664276,0.00056634211771782,817,0.05051056790621988,0.06346821331642061
GE,2017-03,146002793.99,2017-03-31,8742614000.0,142.81463623046875,1248573238113.4033,0.00011693570671962385,817,-0.0400344954644718,-0.1166867046042196
HII,2017-03,38659000.0,2017-03-31,46030947.0,200.24000549316406,9217237080.135544,0.00419420696938735,817,-0.010755614571771543,-0.09817006774388282
CACI,2017-03,98155862.32,2017-03-31,,117.30000305175781,,,817,-0.006885491603851657,0.03536146419785613
LMT,2017-03,8729659259.3,2017-03-31,290315668.0,267.6000061035156,77688474528.74622,0.11236749482151125,817,-0.00579039537506465,0.013397484798912451
ACN,2017-03,128603499.23,2017-03-31,668125087.0,119.87999725341797,80094833594.49963,0.0016056403822634524,817,0.004264286672381212,0.0116937357348601
OSK,2017-03,15080368.71,2017-03-31,,68.58999633789062,,,817,-0.015477103943333348,-0.02332352820021022
NOC,2017-03,1131553353.6399999,2017-03-31,174599406.0,237.83999633789062,41526722083.63788,0.027248800214978875,817,0.018638831887273,0.052810669134847554
LDOS,2017-04,64627995.379999995,2017-04-28,150352251.0,52.65999984741211,7917549514.718067,0.008162625981670455,836,0.027222591871573387,-0.018404850661110528
GD,2017-04,338983319.0,2017-04-28,301685448.0,193.7899932861328,58463620942.44397,0.005798192337996323,836,0.028052335505076353,-0.01641482035121089
CACI,2017-04,56016261.0,2017-04-28,,118.0,,,836,0.035635277979598534,0.031159667178375594
HII,2017-04,74516715.0,2017-04-28,46030947.0,200.88999938964844,9247156914.73494,0.008058337896403691,836,-0.04529790455489313,-0.015307951452834478
ACN,2017-04,27592901.85,2017-04-28,668125087.0,121.30000305175781,81043575092.05595,0.0003404699486499419,836,0.005997818704722935,0.016386727397201373
LMT,2017-04,3090827191.52,2017-04-28,289443053.0,269.45001220703125,77990434164.0904,0.03963084991958063,836,0.03183577206347765,0.04260294048030011
OSK,2017-04,271796769.0,2017-04-28,,69.38999938964844,,,836,-0.08075732317252549,-0.05880708051108363
NOC,2017-04,368088849.65,2017-04-28,174572774.0,245.9600067138672,42937920665.09842,0.008572582089406967,836,0.027308549219841938,0.035764658802311944
GE,2017-04,142713391.07,2017-04-28,8742614000.0,138.93275451660156,1214635444695.404,0.00011749483492620162,836,-0.07059077981604056,-0.1540678821692415
RTX,2017-04,221806151.9,2017-04-28,801227504.0,74.88357543945312,59998780239.94873,0.00369684435271762,836,0.010367193083870907,-0.037693203073290826
HON,2017-04,106686758.13,2017-04-28,762338156.0,124.241943359375,94714373998.44238,0.0011264051445006066,836,0.004416651511201852,0.0062190682160254696
HUM,2017-04,293386125.14,2017-04-28,149324101.0,221.97999572753906,33146963301.99861,0.008851070985507446,836,0.02343153636756612,0.00963374761532032
MCK,2017-04,471804220.09999996,2017-04-28,212052504.0,138.2899932861328,29324739354.46765,0.016088948460785558,836,0.15788178083014226,0.1350149864571939
SAIC,2017-04,38231185.269999996,2017-04-28,,72.98999786376953,,,836,0.02632582819781004,-0.05924262985827855
BAH,2017-04,26779522.47,2017-04-28,,35.93000030517578,,,836,0.07803715336581463,-0.08436979354997887
TXT,2017-04,78351029.11,2017-04-28,267689291.0,46.65999984741211,12490382277.213856,0.0062729088166449,836,0.01413934842997766,0.013812247320756033
BA,2017-04,1182491718.8400002,2017-04-28,603580992.0,184.8300018310547,111559875856.5498,0.010599614868346725,836,0.004466816652904493,0.2732094081199816
UNH,2017-04,266608848.16,2017-04-28,951165192.0,174.8800048828125,166339773421.3213,0.0016027967495465297,836,-0.004586657534716432,0.05540359156585195
HUM,2017-05,30000000.0,2017-05-31,144314925.0,232.25999450683594,33518583687.75444,0.000895025884132452,858,0.027722746375859364,0.08358379687586837
RTX,2017-05,79136416.0,2017-05-31,801227504.0,76.3247299194336,61153472846.8219,0.00129406250072211,858,-0.0014520902576911077,-0.03439827552245889
BAH,2017-05,20439756.08,2017-05-31,,39.439998626708984,,,858,-0.18060913797499434,-0.1506202431970901
NOC,2017-05,1029741589.7900001,2017-05-31,174572774.0,259.2200012207031,45252754689.38153,0.022755334937248073,858,-0.0174372760646746,0.03322504598729514
HII,2017-05,770850871.0,2017-05-31,46019544.0,195.80999755859375,9011086798.287598,0.08554471710853867,858,-0.05858538026901572,0.050359667709950706
OSK,2017-05,196683842.4,2017-05-31,,63.119998931884766,,,858,0.07043472039097165,0.13179021001628177
HON,2017-05,19129711.3,2017-05-31,762338156.0,125.99463653564453,96050518882.47348,0.00019916301882144893,858,-0.009540337257763598,0.020853168300602798
LMT,2017-05,1740895937.8,2017-05-31,289443053.0,281.1300048828125,81371126903.18616,0.021394516753728696,858,-0.02015386826278398,0.07700732455894155
SAIC,2017-05,27766430.229999997,2017-05-31,,75.98999786376953,,,858,-0.09517210764753237,-0.06915484674208427
LDOS,2017-05,87195500.28,2017-05-31,151033623.0,55.560001373291016,8391428301.293118,0.01039102011591557,858,-0.07293670263697771,0.005906629947154851
UNH,2017-05,153458799.0,2017-05-31,963661565.0,175.17999267578125,168814225898.6319,0.0009090394970157765,858,0.05746386931383851,0.10858476524176197
MCK,2017-05,375438030.28999996,2017-05-31,210902490.0,163.08999633789062,34396086321.752014,0.010915138041521128,858,0.0005958555730836146,-0.11488649959658925
BA,2017-05,1054737799.34,2017-05-31,603580992.0,187.6300048828125,113249904476.13281,0.009313365907185237,858,0.04788809347699674,0.2703000248409697
CACI,2017-05,26106439.78,2017-05-31,,123.0999984741211,,,858,0.007276808434951043,0.004488988631128787
GE,2017-05,64316200.9,2017-05-31,8683963000.0,131.21693420410156,1139483001601.8525,5.6443317548033734e-05,858,-0.009325743882806492,-0.11891668131202626
GD,2017-05,514720152.2,2017-05-31,301685448.0,203.25,61317567306.0,0.008394334198408977,858,-0.03544907349410453,-0.026207932130399847
MCK,2017-06,733193481.47,2017-06-30,210902490.0,164.5399932861328,34701894288.62869,0.021128341737536124,880,-0.04276294436934858,-0.10842182092806818
LDOS,2017-06,364824407.25,2017-06-30,151033623.0,51.689998626708984,7806927765.456882,0.04673085472421423,880,0.008705449254924558,0.10806626421555521
KTOS,2017-06,37089888.43,2017-06-30,,11.869999885559082,,,880,-0.09528007718968745,0.05778232392360039
OSK,2017-06,80579796.0,2017-06-30,,68.87999725341797,,,880,-0.025296828146691874,0.1575061031715994
GE,2017-06,101459712.0,2017-06-30,8683963000.0,129.44374084472656,1124084656077.1943,9.025984960427433e-05,880,-0.08095517806063868,-0.13998640718110833
SAIC,2017-06,87220556.09,2017-06-30,,69.41999816894531,,,880,0.015684800158298096,-0.07696946047798225
HUM,2017-06,999126305.49,2017-06-30,144314925.0,240.6199951171875,34725056548.83728,0.028772488939933904,880,-0.06376423100500117,-0.02994698358535186
RTX,2017-06,310732935.0,2017-06-30,801227504.0,76.84707641601562,61571991226.501465,0.00504666048328572,880,-0.049280673779776185,-0.08776426213316146
HII,2017-06,1262207751.0,2017-06-30,46019544.0,186.16000366210938,8566998479.5686035,0.14733371950633978,880,0.08691619752179869,0.17574130419523137
PFE,2017-06,188903120.45,2017-06-30,5967844470.0,31.869070053100586,190189653480.43893,0.0009932355256613828,880,-0.03801158811170713,0.02904267539296712
LMT,2017-06,7245076865.72,2017-06-30,289443053.0,277.6099853515625,80352281703.44153,0.09016641111026086,880,0.03134821342401084,0.08020513414027786
ACN,2017-06,38378736.94,2017-06-30,666403323.0,123.68000030517578,82420763192.01016,0.0004656440374204205,880,0.027139191425803455,0.0479371806256903
CACI,2017-06,94570546.0,2017-06-30,,125.05000305175781,,,880,0.003960663555843347,0.07019894167606933
GD,2017-06,850806663.24,2017-06-30,301685448.0,198.10000610351562,59763889090.141846,0.014236132825237138,880,-0.02656241481903243,-0.002012251069924531
UNH,2017-06,745011583.71,2017-06-30,963661565.0,185.4199981689453,178682125617.78296,0.004169480193579331,880,0.013898856789058556,0.01610392510243641
TXT,2017-06,56324295.37,2017-06-30,267689291.0,47.099998474121094,12608165197.638557,0.004467287229116354,880,0.025791307302079014,0.10023080096399783
BAH,2017-06,114986089.21000001,2017-06-30,,32.540000915527344,,,880,0.034024933336910035,0.11097179101226007
BA,2017-06,1227844533.9,2017-06-30,603580992.0,197.75,119358141168.0,0.010287061459609812,880,0.18799313347793145,0.249023867134196
LHX,2017-06,13755513.41,2017-06-30,121912165.0,109.08000183105469,13298179181.427841,0.0010343907404414335,880,0.039235819389437765,0.1686648833395803
HON,2017-06,263596238.34,2017-06-30,762338156.0,126.27885437011719,96267188982.30768,0.002738173214847321,880,0.005080791756910008,0.024411190585529985
NOC,2017-06,639382455.62,2017-06-30,174572774.0,256.7099914550781,44814575321.829285,0.014267288064839819,880,0.008062290660398208,0.08079703343577482
ACN,2017-07,86508850.3,2017-07-31,666403323.0,128.82000732421875,85846080949.74371,0.0010077204380552244,900,0.014301403172745975,0.07350660711070978
HII,2017-07,440028806.0,2017-07-31,46019544.0,206.11000061035156,9485088241.9281,0.046391640728747956,900,0.02376621683925073,0.0864616812345691
SAIC,2017-07,11228678.13,2017-07-31,,70.41000366210938,,,900,0.028515970004965085,0.0011508045175181447
LDOS,2017-07,351901614.36,2017-07-31,151033623.0,53.439998626708984,8071236605.706882,0.04359946703968299,900,0.06728656690656476,0.12406752590025971
HON,2017-07,84918387.37,2017-07-31,760569169.0,128.95999145507812,98082993535.23587,0.0008657809504916208,900,0.02379054907519862,0.029759735178098268
OSK,2017-07,211908411.26999998,2017-07-31,,68.86000061035156,,,900,0.06270689678783326,0.27598698891598783
RTX,2017-07,144232189.0,2017-07-31,798772783.0,74.61925506591797,59603830034.390144,0.002419847666111072,900,0.01495712624382839,-0.03919977700167143
TXT,2017-07,73647997.46000001,2017-07-31,264713726.0,49.130001068115234,13005385641.124763,0.005662884553543358,900,-0.0119629793656858,0.030278116457850057
GE,2017-07,82549544.0,2017-07-31,8657946000.0,122.73432159423828,1062627128709.549,7.7684393490168e-05,900,-0.03790479419947057,-0.22961199364600926
BA,2017-07,675946995.52,2017-07-31,591083386.0,242.4600067138672,143314081738.01535,0.004716542766227689,900,0.005571264763009953,0.014534637020889196
BAH,2017-07,77168829.7,2017-07-31,,34.29999923706055,,,900,0.0019342174076677487,0.050735808624144285
MCK,2017-07,967235029.74,2017-07-31,210260531.0,161.8699951171875,34034871126.30725,0.028418942035963103,900,-0.08278600759139498,-0.2097429585661924
CACI,2017-07,74272223.61,2017-07-31,,125.0999984741211,,,900,0.01497481645258314,0.10675940179197685
NOC,2017-07,604391859.76,2017-07-31,174094301.0,263.1300048828125,45809434272.19983,0.013193611083880698,900,0.04043927892580634,0.08590589882868715
GD,2017-07,685884400.01,2017-07-31,299461802.0,196.3300018310547,58793336134.99094,0.011666022802910736,900,0.031312339197746786,-0.0012389668431940226
LMT,2017-07,10250325158.12,2017-07-31,287990865.0,292.1300048828125,84130772798.6554,0.12183800073549099,900,0.06258504918546515,0.011073895165595093
CACI,2017-08,108928589.0,2017-08-31,,129.8000030517578,,,923,0.07095587649710633,-0.05954100492909076
TXT,2017-08,34970190.46,2017-08-31,264713726.0,49.09000015258789,12994796849.73211,0.0026910917395927525,923,0.08748104941349988,0.05918314988006146
GE,2017-08,71070058.18,2017-08-31,8657946000.0,117.65433502197266,1018644879286.1481,6.976921950445075e-05,923,-0.013761070574844103,-0.32365078723652785
BA,2017-08,1493214770.16,2017-08-31,591083386.0,239.66000366210938,141659046453.372,0.010540906546702623,923,0.043562578512684524,0.08507342309259203
ACN,2017-08,61347899.56,2017-08-31,666403323.0,130.75999450683594,87138894854.81721,0.0007040243012286559,923,0.0112152113280366,0.06677901505452088
SAIC,2017-08,85252105.27,2017-08-31,,73.87999725341797,,,923,-0.10592352833177665,-0.06730861581048075
LMT,2017-08,2170675756.79,2017-08-31,287990865.0,305.3900146484375,87949534480.96619,0.024680923777484827,923,-0.005124728977580206,-0.02458984617635096
LHX,2017-08,30477140.89,2017-08-31,119762879.0,122.9000015258789,14718858011.84365,0.002070618580971181,923,0.06110156919234577,0.10999901985889626
UNH,2017-08,235799454.11999997,2017-08-31,966859926.0,198.89999389648438,192308433380.15533,0.0012261524363514084,923,-0.028148819191912144,0.07929594402998652
MCK,2017-08,71462874.11,2017-08-31,210260531.0,149.30999755859375,31393999370.278625,0.002276322722286076,923,0.01527389210719865,-0.0843436236668682
OSK,2017-08,177577878.97,2017-08-31,,74.5999984741211,,,923,0.10236847191250242,0.13425098378587008
NOC,2017-08,155897163.17000002,2017-08-31,174094301.0,272.2099914550781,47390208187.5878,0.0032896492573508424,923,0.04041111300980993,0.053170474934631784
RTX,2017-08,228528905.07999998,2017-08-31,798772783.0,75.34297943115234,60181921359.733315,0.003797301580220148,923,-0.04245057687701703,-0.05557840981807782
HUM,2017-08,235000000.0,2017-08-31,144517202.0,257.6199951171875,37230520873.5896,0.00631202557702337,923,-0.07196732798205696,-0.06183004134286829
PFE,2017-08,123514441.98,2017-08-31,5947349054.0,32.18216323852539,191398558092.31757,0.0006453258750278834,923,0.03880864757728841,0.002649158943914154
LDOS,2017-08,355068177.74,2017-08-31,151209095.0,58.31999969482422,8818514374.254646,0.04026394499924041,923,0.01717946215530608,0.02014349598548426
BAH,2017-08,70054143.55,2017-08-31,,34.11000061035156,,,923,0.08037891181274448,0.063461003068634
HII,2017-08,107552286.0,2017-08-31,45407519.0,213.9600067138672,9715393070.100052,0.011070296922005276,923,0.05006428640073124,0.05685243415838448
HON,2017-08,63933523.32,2017-08-31,760569169.0,130.9969024658203,99632205250.003,0.000641695355026763,923,0.007173915519555596,0.057603729637480505
GD,2017-08,657667809.69,2017-08-31,299461802.0,201.35000610351562,60296635660.46979,0.010907205725263444,923,0.012027032624741585,-0.04314343480390237
KTOS,2017-08,24152584.0,2017-08-31,,13.380000114440918,,,923,-0.028312596291916403,-0.2965832117657269
SAIC,2017-09,152408996.62,2017-09-29,,66.8499984741211,,,943,0.06751787896081063,0.08284912139608513
NOC,2017-09,1275721295.6399999,2017-09-29,174094301.0,287.7200012207031,50090412496.23746,0.025468372729727982,943,0.008092618702931098,0.0025350238910952783
TXT,2017-09,155865904.88,2017-09-29,264713726.0,53.880001068115234,14262775839.624763,0.010928160593183706,943,-0.04572820830925384,-0.016961339810169562
AVAV,2017-09,11305373.1,2017-09-29,,54.119998931884766,,,943,-0.08442553559176647,-0.029949267639676647
GD,2017-09,3104719513.5699997,2017-09-29,299461802.0,205.5800018310547,61563357803.49094,0.050431289395880666,943,-0.015099283383367634,-0.07405431994732714
CACI,2017-09,106180832.92,2017-09-29,,139.35000610351562,,,943,0.0060152591063131755,-0.11787652209449184
MCK,2017-09,228736430.35000002,2017-09-29,210260531.0,153.61000061035156,32298120295.242844,0.007082035371070507,943,-0.1429924137752041,-0.0500738437245829
BAH,2017-09,480631921.09000003,2017-09-29,,37.38999938964844,,,943,-0.02170434602229676,-0.04309180858259376
BA,2017-09,2109084175.8,2017-09-29,591083386.0,254.2100067138672,150259311523.51535,0.01403629601663609,943,-0.002145575677138911,0.0986970716584672
MSFT,2017-09,53988646.25,2017-09-29,7702243979.0,74.48999786376953,573740137541.9418,9.40994759078596e-05,943,0.10422007796671173,0.08646652341266892
HUM,2017-09,15000000.0,2017-09-29,144517202.0,243.6300048828125,35208726628.9104,0.00042603074397139034,943,0.02740603947173148,-0.04777554032607778
LMT,2017-09,2086992691.46,2017-09-29,287990865.0,310.2900085449219,89360687961.70944,0.023354707076049648,943,-0.027322113291381123,-0.026474734590544724
RTX,2017-09,13826646.0,2017-09-29,798772783.0,73.05223083496094,58352133728.40016,0.00023695184934206662,943,0.010333784793142842,0.03792239943763742
GE,2017-09,251818067.99,2017-09-29,8657946000.0,115.88113403320312,1003292600878.2349,0.0002509916526540417,943,-0.1778858533744223,-0.34098983082247836
HII,2017-09,1606048078.0,2017-09-29,45407519.0,226.44000244140625,10282078713.2182,0.1561987729130427,943,0.0032448328828957873,-0.0235727533884873
LDOS,2017-09,975061425.0,2017-09-29,151209095.0,59.220001220703125,8954602790.481415,0.10888941115696088,943,0.023958729585185745,0.02818825282973858
OSK,2017-09,315554023.08,2017-09-29,,82.54000091552734,,,943,0.0631989020468624,0.03660817886545931
UNH,2017-09,94628999.0,2017-09-29,966859926.0,195.85000610351562,189359522408.34467,0.0004997319268472654,943,0.047162483007722855,0.061814477807883295
HON,2017-09,122226301.11,2017-09-29,760569169.0,134.2843780517578,102132557824.50728,0.0011967418002006712,943,-0.001511668386889431,0.019873001629974407
ACN,2017-09,197475662.74,2017-09-29,666403323.0,135.07000732421875,90011101718.49371,0.002193903407133018,943,0.04916006140777429,0.07674603722363638
LHX,2017-09,33070223.6,2017-09-29,119762879.0,131.67999267578125,15770375029.550476,0.0020969839675995736,943,0.008101498633952486,0.012500747294038161
PFE,2017-10,268953606.77,2017-10-31,5947349054.0,33.263755798339844,197831166579.74347,0.001359510796098894,965,0.01311198517321488,-0.030694746349702706
HUM,2017-10,631713574.27,2017-10-31,144517202.0,255.35000610351562,36902468412.763,0.017118463925072207,965,-0.008987903032298128,-0.0031974911833956288
OSK,2017-10,19864331.59,2017-10-31,,91.55999755859375,,,965,-0.04440866073490313,-0.08990926358196227
HON,2017-10,111260981.83,2017-10-31,761822773.0,136.57708740234375,104047535453.11688,0.0010693283732812052,965,0.05682203913819128,0.012515863821179307
GD,2017-10,483628968.23,2017-10-31,298582883.0,202.97999572753906,60606352315.656296,0.007979839567164733,965,-0.009972666970645916,0.013405864442182835
GE,2017-10,147046417.95,2017-10-31,8672085000.0,96.61553955078125,837858171305.2368,0.00017550275570020084,965,-0.1233238068889364,-0.3004705127697158
CACI,2017-10,117441540.49000001,2017-10-31,,143.75,,,965,-0.11265289261585298,-0.053991185921724805
BA,2017-10,1447697784.49,2017-10-31,595578523.0,257.9800109863281,153647353906.76108,0.009422210976496977,965,0.048153148062934026,0.2904331308800252
RTX,2017-10,114309535.0,2017-10-31,798569921.0,75.36815643310547,60186742728.700676,0.0018992477382480163,965,-0.010380157872842855,0.06129445271344247
LMT,2017-10,1161383916.46,2017-10-31,286734181.0,308.1600036621094,88360006267.01193,0.013143773586326553,965,0.011497294010019976,0.06639899282560147
TXT,2017-10,164021009.35,2017-10-31,263420348.0,52.7400016784668,13892789595.662308,0.011806196892322594,965,0.025748039475574247,0.03443836838387693
UNH,2017-10,592474655.81,2017-10-31,966859926.0,210.22000122070312,203253294823.96893,0.0029149572031445933,965,0.058485422412709154,0.022100678901910475
NOC,2017-10,676260316.81,2017-10-31,174078522.0,295.5299987792969,51445425394.161804,0.013145198268430377,965,0.0095991579130974,0.0633390903030655
HII,2017-10,121972056.0,2017-10-31,45407519.0,232.8300018310547,10572232731.91365,0.011537019576934926,965,0.010569211060697858,-0.06032646435684863
LDOS,2017-10,58156289.0,2017-10-31,151209095.0,62.52000045776367,9453592688.61803,0.006151765885790617,965,-0.013771245438128021,-0.008275103188892796
SAIC,2017-10,58382841.16,2017-10-31,,73.33999633789062,,,965,-0.018839709779689517,-0.04294600875395438
MCK,2017-10,2326156000.13,2017-10-31,208474459.0,137.8800048828125,28744459424.861694,0.08092536950331577,965,0.04341107926965093,0.1080783017123561
RTX,2017-11,386886296.46999997,2017-11-30,798569921.0,76.43171691894531,61036070141.85652,0.006338650171461254,986,0.03587720874760647,0.058161031857318246
MCK,2017-11,28785950.0,2017-11-30,208474459.0,147.74000549316406,30800017717.844406,0.0009346082285960008,986,0.056843005327746665,-0.005908445003479645
LHX,2017-11,11629749.0,2017-11-30,119200550.0,144.5,17224479475.0,0.000675187254098429,986,-0.03618829853822436,0.03520043514211979
GE,2017-11,386627225.63,2017-11-30,8672085000.0,87.65367889404297,760140153931.8467,0.000508626236398853,986,-0.029533669959460496,-0.23192039439153844
OSK,2017-11,39539137.86,2017-11-30,,90.04000091552734,,,986,0.004284182231960365,-0.16121941533058903
HUM,2017-11,466752980.43,2017-11-30,142860096.0,260.8599853515625,37266482549.88281,0.012524739350037417,986,-0.05315888821981496,0.006631820568227864
LMT,2017-11,850649307.13,2017-11-30,286734181.0,319.1199951171875,91502610440.65076,0.009296448516971405,986,-0.021188996701450136,0.04650678526059959
UNH,2017-11,231650559.23,2017-11-30,969067449.0,228.1699981689453,221112118063.9145,0.0010476610746546205,986,-0.050094923171821404,-0.03142310195804732
BAH,2017-11,26282036.200000003,2017-11-30,,38.689998626708984,,,986,-0.03823982445107843,-0.012427460971036863
NOC,2017-11,240355924.99,2017-11-30,174078522.0,307.3999938964844,53511736600.30902,0.004491648753343056,986,-0.023157738357069024,0.09660819121182374
BA,2017-11,814463396.63,2017-11-30,595578523.0,276.79998779296875,164856127896.15436,0.004940449633410316,986,0.05302691649712221,0.2483333936536074
CACI,2017-11,68332408.0,2017-11-30,,131.9499969482422,,,986,-0.002699025512970854,0.12718702973330553
GD,2017-11,512720508.86,2017-11-30,298582883.0,207.16000366210938,61854431135.723175,0.008289147591301432,986,-0.0515693748229743,0.05642210660221414
ACN,2017-11,42695502.0,2017-11-30,678757070.0,148.00999450683594,100462830202.17606,0.000424988046963017,986,0.020017201442523502,0.04089540261662128
HII,2017-11,32969048.0,2017-11-30,45261255.0,241.6699981689453,10938287412.974167,0.0030140959690723263,986,-0.07589535264787783,0.046703251263144674
HON,2017-11,63786284.129999995,2017-11-30,761822773.0,147.7563934326172,112564185373.31541,0.0005666658886079518,986,-0.03379877164131306,-0.07548484204629358
TXT,2017-11,53073401.0,2017-11-30,263420348.0,55.709999084472656,14675147345.911469,0.0036165497864514714,986,0.009545444203407305,0.015967353366188153
LDOS,2017-11,71101668.19,2017-11-30,151282460.0,63.56999969482422,9617025936.032257,0.007393311473103374,986,-0.007538251332028567,0.010003501215456012
SAIC,2017-11,10196480.0,2017-11-30,,74.19999694824219,,,986,0.025776764592068346,-0.010897433726719363
LMT,2017-12,3438407546.93,2017-12-29,286734181.0,321.04998779296875,92056005309.87689,0.03735125737159361,1006,0.048920280813099515,0.06730944035671826
GD,2017-12,1462000721.24,2017-12-29,298582883.0,203.4499969482422,60746686635.147354,0.024067168140724612,1006,0.0416004645505863,0.10620708736972317
UNH,2017-12,108135298.41,2017-12-29,969067449.0,220.4600067138672,213640616312.73016,0.0005061551510023263,1006,0.01766786875560422,0.040968396829079046
RTX,2017-12,84927602.1,2017-12-29,798569921.0,80.28319549560547,64111745084.553215,0.0013246808675694908,1006,0.02547822352357998,0.003495670856277555
CACI,2017-12,20058534.52,2017-12-29,,132.35000610351562,,,1006,0.005597623121969653,0.1628436528775996
HON,2017-12,76029424.8,2017-12-29,761822773.0,145.29315185546875,110687631844.4433,0.0006868827486240668,1006,-0.015214012443724778,-0.03585893828060438
ACN,2017-12,26618250.18,2017-12-29,663752830.0,153.08999633789062,101613918313.96454,0.00026195476585949074,1006,-0.006649549838199542,-0.009180627215947257
LDOS,2017-12,324481195.0,2017-12-29,151282460.0,64.56999969482422,9768308396.032257,0.033217746803714705,1006,-0.024920821993598796,0.03568224096772998
GE,2017-12,92146958.04,2017-12-29,8672085000.0,83.6280288696289,725229374739.8757,0.00012705905365878367,1006,-0.1297115871710276,-0.22243023243829219
BA,2017-12,5540365378.889999,2017-12-29,595578523.0,294.9100036621094,175642064399.0037,0.03154349954748896,1006,0.14526139511708003,0.1462106253958635
HUM,2017-12,32862355.0,2017-12-29,142860096.0,248.07000732421875,35439305061.05859,0.000927285536310073,1006,0.07973169053743501,0.15970935222783944
MCK,2017-12,278596366.24,2017-12-29,208474459.0,155.9499969482422,32511591244.83644,0.00856913966904795,1006,0.026551622048140766,-0.0779726779829436
NOC,2017-12,496218739.19,2017-12-29,174078522.0,306.9100036621094,53426439824.51459,0.009287887061535239,1006,0.05318422840864434,0.1500685120049825
OSK,2017-12,141075356.75,2017-12-29,,90.88999938964844,,,1006,-0.058229908849749545,-0.13488741577068364
SAIC,2017-12,20770156.07,2017-12-29,,76.56999969482422,,,1006,-0.051319553809412444,0.1031440189071644
KTOS,2017-12,21564610.0,2017-12-29,,10.59000015258789,,,1006,0.021072225916040077,-0.01697569886817596
TXT,2017-12,12826160.0,2017-12-29,263420348.0,56.59000015258789,14906957533.514755,0.0008604143381480376,1006,-0.01960395077354371,0.04735220356701686
BAH,2017-12,54223027.67,2017-12-29,,38.130001068115234,,,1006,-0.028821699548130963,0.04141228992148105
HII,2017-12,157496108.0,2017-12-29,45261255.0,235.6999969482422,10668077665.373611,0.014763307218056727,1006,-0.04855273227576706,0.12124319514698123
HUM,2018-01,381467903.86,2018-01-31,142860096.0,281.8299865722656,40262258937.39258,0.009474577778985995,1027,0.002791418310630678,0.08522863804973768
UNH,2018-01,170506600.0,2018-01-31,969067449.0,236.77999877929688,229455789391.27634,0.0007430912963771245,1027,-0.003471195814834127,0.05183934819082725
MCK,2018-01,71868401.69,2018-01-31,208474459.0,168.8800048828125,35207167653.861694,0.0020413002942063453,1027,-0.06494231062408773,-0.019752820852914965
TXT,2018-01,46931887.0,2018-01-31,263420348.0,58.66999816894531,15454871334.822937,0.003036705125732947,1027,0.0282622311909162,0.12721434541012966
CACI,2018-01,79748786.99000001,2018-01-31,,140.5500030517578,,,1027,0.11520333428373652,0.11240063428799163
SAIC,2018-01,42189128.99,2018-01-31,,76.6500015258789,,,1027,0.0158619074635733,0.17329227744609998
HII,2018-01,92815728.0,2018-01-31,45261255.0,237.5399932861328,10751358208.821945,0.008632930481642846,1027,0.14653489937244057,0.04086373864533388
LMT,2018-01,1776340615.6399999,2018-01-31,286734181.0,354.8500061035156,101747625877.93655,0.017458300381092137,1027,0.013883254766507092,-0.07107499729332523
GD,2018-01,2853535831.99,2018-01-31,298582883.0,222.47999572753906,66428718534.156296,0.04295635825825497,1027,0.04934245297042639,-0.05406650531716306
PFE,2018-01,150211520.94,2018-01-31,5960707317.0,35.14231491088867,209473053625.6523,0.0007170923340261314,1027,0.025041344549669886,0.013277271830585802
BA,2018-01,1154061608.49,2018-01-31,595578523.0,354.3699951171875,211055158287.41174,0.005468056871267824,1027,0.022905971293275096,-0.018052808580279356
GE,2018-01,276296122.81,2018-01-31,8672085000.0,77.49371337890625,672032069387.5122,0.00041113532433327977,1027,-0.07407416667605626,-0.05321384093982284
NOC,2018-01,483161295.76,2018-01-31,174087585.0,340.5299987792969,59282045107.54074,0.008150213017845792,1027,0.05615166774334901,-0.0324663210373769
LDOS,2018-01,129720220.03999999,2018-01-31,151282460.0,66.5999984741211,10075411605.161285,0.012874930089560688,1027,0.021453532993838564,-0.0015503272817555258
ACN,2018-01,57454319.67,2018-01-31,663752830.0,160.6999969482422,106665077755.38712,0.000538642270544806,1027,0.025564561208638037,0.00870646059390423
RTX,2018-01,165619253.15,2018-01-31,798569921.0,86.8533706665039,69358489351.73373,0.0023878728429349806,1027,-0.0077658372778880436,-0.07399985631181194
HON,2018-01,74374661.69,2018-01-31,761822773.0,151.27125549316406,115241887334.99373,0.0006453787195779098,1027,-0.022225335116163092,-0.037580183440367065
ACN,2018-02,32749059.0,2018-02-28,663752830.0,161.00999450683594,106870839512.19681,0.0003064358729610472,1046,-0.0192329496041459,-0.029931869045986215
OSK,2018-02,193096559.98999998,2018-02-28,,78.93000030517578,,,1046,0.0063791520375890975,-0.03621427912696085
UNH,2018-02,57081735.25,2018-02-28,967662919.0,226.16000366210938,218846649304.72745,0.00026082983418456633,1046,-0.02322409353062571,0.07907121408785178
HUM,2018-02,761122957.3,2018-02-28,137684326.0,271.82000732421875,37425354501.75012,0.020337094128644994,1046,0.018261420216355684,0.08484132685051704
LHX,2018-02,43869061.38,2018-02-28,118729803.0,156.14999389648438,18539658013.780792,0.002366228187563735,1046,0.06408330965942999,-0.02570886721708221
BA,2018-02,960239974.38,2018-02-28,588490313.0,362.2099914550781,213157071243.12625,0.00450484691302947,1046,-0.06736909360072096,-0.013718581965828536
LDOS,2018-02,36956024.72,2018-02-28,151459401.0,63.310001373291016,9588894885.307835,0.0038540442002992707,1046,0.06521460001499935,-0.046076795563871786
NOC,2018-02,1030963875.12,2018-02-28,174087585.0,350.0400085449219,60937619740.96481,0.016918348296215826,1046,0.028023598186953436,-0.0572396261699476
KTOS,2018-02,23657570.1,2018-02-28,,12.050000190734863,,,1046,-0.11864791918688,-0.07145371518847476
BAH,2018-02,76337060.35,2018-02-28,,37.93000030517578,,,1046,0.04823750170021279,0.17989736150485425
GD,2018-02,657391870.92,2018-02-28,296933621.0,222.4499969482422,66052883085.2805,0.009952508357148393,1046,0.02044234936240752,-0.08635286522032315
MCK,2018-02,39883429.0,2018-02-28,206339333.0,149.22999572753906,30792017782.01326,0.0012952522073203453,1046,-0.02861004165691361,-0.039717555603151045
RTX,2018-02,244177195.0,2018-02-28,799778295.0,84.79547119140625,67817577373.18451,0.003600500113065808,1046,-0.03879116663279891,-0.06565047438435478
CACI,2018-02,25501907.08,2018-02-28,,149.0500030517578,,,1046,0.04284127234219337,0.11690163556550592
HON,2018-02,137696086.03,2018-02-28,752002033.0,143.16151428222656,107657749787.59291,0.001279016943059578,1046,-0.016266276470870644,-0.00693457746515036
TXT,2018-02,50067910.92,2018-02-28,261771970.0,59.849998474121094,15667052005.067673,0.003195745498502527,1046,0.013040465668647139,0.1107871950736099
SAIC,2018-02,68577702.44,2018-02-28,,72.38999938964844,,,1046,0.11595839247409123,0.20788711172349594
GE,2018-02,170851360.92000002,2018-02-28,8682576000.0,67.62129211425781,587127008000.2441,0.00029099557436800623,1046,-0.017238362804367968,-0.0033004380222372287
HII,2018-02,1291174114.0,2018-02-28,44785776.0,262.010009765625,11734321607.121094,0.11003398042341346,1046,0.011189516913273412,-0.15486399424839092
LMT,2018-02,1958841721.64,2018-02-28,285570742.0,352.44000244140625,100646553007.6742,0.01946258131155908,1046,-0.013760263513818538,-0.09664673551645064
OSK,2018-03,15394185.0,2018-03-29,,77.2699966430664,,,1067,-0.07130013645193334,-0.1377782826776912
HON,2018-03,73085970.55,2018-03-29,752002033.0,136.90867614746094,102955602798.22923,0.0007098785162108441,1067,-0.003991768816334673,-0.038558713722432025
BA,2018-03,2987989017.11,2018-03-29,588490313.0,327.8800048828125,192954206699.92786,0.015485482634523548,1067,0.012155180719183978,-0.008296202061066849
NOC,2018-03,607841477.52,2018-03-29,174087585.0,349.1199951171875,60777456825.162964,0.010001100889570994,1067,-0.08273481199535537,-0.149375026152884
HUM,2018-03,308980343.12,2018-03-29,137684326.0,268.8299865722656,37013675509.79144,0.00834773469168885,1067,0.08912907830140893,0.07256618145777405
HII,2018-03,201924859.0,2018-03-29,44785776.0,257.760009765625,11543982059.121094,0.01749178558714545,1067,-0.06161596993763041,-0.1941039429889364
ACN,2018-03,10918871.0,2018-03-29,661079375.0,153.5,101475684062.5,0.00010760086123957485,1067,-0.01146007734233545,0.04708248811311977
CACI,2018-03,97581329.34,2018-03-29,,151.35000610351562,,,1067,-0.007150436663686532,0.07630482011503603
LHX,2018-03,40269686.1,2018-03-29,118729803.0,161.27999877929688,19148742482.90616,0.0021029937676559306,1067,-0.03530161383862518,-0.13310375194067403
RTX,2018-03,347465738.45,2018-03-29,799778295.0,79.18187713623047,63327946690.91389,0.005486767795360297,1067,-0.05023291475782765,-0.038144783463143095
BAH,2018-03,76994194.52,2018-03-29,,38.720001220703125,,,1067,0.018334153004056608,0.09391178141694367
TXT,2018-03,10218082.0,2018-03-29,261771970.0,58.970001220703125,15436693390.445862,0.0006619346346753388,1067,0.048588036965168335,0.08058892622310476
UNH,2018-03,137431505.29,2018-03-29,967662919.0,214.0,207079864666.0,0.0006636642607028156,1067,0.0995047820427526,0.11440515103158155
SAIC,2018-03,53078944.7,2018-03-29,,78.80000305175781,,,1067,0.0877076434786983,0.010814579639503386
MCK,2018-03,32500000.0,2018-03-29,206339333.0,140.8699951171875,29067020832.193726,0.0011181056423919446,1067,0.1037262221609272,-0.0677514472913543
LDOS,2018-03,263986110.42000002,2018-03-29,151459401.0,65.4000015258789,9905445056.508705,0.02665060569353611,1067,-0.023058186869421626,-0.1325757273571294
GE,2018-03,135880492.71,2018-03-29,8682576000.0,64.60205841064453,560912281906.8604,0.00024224909507786997,1067,0.038599816449910396,0.0010347585290915173
LMT,2018-03,4683399549.46,2018-03-29,285570742.0,337.92999267578125,96502918752.47742,0.04853116993769443,1067,-0.0557403723136346,-0.15488616946701728
GD,2018-03,1317844652.6,2018-03-29,296933621.0,220.89999389648438,65592635066.561005,0.02009135097656466,1067,-0.08991601488975576,-0.18184315540368934
GE,2018-04,252871397.49,2018-04-30,8682576000.0,67.42959594726562,585462591461.4258,0.00043191725855410334,1088,-0.0235146628657652,-0.1194993072820475
RTX,2018-04,262994000.0,2018-04-30,800059478.0,75.61359405517578,60495372589.48784,0.004347340775709181,1088,0.02565726705584903,0.05090715670599644
NOC,2018-04,705410587.15,2018-04-30,174384166.0,322.0400085449219,56158678308.739075,0.012561025444222896,1088,-0.0010292459114185082,-0.14424758519758807
LMT,2018-04,3154127057.9300003,2018-04-30,285529483.0,320.8399963378906,91609278280.0798,0.03443021402577578,1088,-0.02999943009113104,-0.059146069378620325
SAIC,2018-04,28667761.0,2018-04-30,,85.79000091552734,,,1088,-0.008941701713662376,-0.09850738246159607
ACN,2018-04,11231406.31,2018-04-30,661079375.0,151.1999969482422,99955199482.54585,0.00011236440293394868,1088,0.0013221931299454148,-0.008759524790848738
AVAV,2018-04,39864952.34,2018-04-30,,54.5,,,1088,0.03304745117441965,0.2700864868024213
HII,2018-04,352953666.0,2018-04-30,44785776.0,243.2100067138672,10892348881.645752,0.03240381572745504,1088,-0.11202083106793648,-0.1226605368024295
CACI,2018-04,40751138.0,2018-04-30,,151.0500030517578,,,1088,0.078944090747612,0.06895085925952538
LDOS,2018-04,185024037.86,2018-04-30,151459401.0,64.2300033569336,9728237834.669151,0.019019275741863326,1088,-0.08729373602209323,-0.005644913440128407
BAH,2018-04,10217810.97,2018-04-30,,39.630001068115234,,,1088,0.1058907092183261,0.07211797171934053
GD,2018-04,366570420.69,2018-04-30,297033427.0,201.30999755859375,59795798464.190735,0.006130370863924897,1088,-0.017061037541661328,-0.08340716106675505
OSK,2018-04,27285489.0,2018-04-30,,72.16000366210938,,,1088,0.03184689687132969,-0.04111303569761704
BA,2018-04,708197109.46,2018-04-30,582580973.0,333.55999755859375,194325707931.56317,0.0036443819862959663,1088,0.048574415419310624,-0.0054101111510100885
HUM,2018-04,2177065037.32,2018-04-30,137684326.0,294.17999267578125,40503974014.24988,0.053749418181882044,1088,-0.02314389095312963,0.002633091678239996
TXT,2018-04,94365211.58,2018-04-30,256038330.0,62.13999938964844,15910221669.926605,0.005931106023391773,1088,0.04613994995581172,0.00960896702155245
MCK,2018-04,1487878797.1,2018-04-30,206339333.0,156.2100067138672,32232268593.264877,0.0461611565687592,1088,-0.10603327275288599,-0.255256276189024
HON,2018-04,661564320.5799999,2018-04-30,746929832.0,137.06973266601562,102381472392.51196,0.0064617582177728655,1088,0.01446633537425246,0.02697980051414839
CACI,2018-05,52714776.96,2018-05-31,,166.64999389648438,,,1110,0.00565036903802052,0.0882760593267573
NOC,2018-05,437608879.19,2018-05-31,174384166.0,327.25,57067218323.5,0.007668305763727664,1110,-0.062030287887007596,-0.16571038966744833
RTX,2018-05,2151381877.76,2018-05-31,800059478.0,78.55255126953125,62846713164.26941,0.03423220991902465,1110,-0.004068569168176328,-0.004421464837569111
LDOS,2018-05,141886617.82,2018-05-31,151785398.0,60.060001373291016,9116231212.325523,0.015564174988032708,1110,-0.018283577450398325,0.10984307287771577
SAIC,2018-05,84734911.6,2018-05-31,,88.44999694824219,,,1110,-0.09077050175405599,-0.023500748713799036
TXT,2018-05,74393617.47,2018-05-31,256038330.0,66.58000183105469,17047032480.220184,0.004364021571280487,1110,-0.015521942881644768,-0.03482352282091483
LMT,2018-05,2117147659.98,2018-05-31,285529483.0,314.5400085449219,89810446022.64713,0.023573512366769984,1110,-0.06650637877400134,-0.04954815770774745
LHX,2018-05,29078761.43,2018-05-31,118728914.0,150.47000122070312,17865139834.512756,0.0016276817141853107,1110,-0.04516039850788911,0.013663971402355646
BAH,2018-05,168726097.07999998,2018-05-31,,45.09000015258789,,,1110,-0.031806928931754186,0.06231087588454676
ACN,2018-05,183450540.7,2018-05-31,661079375.0,155.74000549316406,102956505493.91747,0.0017818256342319039,1110,0.04465334051157721,0.009444794211194818
HON,2018-05,80295109.1,2018-05-31,746929832.0,140.1298370361328,104667155635.58606,0.0007671471400212604,1110,-0.03184758580561553,0.008423314571551543
HII,2018-05,738414550.0,2018-05-31,44500498.0,221.07000732421875,9837725418.791382,0.07505947956115228,1110,-0.025111103583031147,0.035973542241594325
UNH,2018-05,15027920.0,2018-05-31,960981242.0,241.50999450683594,232086574476.59238,6.475135424740252e-05,1110,0.013701103249282864,0.03712429824554064
HUM,2018-05,15100800.0,2018-05-31,137682171.0,290.9800109863281,40062759630.20151,0.0003769286025073567,1110,0.01881723979825134,0.07105582159734758
OSK,2018-05,253337106.0,2018-05-31,,72.75,,,1110,-0.03915279677355177,-0.09264648459103775
GE,2018-05,28231007.25,2018-05-31,8685338000.0,67.4775161743164,586065035374.4049,4.817043424534745e-05,1110,-0.03055209827178129,-0.15130026596223822
GD,2018-05,1090914583.06,2018-05-31,297033427.0,201.7100067138672,59914614554.41298,0.018207821099629342,1110,-0.08160226476867649,-0.11058806960119028
MCK,2018-05,246187414.95999998,2018-05-31,202050986.0,141.94000244140625,28679117446.12854,0.00858420470652361,1110,-0.0659168686436119,-0.16476098519963656
BA,2018-05,1728613824.23,2018-05-31,582580973.0,352.1600036621094,205161717585.15524,0.008425615873061282,1110,-0.05303022462364937,-0.0813212127571491
MSFT,2018-06,13499934.0,2018-06-29,7683197503.0,98.61000061035156,757640110460.2816,1.781839928168338e-05,1131,0.03870700449838038,0.08777334916980983
HUM,2018-06,93283187.4,2018-06-29,137682171.0,297.6300048828125,40978345227.006226,0.0022764020089938376,1131,0.018559726808207833,0.062584457179655
NOC,2018-06,999962089.98,2018-06-29,174384166.0,307.70001220703125,53658010006.912964,0.018635840014401786,1131,-0.060478119749487136,-0.04090878934430031
BAH,2018-06,141958110.1,2018-06-29,,43.72999954223633,,,1131,0.04390464468366995,0.06281304030490786
GD,2018-06,1288421756.88,2018-06-29,297033427.0,186.41000366210938,55370002214.8389,0.023269310192202037,1131,0.03984973580107076,0.027123851522936837
HII,2018-06,266022242.0,2018-06-29,44500498.0,216.7899932861328,9647262662.649567,0.027574893656615595,1131,0.037957114519929336,0.10817896819491435
CACI,2018-06,173957711.16,2018-06-29,,168.5500030517578,,,1131,0.0024078664051059295,0.016042530924590404
HON,2018-06,99507247.91,2018-06-29,746929832.0,136.47286987304688,101935657766.83276,0.0009761770325513816,1131,0.0712497238529024,0.08428851165132789
SAIC,2018-06,164286880.91,2018-06-29,,80.93000030517578,,,1131,0.009309658712292501,-0.07691136334165694
GE,2018-06,230667530.21,2018-06-29,8685338000.0,65.2250747680664,566501820435.9283,0.0004071787978236314,1131,-0.03557698301827017,-0.23906795412226212
BA,2018-06,4356453922.91,2018-06-29,582580973.0,335.510009765625,195461747940.4973,0.022288012712524174,1131,0.024918842442932965,0.037427110520157125
MCK,2018-06,18500000.0,2018-06-29,202050986.0,133.39999389648438,26953600299.17865,0.0006863647080410162,1131,-0.09551720714617506,-0.07914138011387362
OSK,2018-06,673549304.4100001,2018-06-29,,70.31999969482422,,,1131,0.03306203458044843,-0.05994047181834583
UNH,2018-06,45800000.0,2018-06-29,960981242.0,245.33999633789062,235767134393.06158,0.00019425947606269863,1131,-0.004927703890649449,0.011519923051323877
TXT,2018-06,61852633.32,2018-06-29,256038330.0,65.91000366210938,16875487267.940369,0.0036652353996027183,1131,-0.0012401323301565181,0.008156933231080465
ACN,2018-06,35172677.41,2018-06-29,658770425.0,163.58999633789062,107768251413.26065,0.0003263732773683296,1131,-0.06308693349800487,-0.03610555016180106
LHX,2018-06,46408251.349999994,2018-06-29,118728914.0,144.5399932861328,17161076432.42984,0.0027042739150267303,1131,0.10416021003152487,0.09911820589041231
LMT,2018-06,2562127715.52,2018-06-29,285529483.0,295.42999267578125,84353973071.4096,0.030373527437184713,1131,0.06676872740738582,0.101849756425344
AVAV,2018-06,11511473.45,2018-06-29,,71.43000030517578,,,1131,-0.006526870817146868,0.493837009365075
LDOS,2018-06,457933826.88,2018-06-29,151785398.0,59.0,8955338482.0,0.0511352896152876,1131,0.12261488149435817,0.10100819334570676
LHX,2018-07,15840955.0,2018-07-31,118728914.0,164.9499969482422,19584334001.96811,0.0008088584987576335,1152,-0.037836970583769114,-0.04908788988364754
SAIC,2018-07,116244140.47,2018-07-31,,84.37000274658203,,,1152,0.06810481139959723,-0.14222699325151877
GE,2018-07,240909062.74,2018-07-31,8691081000.0,65.3209228515625,567709431497.6807,0.0004243527575443922,1152,-0.08450149332956824,-0.11556162324282004
MSFT,2018-07,11495545.89,2018-07-31,7683197503.0,106.08000183105469,815033605186.5948,1.4104382711149924e-05,1152,0.02397965562901261,0.040596998061333545
BA,2018-07,1269776488.07,2018-07-31,574508314.0,356.29998779296875,204697305265.15906,0.006203191030898857,1152,-0.04837084505041567,0.004380724152217796
HUM,2018-07,37402427.68,2018-07-31,137682171.0,314.17999267578125,43256983476.36566,0.0008646564016752482,1152,0.028788245485126263,0.07028958372468386
AVAV,2018-07,17600123.0,2018-07-31,,73.61000061035156,,,1152,0.13509337953085443,0.22141664715321363
LDOS,2018-07,259717812.18,2018-07-31,150485383.0,68.41999816894531,10296209629.313034,0.025224604153414897,1152,0.0035293197635362095,-0.03436661672889729
BAH,2018-07,185340501.24,2018-07-31,,47.27000045776367,,,1152,0.04956639616094849,0.09167878300550358
NOC,2018-07,124605001.6,2018-07-31,174123419.0,300.489990234375,52322344474.88599,0.002381487352116049,1152,-0.0433238479900111,-0.08575451016640767
GD,2018-07,269461814.58,2018-07-31,296281432.0,199.75999450683594,59185177228.797485,0.004552859807081714,1152,-0.06135910324629856,-0.10214708590083077
LMT,2018-07,2165287547.2,2018-07-31,284781066.0,326.1000061035156,92867107360.76569,0.02331597923889666,1152,-0.041537739651113736,-0.057565111971502825
HII,2018-07,805290916.0,2018-07-31,44500498.0,233.0500030517578,10370841194.704742,0.07764952725446941,1152,0.023135531377233676,-0.04448593471874851
CACI,2018-07,36000000.0,2018-07-31,,175.1999969482422,,,1152,0.0757931895291859,0.039073402200604845
HON,2018-07,135770995.64000002,2018-07-31,742610527.0,151.25230407714844,112321553240.69545,0.001208770638606238,1152,-0.027100491163327245,-0.015781181230073327
RTX,2018-07,280620907.65,2018-07-31,800093285.0,85.42479705810547,68347806498.67794,0.004105777815348442,1152,-0.04643912550752827,-0.04531000164001797
UNH,2018-07,37000000.0,2018-07-31,960981242.0,253.22000122070312,243339671272.3128,0.00015205083415516991,1152,0.026238274134545936,0.0743019369594492
ACN,2018-07,126383149.4,2018-07-31,658770425.0,159.3300018310547,104961893021.49467,0.0012040860331484168,1152,0.02944535668185755,0.025253271200011973
TXT,2018-07,27025952.0,2018-07-31,248410831.0,68.2699966430664,16959006598.471336,0.0015936046632847047,1152,-0.01645092255423508,-0.1757057518763393
KTOS,2018-07,38608137.739999995,2018-07-31,,12.920000076293945,,,1152,-0.005119270761982042,-0.004841627540545512
MCK,2018-07,1378972582.01,2018-07-31,199770971.0,125.5999984741211,25091233652.77369,0.05495834127141702,1152,-0.0010472449696303787,0.022290368669332428
OSK,2018-07,11467735.0,2018-07-31,,75.25,,,1152,-0.08090860739538686,-0.2343377984362216
HUM,2018-08,300000000.0,2018-08-31,137763407.0,333.260009765625,45911034362.16577,0.00653437684791574,1175,0.002058509339722292,0.03631411870898549
HII,2018-08,337688208.0,2018-08-31,43318382.0,244.47000122070312,10590044900.418884,0.031887325424526096,1175,0.03855664992677643,-0.06874411838816075
KTOS,2018-08,27094365.3,2018-08-31,,13.359999656677246,,,1175,0.08021992577880033,0.04170868791208193
LMT,2018-08,2163395217.54,2018-08-31,284781066.0,320.4100036621094,91246702399.95941,0.023709297548718453,1175,0.08059606650454088,-0.009286938042095016
HON,2018-08,134182407.75,2018-08-31,742610527.0,150.69332885742188,111906452358.19437,0.001199058722016349,1175,0.04644984348330161,0.014184363699766611
CACI,2018-08,177631756.3,2018-08-31,,195.0,,,1175,-0.0741340021439455,-0.10810800751045468
TXT,2018-08,538896192.0,2018-08-31,248410831.0,69.02999877929688,17147799360.694122,0.031426551049766084,1175,0.03186391174656178,-0.14029742820260382
ACN,2018-08,45781295.88,2018-08-31,658770425.0,169.07000732421875,111378320579.7287,0.0004110431513216081,1175,0.015279454687454619,0.02818152118444328
UNH,2018-08,44598701.0,2018-08-31,962473363.0,268.4599914550781,258385590806.7203,0.00017260521711274946,1175,0.002632417930515274,0.1011480232252493
LDOS,2018-08,552753524.4200001,2018-08-31,150485383.0,70.7699966430664,10649850049.740562,0.05190247016045691,1175,-0.03611245144150821,-0.05955549337885224
GD,2018-08,742528395.9,2018-08-31,296281432.0,193.39999389648438,57300827140.44165,0.012958423690466065,1175,0.05102385420160038,0.006538989802603257
NOC,2018-08,272753772.22,2018-08-31,174123419.0,298.489990234375,51974097636.88599,0.005247878936265106,1175,0.05909030528958015,-0.07912465777761113
SAIC,2018-08,129889968.49,2018-08-31,,90.22000122070312,,,1175,-0.13365810748448514,-0.1799214942491515
GE,2018-08,48676136.0,2018-08-31,8691081000.0,62.01414108276367,538969923295.7268,9.0313269620598e-05,1175,-0.047690577458613825,-0.36867798697909626
BA,2018-08,2229955096.46,2018-08-31,574508314.0,342.7900085449219,196935709865.18866,0.011323264318017816,1175,0.11828121023020066,0.0624522960381837
BAH,2018-08,85118532.6,2018-08-31,,51.15999984741211,,,1175,-0.03973562353033422,0.052846306454486625
MCK,2018-08,82567205.06,2018-08-31,199770971.0,128.75,25720512516.25,0.0032101695099518235,1175,0.02050731163667563,0.016168572466431663
RTX,2018-08,150501974.05,2018-08-31,800093285.0,82.88231658935547,66313584948.38741,0.0022695496581452705,1175,0.06518027989717878,-0.023361470389779093
KTOS,2018-09,18487129.0,2018-09-28,,14.779999732971191,,,1194,-0.08825815587124919,0.08863657896906707
CACI,2018-09,116912586.85,2018-09-28,,184.14999389648438,,,1194,0.025923876144548164,-0.08254459043211826
HON,2018-09,110383350.84,2018-09-28,742610527.0,157.64724731445312,117070505408.28537,0.0009428792543009547,1194,-0.023142148936186602,-0.03163689194282604
RTX,2018-09,758578040.3699999,2018-09-28,800093285.0,87.98615264892578,70397129907.39047,0.010775695562701661,1194,-0.04150460719532767,-0.09870577176417872
TXT,2018-09,155347934.04,2018-09-28,248410831.0,71.47000122070312,17753922394.805878,0.008750062695184975,1194,-0.17569311657402342,-0.22093954245152492
NOC,2018-09,1417485557.7,2018-09-28,174123419.0,317.3699951171875,55261548637.81799,0.025650485602387738,1194,-0.10003381822843471,-0.08945538261317487
ACN,2018-09,82144198.2,2018-09-28,658770425.0,170.1999969482422,112122724324.59221,0.0007326275622967812,1194,-0.0019914020266108556,-0.02861057645534948
MSFT,2018-09,110498437.36,2018-09-28,7668217316.0,114.37000274658203,877014035492.3079,0.0001259939212922313,1194,0.00040903699856564835,0.027240133384941134
GE,2018-09,155509420.39000002,2018-09-28,8691081000.0,54.10661697387695,470244990755.93945,0.00033069872820976103,1194,0.08087700921682794,-0.19325142797800432
HII,2018-09,1963051526.0,2018-09-28,43318382.0,256.0799865722656,11092970680.892273,0.17696355489169113,1194,-0.09305845642197408,-0.11851330082636446
BAH,2018-09,583552222.03,2018-09-28,,49.630001068115234,,,1194,0.07324978764119672,0.04680492608052589
HUM,2018-09,239650000.0,2018-09-28,137763407.0,338.5199890136719,46635667024.12601,0.005138770715470243,1194,0.030622461902590214,-0.01691613148721749
MCK,2018-09,95689250.63,2018-09-28,199770971.0,132.64999389648438,26499618083.844757,0.003610967159120533,1194,0.002832522785017333,-0.02932053255966005
GD,2018-09,1242048648.22,2018-09-28,296281432.0,204.72000122070312,60654735120.71167,0.02047735672652999,1194,-0.08795955324977056,-0.09326472937327712
UNH,2018-09,20479940.0,2018-09-28,962473363.0,266.0400085449219,256056421716.7797,7.9982137775293e-05,1194,0.056607002060861555,0.07471394170496537
LMT,2018-09,8133345844.9,2018-09-28,284781066.0,345.9599914550781,98522855159.92804,0.08255288411706582,1194,-0.0789867424507098,-0.1022821707447521
BA,2018-09,4918322733.34,2018-09-28,574508314.0,371.8999938964844,213659638470.07953,0.023019428323280404,1194,-0.0052424358627412015,0.006494292913155064
LHX,2018-09,55759797.13,2018-09-28,117322936.0,169.2100067138672,19852214788.25061,0.0028087444008011156,1194,-0.04069785744538679,-0.06518347920743484
SAIC,2018-09,149854163.59,2018-09-28,,80.5999984741211,,,1194,-0.07027165862789497,-0.07095317874526597
LDOS,2018-09,1128199584.77,2018-09-28,150485383.0,69.16000366210938,10407569639.373932,0.10840182904006654,1194,-0.013594812343014073,-0.09819152223729077
NOC,2018-10,295299740.14,2018-10-31,173619710.0,261.95001220703125,45479685153.881226,0.006493003175832214,1217,-0.02186344293491349,0.05819616206302958
UNH,2018-10,15000000.0,2018-10-31,962473363.0,261.3500061035156,251542419294.5212,5.9632089259812216e-05,1217,0.061454895644703855,0.01874472294420393
CACI,2018-10,87639780.0,2018-10-31,,178.4600067138672,,,1217,-0.09447645183390319,-0.044627885648137244
BAH,2018-10,24458149.0,2018-10-31,,49.540000915527344,,,1217,0.021015661740571234,0.05410774033687771
ACN,2018-10,17338106.64,2018-10-31,667770274.0,157.6199951171875,105253947327.28296,0.00016472642670671388,1217,0.025227634916305863,-0.017570665007566655
HON,2018-10,826683679.4399999,2018-10-31,740288303.0,143.15036010742188,105972537157.76224,0.007800923726203788,1217,0.00044126975759617437,0.01640142059327543
TXT,2018-10,40545159.0,2018-10-31,242961492.0,53.630001068115234,13030025075.470871,0.003111671601946998,1217,0.02825324649488481,-0.009830784027912154
LDOS,2018-10,78995355.82000001,2018-10-31,149760061.0,64.77999877929688,9701456568.767426,0.008142628404307375,1217,-0.046026516875087964,-0.06829561753512325
GD,2018-10,740096445.25,2018-10-31,296149755.0,172.5800018310547,51109525260.1664,0.014480597138843204,1217,0.05278009032352404,0.006764220632855755
BA,2018-10,2168575758.66,2018-10-31,567885369.0,354.8599853515625,201519793724.70667,0.010761105490324491,1217,-0.03686255658783599,0.11313453650846927
SAIC,2018-10,60429812.95,2018-10-31,,69.51000213623047,,,1217,-0.018405041006532397,-0.012903227110844684
GE,2018-10,156825086.13,2018-10-31,8698115000.0,48.40361785888672,421020234552.65045,0.00037248823989809523,1217,-0.2759748808618969,0.0014990004147068525
MCK,2018-10,2528152385.95,2018-10-31,195376222.0,124.76000213623047,24375137874.08864,0.10371848557367493,1217,-0.017559258664483046,0.05259794501503667
OSK,2018-10,15420408.14,2018-10-31,,56.13999938964844,,,1217,0.2571167717824927,0.33373633205377184
RTX,2018-10,89698103.0,2018-10-31,800984201.0,78.16866302490234,62611864096.23965,0.001432605534026691,1217,-0.03200404505117638,-0.04609967326304243
LMT,2018-10,1497145021.01,2018-10-31,284425688.0,293.8500061035156,83578490154.79663,0.01791304219826323,1217,0.011335042137611273,0.013410766491235737
HUM,2018-10,1585230326.41,2018-10-31,137763407.0,320.4100036621094,44140773741.374664,0.03591306159919234,1217,0.009726976616699412,-0.054199636557505815
HON,2018-11,60889806.55,2018-11-30,740288303.0,145.05812072753906,107384830029.75902,0.0005670242857685383,1238,-0.004778653014063772,0.041248808504653844
BA,2018-11,2011271099.13,2018-11-30,567885369.0,346.760009765625,196919936100.19556,0.010213648952773567,1238,0.005469521752302864,0.2182534425338445
OSK,2018-11,1744471794.5000002,2018-11-30,,71.33000183105469,,,1238,-0.05374064160268055,0.08403026055493257
NOC,2018-11,959088964.77,2018-11-30,173619710.0,259.8800048828125,45120291082.55249,0.021256267230529213,1238,0.03207941433765493,0.07174333579163372
GD,2018-11,2134765958.0700002,2018-11-30,296149755.0,184.88999938964844,54755128021.194534,0.038987507384581004,1238,-0.06159608870166022,-0.10644977036173986
MSFT,2018-11,11291888.53,2018-11-30,7676218736.0,110.88999938964844,851215890949.8479,1.3265598833451873e-05,1238,-0.012768065070724366,8.880661306465143e-05
HII,2018-11,959016462.0,2018-11-30,42954292.0,215.5,9256649926.0,0.10360297404208002,1238,-0.014828183552426766,-0.05897844917435635
SAIC,2018-11,10366579.15,2018-11-30,,69.5199966430664,,,1238,-0.006191060736571052,0.03447434550723161
LDOS,2018-11,86320773.15,2018-11-30,149760061.0,63.0,9434883843.0,0.009149108201691722,1238,-0.07186811900158163,-0.00598588163315994
RTX,2018-11,473778877.0,2018-11-30,800984201.0,76.67715454101562,61417189364.98892,0.007714108735657631,1238,-0.0418055966845039,0.023281586650948816
LMT,2018-11,8479619909.309999,2018-11-30,284425688.0,300.42999267578125,85450007362.64404,0.09923486458372165,1238,-0.032080703963748514,0.0049226007482936485
UNH,2018-11,117840100.0,2018-11-30,962034200.0,281.3599853515625,270677928419.70215,0.00043535171370634234,1238,-0.049311694305086085,-0.1622759610902339
GE,2018-11,166412402.59,2018-11-30,8698115000.0,35.94327926635742,312638776535.89246,0.0005322833092999104,1238,0.18502916481996035,0.25302080044784914
MCK,2018-11,16034000.0,2018-11-30,195376222.0,124.5,24324339639.0,0.0006591751405366898,1238,0.01603244103353485,-0.0974444275295836
BAH,2018-11,23705877.810000002,2018-11-30,,51.310001373291016,,,1238,-0.03416813993428558,0.02050247082516199
CACI,2018-11,85930447.8,2018-11-30,,164.91000366210938,,,1238,-0.03725641313972716,0.0750467073031964
HUM,2018-11,2278480416.54,2018-11-30,137186880.0,329.4700012207031,45198961521.06445,0.050410016953113854,1238,-0.07108692992628685,-0.18464374828308705
NOC,2018-12,664390128.04,2018-12-31,173619710.0,244.89999389648438,42519465919.30939,0.015625552054224653,1257,0.04508704093448945,-0.028520541428765256
GE,2018-12,949481943.9200001,2018-12-31,8698115000.0,36.278751373291016,315556751501.2932,0.0030089102495913763,1257,0.2620741508534987,0.2590200087480754
BA,2018-12,2439712438.32,2018-12-31,567885369.0,322.5,183143031502.5,0.013321350085256707,1257,0.11565514387180009,0.06842833142955307
SAIC,2018-12,66907485.85,2018-12-31,,63.70000076293945,,,1257,-0.020984378135560977,0.050816868287547834
LDOS,2018-12,468197517.39,2018-12-31,149760061.0,52.720001220703125,7895350598.732574,0.059300408707012815,1257,0.02008621670940358,0.0639740812543017
MCK,2018-12,15500000.0,2018-12-31,195376222.0,110.47000122070312,21583211482.836365,0.0007181507725264185,1257,0.08088283635591198,-0.10699049103845093
ACN,2018-12,26917408.17,2018-12-31,656671417.0,141.00999450683594,92597232903.96617,0.0002906934400287793,1257,0.008864363805267894,0.09438407492068368
TXT,2018-12,360351092.27,2018-12-31,242961492.0,45.9900016784668,11173799424.882797,0.03224964746257558,1257,0.07735959572614948,-0.042971429386031934
HON,2018-12,187519835.38,2018-12-31,740288303.0,130.59678649902344,96679273454.61537,0.001939607412006756,1257,0.007052031141461468,0.0761056523932575
LMT,2018-12,4580404816.9,2018-12-31,284425688.0,261.8399963378906,74474021104.32202,0.06150339069893704,1257,0.02629680472396556,0.016630218534126495
CACI,2018-12,125709204.35,2018-12-31,,144.02999877929688,,,1257,0.0806645979720313,0.11225616341772526
UNH,2018-12,83210007.34,2018-12-31,962034200.0,249.1199951171875,239661955206.56738,0.0003471973983867416,1257,0.004552135918344691,-0.1644482903327591
LHX,2018-12,52235393.370000005,2018-12-31,117658904.0,134.64999389648438,15842770705.467041,0.003297112250193368,1257,0.05755001899993095,0.05823937317564831
BAH,2018-12,72340325.25,2018-12-31,,45.06999969482422,,,1257,0.010016430799833387,0.1420040063586956
GD,2018-12,2500507122.66,2018-12-31,296149755.0,157.2100067138672,46557704971.86012,0.05370769723660837,1257,0.014957421959183037,-0.062132024272743
OSK,2018-12,30358752.56,2018-12-31,,61.310001373291016,,,1257,0.1440412012591088,0.11012332419024418
HUM,2018-12,410000000.0,2018-12-31,137186880.0,286.4800109863281,39301298889.58008,0.010432225182987602,1257,-0.0014917437866215355,-0.2317008690100396
MSFT,2018-12,10790970.92,2018-12-31,7676218736.0,101.56999969482422,779673534672.924,1.3840370924642009e-05,1257,-0.051907753730752626,0.029201547548026285
HII,2018-12,1168989199.0,2018-12-31,42954292.0,190.30999755859375,8174631205.651123,0.1430020718478257,1257,0.004743329117367079,-0.037184132839284345
KTOS,2018-12,37951523.0,2018-12-31,,14.09000015258789,,,1257,0.019295456561320812,-0.02934336917527003
RTX,2018-12,626178117.89,2018-12-31,800984201.0,67.01069641113281,53674509123.32478,0.011666210424975981,1257,0.028780972396359017,0.09680475729349935
ACN,2019-01,30383600.12,2019-01-31,656671417.0,153.5500030517578,100831898084.35213,0.0003013292489503891,1278,0.025288181214410344,0.09448484699592297
GD,2019-01,260906562.64,2019-01-31,296149755.0,171.1699981689453,50691953021.0836,0.005146902951864663,1278,-0.06090475194115108,-0.05743278557274256
HII,2019-01,935849217.0,2019-01-31,42954292.0,206.4499969482422,8867913452.313904,0.10553206478980791,1278,-0.03156250082357004,-0.07382793166578039
TXT,2019-01,466875078.46999997,2019-01-31,242961492.0,53.22999954223633,12932840107.941055,0.036099965249189785,1278,-0.01836298643819445,-0.09700066698013399
SAIC,2019-01,81288802.72,2019-01-31,,67.13999938964844,,,1278,0.07364549481620242,0.013242640464891542
BA,2019-01,3546983329.35,2019-01-31,567885369.0,385.6199951171875,218987953220.90222,0.016197161885759127,1278,0.09261736928097397,-0.10404515641353973
HON,2019-01,11189456.77,2019-01-31,740288303.0,141.97409057617188,105101758582.60257,0.000106463078457492,1278,0.04633404801229801,0.11609254476128328
RTX,2019-01,167436502.15,2019-01-31,800984201.0,74.30459594726562,59516807415.448395,0.0028132641756341854,1278,0.03620718328938621,0.10760401017712162
GE,2019-01,10504516.15,2019-01-31,8698115000.0,48.691162109375,423521327510.9863,2.480280323008647e-05,1278,0.027436896661539034,-0.033151295794946245
CACI,2019-01,42948651.0,2019-01-31,,167.17999267578125,,,1278,0.058528956679465116,0.12904996735230845
UNH,2019-01,73841464.31,2019-01-31,962034200.0,270.20001220703125,259941652583.58154,0.000284069380863296,1278,-0.1615818563983762,-0.21990338302332046
MCK,2019-01,223485898.35,2019-01-31,191825272.0,128.25,24601591134.0,0.009084205047255541,1278,-0.09575562211028776,-0.1243604666521575
LMT,2019-01,2441052281.61,2019-01-31,284425688.0,289.69000244140625,82395278251.11865,0.029626118552210347,1278,0.024274046824259266,0.07274585260091149
LDOS,2019-01,152603247.6,2019-01-31,149760061.0,58.0,8686083538.0,0.017568705957338445,1278,0.07008944826196517,0.18396083310884004
NOC,2019-01,474713106.49,2019-01-31,169737507.0,275.54998779296875,46771167981.85895,0.010149695356637794,1278,-0.00337664471993393,-0.02687898205096162
HUM,2019-01,400000000.0,2019-01-31,137186880.0,308.989990234375,42389372711.484375,0.009436327419198389,1278,-0.13647744387975624,-0.2811885339928253
MCK,2019-02,182153588.25,2019-02-28,191825272.0,127.16000366210938,24392502290.005127,0.007467605663591052,1297,-0.09752822264273575,-0.03169623040124547
HON,2019-02,88702895.42,2019-02-28,729085890.0,152.29371643066406,111035199785.25833,0.000798871849571587,1297,0.013378439248518115,0.07342254329475062
SAIC,2019-02,76887772.9,2019-02-28,,74.69999694824219,,,1297,0.012020064740915437,0.03844676274936787
TXT,2019-02,314416024.16999996,2019-02-28,234679051.0,54.29999923706055,12743072290.254093,0.024673486660706262,1297,-0.08477933415915384,-0.15561781590292711
LMT,2019-02,2878076977.27,2019-02-28,282562534.0,309.4100036621094,87427674679.7149,0.032919518765809924,1297,-0.04799641566839585,0.09953396372389967
LDOS,2019-02,177936106.0,2019-02-28,146160889.0,64.58999633789062,9440531285.252838,0.018848102995851095,1297,-0.020804086216550943,0.1587542371515267
BA,2019-02,3002410347.45,2019-02-28,564985109.0,439.9599914550781,248570843727.88638,0.012078690736298808,1297,-0.15115829807315417,-0.20586600663601973
OSK,2019-02,317649832.33,2019-02-28,,77.80999755859375,,,1297,-0.052543411269062035,-0.03669065927297943
BAH,2019-02,159700078.26,2019-02-28,,52.86000061035156,,,1297,0.08178573148529766,0.1814320378911194
GE,2019-02,147172279.07999998,2019-02-28,8705080100.0,51.785160064697266,450793966354.51086,0.00032647348914218073,1297,-0.05558093166114708,-0.09324730870604159
GD,2019-02,798017954.53,2019-02-28,288235928.0,170.22000122070312,49063520016.0105,0.016264995953604415,1297,-0.023622996613613778,-0.0468307710346576
CACI,2019-02,82844522.0,2019-02-28,,182.25999450683594,,,1297,-0.019417527417146085,0.10264072828797022
NOC,2019-02,503602463.57,2019-02-28,169737507.0,289.9599914550781,49217086079.32626,0.010232268988015917,1297,-0.08831746768136572,0.06279144181547203
LHX,2019-02,18248646.0,2019-02-28,117829781.0,164.92999267578125,19433664917.31891,0.0009390223654487917,1297,-0.045603163754404985,0.13562017822457517
UNH,2019-02,66788412.96,2019-02-28,959538515.0,242.22000122070312,232419420274.61166,0.0002873615848498682,1297,0.006603049173707021,0.003455383246794508
ACN,2019-02,111732663.96000001,2019-02-28,656671417.0,161.3800048828125,105973636481.8634,0.0010543439639265585,1297,0.07261696549961849,0.11158007751037391
ACN,2019-03,234965556.34,2019-03-29,656118796.0,176.02000427246094,115490033275.16193,0.002034509382988751,1318,0.005523329114198949,0.016118915970562808
AVAV,2019-03,28532326.0,2019-03-29,,68.41000366210938,,,1318,-0.03865972247164229,-0.21243653355377956
GD,2019-03,2818347396.71,2019-03-29,288235928.0,169.27999877929688,48792577539.9895,0.057761805971413054,1318,0.021309816251372293,0.03829977176916022
TXT,2019-03,37010660.88,2019-03-29,234679051.0,50.65999984741211,11888840687.850819,0.003113058863495506,1318,0.005337977683491202,0.0051237802030899005
SAIC,2019-03,123821684.22,2019-03-29,,76.94999694824219,,,1318,-0.06200925594136697,0.08818325264943416
LDOS,2019-03,156249553.51,2019-03-29,146160889.0,64.08999633789062,9367450840.752838,0.016680050545900982,1318,0.10566032717794682,0.20866907175515248
HII,2019-03,2510248191.64,2019-03-29,41529911.0,207.1999969482422,8604997432.46077,0.2917198071635153,1318,0.03337567587116674,0.04682685060638159
NOC,2019-03,873243784.89,2019-03-29,169737507.0,269.6000061035156,45761232923.195526,0.019082610522221502,1318,0.034481788867907204,0.16132121247188125
MCK,2019-03,163007631.95,2019-03-29,191825272.0,117.05999755859375,22455065871.996582,0.007259280951532842,1318,-0.022143970533481605,0.10938445185053869
BA,2019-03,2287268894.5499997,2019-03-29,564985109.0,381.4200134277344,215496627861.24997,0.010613942859573119,1318,-0.05063154542018433,-0.08244827111867914
UNH,2019-03,12000000.0,2019-03-29,959538515.0,247.25999450683594,237255487947.9975,5.05783874749831e-05,1318,-0.09824130220918581,-0.05105986035755361
RTX,2019-03,82053661.11,2019-03-29,861748797.0,81.11390686035156,69899811656.878,0.001173875281850292,1318,0.0655954329437003,-0.026549704914363037
LHX,2019-03,13624679.78,2019-03-29,117829781.0,159.7100067138672,18818595114.6035,0.0007240008989527094,1318,0.01418461774511437,0.14635919747664028
CACI,2019-03,158712063.12,2019-03-29,,182.02000427246094,,,1318,0.030128904104044896,0.0817113833861618
GE,2019-03,236462120.57999998,2019-03-29,8705080100.0,49.791507720947266,433439063010.6144,0.0005455487074412795,1318,-0.022833984671089658,0.009776810321968865
BAH,2019-03,164327534.8,2019-03-29,,58.13999938964844,,,1318,-0.02107233835719624,0.10053751089352936
OSK,2019-03,39157707.86,2019-03-29,,75.12999725341797,,,1318,0.058442093679658136,0.07292171136789971
LMT,2019-03,4024870281.75,2019-03-29,282562534.0,300.1600036621094,84813971240.2149,0.04745527444235026,1318,0.06965557331597605,0.17671048279859147
KTOS,2019-03,31876680.93,2019-03-29,,15.630000114440918,,,1318,-0.02485741350540227,0.4222053799523735
HON,2019-03,96127878.06,2019-03-29,729085890.0,157.08779907226562,114530497794.74396,0.0008393212280651723,1318,0.051710206113193546,0.061663818985777885
NOC,2019-04,1332193859.68,2019-04-30,169799679.0,289.9100036621094,49226625560.715,0.02706246557641662,1339,0.11962480600828984,0.19475479551505082
BAH,2019-04,61447214.980000004,2019-04-30,,59.290000915527344,,,1339,0.10934033813183408,0.15078073234455647
LHX,2019-04,20722363.26,2019-04-30,117829781.0,168.5,19854318098.5,0.0010437207239852564,1339,0.16332527567495703,0.1636283481524754
LDOS,2019-04,369538141.64,2019-04-30,144212482.0,73.4800033569336,10596733661.471725,0.03487283472864758,1339,0.06935538396361274,0.12523314719238754
TXT,2019-04,131839602.72,2019-04-30,232762261.0,53.0,12336399833.0,0.010687040344406451,1339,-0.07845093602095099,-0.07756114852377116
LMT,2019-04,5867798619.2,2019-04-30,282538809.0,333.3299865722656,94178657410.11392,0.06230497206652526,1339,0.07687313635764026,0.07732814466031557
HON,2019-04,129792969.29,2019-04-30,727742035.0,171.6282196044922,124901069798.40004,0.0010391661936882996,1339,0.008508620358077312,-0.02127534652604135
HII,2019-04,666265509.0,2019-04-30,41529911.0,222.5800018310547,9243727666.423538,0.07207757876945142,1339,-0.02484429365898555,0.023988186791491728
CACI,2019-04,41728777.0,2019-04-30,,194.94000244140625,,,1339,0.08719936270313,0.07688534907273636
ACN,2019-04,57808874.55,2019-04-30,656118796.0,182.6699981689453,119853219263.9306,0.00048233059491458623,1339,0.029906913950304426,0.04329488879580223
BA,2019-04,2318587174.91,2019-04-30,562630423.0,377.69000244140625,212499885836.47943,0.010911004331993728,1339,-0.01735324141988359,-0.10251615660177127
MCK,2019-04,1369357849.12,2019-04-30,191825272.0,119.25,22875163686.0,0.05986220985854938,1339,0.08955759378934203,0.17114959717868095
OSK,2019-04,19667533.58,2019-04-30,,82.58999633789062,,,1339,-0.0361221986096979,-0.010126866949064173
RTX,2019-04,474304703.85,2019-04-30,862291415.0,89.7482681274414,77389161117.41086,0.006128826013896304,1339,-0.04369307294501201,-0.07378790510332012
GE,2019-04,89968946.8,2019-04-30,8720808000.0,50.68865203857422,442046002207.21436,0.00020352847068126175,1339,-0.017846958259820966,0.007648282196800915
GD,2019-04,423341035.24,2019-04-30,288871990.0,178.72000122070312,51627202405.42694,0.008199960786476768,1339,-0.04128385228267606,0.03634222252872177
MSFT,2019-04,12209577.3,2019-04-30,7662817920.0,130.60000610351562,1000764067122.1289,1.220025548590165e-05,1339,0.017257315756971092,0.05087115803020548
SAIC,2019-04,81673168.46,2019-04-30,,74.94999694824219,,,1339,0.08647384933970614,0.12933429992726198
KTOS,2019-05,25413946.0,2019-05-31,,22.049999237060547,,,1361,-0.04619010570422333,-0.16374448312134504
BA,2019-05,845791827.21,2019-05-31,562630423.0,341.6099853515625,192200170559.3734,0.004400577922217414,1361,-0.03582610809499842,0.00042721428312919585
TXT,2019-05,12402866.03,2019-05-31,232762261.0,45.29999923706055,10544130245.716488,0.0011762815652849713,1361,0.09403245531042526,-0.08332198753875109
ACN,2019-05,20872708.08,2019-05-31,656118796.0,178.07000732421875,116835078809.27759,0.00017865103779381836,1361,-0.02987811296605125,0.0480248440627582
BAH,2019-05,149249951.86,2019-05-31,,63.16999816894531,,,1361,-0.020164461900260777,0.13052680433724118
RTX,2019-05,908917978.98,2019-05-31,862291415.0,79.48395538330078,68538332357.2633,0.013261454542578729,1361,-0.03939173838930743,-0.03653755561158811
HON,2019-05,21413156.36,2019-05-31,727742035.0,162.41566467285156,118196706324.8986,0.00018116542351983656,1361,-0.0032209095364377216,-0.06737178163707935
OSK,2019-05,39925960.97,2019-05-31,,71.19000244140625,,,1361,0.09376139464300559,-0.08410067090667006
HUM,2019-05,600000000.0,2019-05-31,135035018.0,244.86000061035156,33064674589.898834,0.018146254497943805,1361,-0.010565646412783014,0.0757761801313308
LHX,2019-05,58399901.09,2019-05-31,118125597.0,187.19000244140625,22111930790.82257,0.0026411036486347246,1361,-0.12759005660777978,0.07143095804086186
SAIC,2019-05,56396171.16,2019-05-31,,76.73999786376953,,,1361,0.041500570036379525,0.06794224527085779
MCK,2019-05,183800553.91,2019-05-31,189961556.0,122.13999938964844,23201904333.896667,0.007921787421624603,1361,0.0197700353040009,0.06147094309830847
CACI,2019-05,64766371.79,2019-05-31,,203.52000427246094,,,1361,-0.0513387968937018,0.017589722239872874
GD,2019-05,688338616.69,2019-05-31,288871990.0,160.82000732421875,46456395547.561646,0.014816875234870193,1361,0.05576079700354852,0.11667899492502909
NOC,2019-05,534292963.94,2019-05-31,169799679.0,303.25,51491752656.75,0.010376282343731023,1361,-0.028876086344383767,0.14523633983720563
GE,2019-05,26376678.0,2019-05-31,8720808000.0,47.05023193359375,410316039048.33984,6.428380928314754e-05,1361,0.04784646830098627,-0.20811579352151843
LDOS,2019-05,165923862.01,2019-05-31,144212482.0,75.33000183105469,10863526533.120941,0.015273480623822102,1361,-0.01073122388466885,0.09421356351580457
UNH,2019-05,51000000.0,2019-05-31,950343113.0,241.8000030517578,229792967623.617,0.00022193890669245384,1361,-0.07137913265147988,-0.11006576141302526
LMT,2019-05,926647222.54,2019-05-31,282538809.0,338.5400085449219,95650690813.13205,0.009687825719422604,1361,-0.011564910578589105,0.06749981392628612
ACN,2019-06,68349872.92,2019-06-28,654600026.0,184.77000427246094,120950449600.77304,0.0005651063980795913,1381,0.03253552675974225,0.022926990658842072
MCK,2019-06,166818386.05,2019-06-28,189961556.0,134.38999938964844,25528933394.896667,0.006534483186961021,1381,0.03414710614176908,-0.0013584265332506895
HUM,2019-06,91264591.8,2019-06-28,135035018.0,265.29998779296875,35824788627.023315,0.002547526316209927,1381,0.04609772088295094,-0.039880754159497545
UNH,2019-06,39900000.0,2019-06-28,950343113.0,244.00999450683594,231893217782.73938,0.00017206195326239463,1381,0.018403696193055374,-0.12651014862143928
GE,2019-06,145741047.54,2019-06-28,8720808000.0,52.33341598510742,456389672790.2527,0.00031933467435618244,1381,-0.02444362774437514,-0.15096421946876581
LMT,2019-06,1808287368.9,2019-06-28,282538809.0,363.5400085449219,102714161038.13205,0.0176050444322734,1381,-0.01960930106786285,0.06021883470945388
CACI,2019-06,139478265.24,2019-06-28,,204.58999633789062,,,1381,0.026195572364151154,0.09913279159321853
HON,2019-06,66799033.29,2019-06-28,727742035.0,172.5771484375,125591645198.40332,0.0005318748168675892,1381,-0.03024360583642538,-0.04552855634287267
BA,2019-06,2013238774.23,2019-06-28,562630423.0,364.010009765625,204803105770.66772,0.009830118379573616,1381,-0.07181438487563396,0.04550011426224443
BAH,2019-06,129593044.12,2019-06-28,,66.20999908447266,,,1381,0.02530512331953627,0.06107199433649835
TXT,2019-06,22952932.49,2019-06-28,232762261.0,53.040000915527344,12345710536.540215,0.0018591827843415785,1381,-0.07725375346480123,-0.08488300892288048
SAIC,2019-06,20115944.39,2019-06-28,,86.55999755859375,,,1381,-0.024449620836452635,-0.021621678847615344
OSK,2019-06,135220136.51,2019-06-28,,83.48999786376953,,,1381,-0.023234171076336407,-0.11096236433407602
LDOS,2019-06,308999248.15,2019-06-28,144212482.0,79.8499984741211,11515366467.649216,0.026833644332387458,1381,0.030383088907561584,0.05610833476991606
LHX,2019-06,16391475.0,2019-06-28,118125597.0,189.1300048828125,22341094737.39514,0.0007336916651878968,1381,0.031125195802751193,0.09572257264276351
RTX,2019-06,675376985.27,2019-06-28,862291415.0,81.93832397460938,70654713322.79434,0.009558838377624732,1381,0.012821534970601345,0.04092572529630978
GD,2019-06,601995384.58,2019-06-28,288871990.0,181.82000732421875,52522707337.561646,0.011461621365231543,1381,0.019613289821073243,-0.000622601741540274
NOC,2019-06,578989399.74,2019-06-28,169799679.0,323.1099853515625,54863971794.390015,0.010553180544599274,1381,0.06588009891188329,0.14005622733940482
LHX,2019-07,435960817.83,2019-07-31,118125597.0,207.60000610351562,24522874658.181427,0.017777720756915947,1403,0.04376279531169325,-0.04286635407265549
KTOS,2019-07,15115603.55,2019-07-31,,24.649999618530273,,,1403,-0.17476879146336655,-0.23955689966371208
MCK,2019-07,1391698627.6100001,2019-07-31,189961556.0,138.9499969482422,26395157626.483337,0.052725528193612765,1403,0.00918175007933053,0.054270570233895254
NOC,2019-07,711015747.57,2019-07-31,169198172.0,345.57000732421875,58469813537.284424,0.012160390200605085,1403,0.08101068154046676,-0.01589874388662227
AVAV,2019-07,45190880.98,2019-07-31,,54.849998474121094,,,1403,-0.044404770543633676,0.048785067794787196
BAH,2019-07,203925692.23000002,2019-07-31,,68.75,,,1403,0.1137305467788694,-0.0036137887619458464
UNH,2019-07,27927490.0,2019-07-31,950343113.0,249.00999450683594,236644933347.73938,0.00011801431623706802,1403,-0.05754608088992963,-0.006190875519896943
GE,2019-07,29986935.52,2019-07-31,8727072000.0,52.08420944213867,454542645864.624,6.597166578937674e-05,1403,-0.2076173126540164,-0.15526037661430236
RTX,2019-07,26203563.0,2019-07-31,862831280.0,84.07803344726562,72545157219.18701,0.0003612034766266877,1403,-0.00854088356117011,0.045055904709722316
HII,2019-07,197995376.0,2019-07-31,41552248.0,228.3000030517578,9486378345.207397,0.020871545366944914,1403,-0.07196245683407565,-0.04510856188544954
HUM,2019-07,770000000.0,2019-07-31,135089290.0,296.75,40087746807.5,0.019207864280761745,1403,-0.041857447557213434,-0.02512586259600258
BA,2019-07,526295395.27,2019-07-31,562710008.0,341.17999267578125,191985396408.0288,0.0027413303569791226,1403,0.08613307792679681,0.004956058949801445
TXT,2019-07,52213563.92,2019-07-31,230123580.0,49.29999923706055,11345092318.429642,0.004602304014325312,1403,-0.07923107449448474,-0.0681892545168461
LDOS,2019-07,280420864.83,2019-07-31,143807816.0,82.0999984741211,11806621474.166687,0.023751152304117732,1403,0.07842557161572916,0.03227194775128672
SAIC,2019-07,72363559.4,2019-07-31,,85.37000274658203,,,1403,0.033174162972035015,-0.05968692895208283
GD,2019-07,510771244.99,2019-07-31,288844120.0,185.94000244140625,53707676377.98584,0.009510209330138871,1403,0.035290796494291676,-0.07195220514461964
CACI,2019-07,19995366.0,2019-07-31,,215.14999389648438,,,1403,0.04326417633505719,0.014390201576904182
HON,2019-07,55835079.81,2019-07-31,719508043.0,170.47171020507812,122655766596.51889,0.00045521773137394963,1403,-0.03030223338039828,-0.015038139915755089
LMT,2019-07,2509263046.5,2019-07-31,282397501.0,362.1700134277344,102275906729.12863,0.02453425373334139,1403,0.07776905029362613,0.00641323236299951
ACN,2019-07,37289777.69,2019-07-31,654600026.0,192.5800018310547,126062874205.68845,0.0002958030104022278,1403,0.04829288525273667,-0.06041723708111135
OSK,2019-08,125479317.77,2019-08-30,,70.2699966430664,,,1425,0.028815049855695163,0.21188048295311268
HUM,2019-08,260000000.0,2019-08-30,135089290.0,283.2099914550781,38258636666.57257,0.006795851150314717,1425,-0.10725270160535638,0.12767105444449078
NOC,2019-08,365898273.58,2019-08-30,169198172.0,367.8699951171875,62242930707.47705,0.005878551498476369,1425,-0.003953530441853648,-0.11643439607886985
LDOS,2019-08,760466752.66,2019-08-30,143807816.0,87.36000061035156,12563050893.533325,0.060532012415188165,1425,-0.03302757213810503,-0.03576528624520292
MCK,2019-08,173733196.73,2019-08-30,184904125.0,138.27000427246094,25566694153.74565,0.006795293739787128,1425,-0.025195001166905873,-0.030701885651067462
SAIC,2019-08,45984845.9,2019-08-30,,88.01000213623047,,,1425,-0.03960016574327174,-0.10561123994504296
RTX,2019-08,130939204.27,2019-08-30,862831280.0,81.9635009765625,70720672460.88867,0.0018514982919939648,1425,0.019925916769653496,0.06493564282047393
GD,2019-08,522676270.45,2019-08-30,288844120.0,191.27000427246094,55247216066.47522,0.009460680694228993,1425,-0.07299758488663666,-0.12402997981603858
TXT,2019-08,15226139.96,2019-08-30,230123580.0,45.0,10355561100.0,0.0014703346166341485,1425,0.057529350048223904,-0.05175359710781602
MSFT,2019-08,11526823.99,2019-08-30,7635409400.0,137.86000061035156,1052617544544.284,1.0950628791761567e-05,1425,-0.013061567585029299,0.022096464347616473
LMT,2019-08,2302361219.04,2019-08-30,282397501.0,384.1099853515625,108471699972.42786,0.02122545529963328,1425,-0.007122885203867169,-0.05545980359064928
BAH,2019-08,163168080.61,2019-08-30,,75.51000213623047,,,1425,-0.07871261798033369,-0.11251905257871453
LHX,2019-08,117036216.94,2019-08-30,223280849.0,211.41000366210938,47203805104.76889,0.0024793809880419176,1425,-0.04041775910508849,-0.12163104616600662
HON,2019-08,190046582.56,2019-08-30,719508043.0,162.7220916748047,117079853733.80531,0.0016232218994063064,1425,-0.009943191723162048,0.010299881007488354
BA,2019-08,1872323039.48,2019-08-30,562710008.0,364.0899963378906,204877084752.0144,0.009138762598785908,1425,0.022469098609823934,-0.06810122083833936
CACI,2019-08,289707967.01,2019-08-30,,222.2899932861328,,,1425,0.010033431177368213,-0.0030991839994505277
UNH,2019-08,57400000.0,2019-08-30,947680609.0,234.0,221757262506.0,0.0002588415790822046,1425,-0.07470590505836461,0.12195519058797943
ACN,2019-08,18173552.07,2019-08-30,654600026.0,198.1699981689453,129722085953.81155,0.0001400960517738731,1425,-0.0504761196006458,-0.06026147059269582
HII,2019-08,11878503.0,2019-08-30,41334537.0,209.0,8638918233.0,0.0013749988921790042,1425,-0.019436813089546257,0.1294451908730183
GE,2019-08,143680709.0,2019-08-30,8727072000.0,41.11911392211914,358849467774.53613,0.00040039270474904,1425,0.03743294355639848,0.2878263982837239
LDOS,2019-09,904573980.97,2019-09-30,143807816.0,85.87999725341797,12350214843.100037,0.07324358259851473,1445,-0.015761747627897282,0.05898132749944218
MSFT,2019-09,10201175.41,2019-09-30,7635409400.0,139.02999877929688,1061550959561.4319,9.609689782782075e-06,1445,0.0056322292073172076,0.05011875584034642
HUM,2019-09,308236000.0,2019-09-30,135089290.0,255.6699981689453,34538278526.94412,0.008924474905706081,1445,0.13541640757306594,0.3533570254160323
LMT,2019-09,2917770950.52,2019-09-30,282397501.0,390.05999755859375,110151968550.61298,0.026488595609431467,1445,-0.07030814512782713,-0.07636345032460623
MCK,2019-09,208182613.05,2019-09-30,184904125.0,136.66000366210938,25268998399.63913,0.008238657099007656,1445,0.07152330935181839,-0.08068194736264878
LHX,2019-09,384210499.58,2019-09-30,223280849.0,208.63999938964844,46585316199.080185,0.008247459305376275,1445,-0.04878060119509997,-0.12473750901780145
NOC,2019-09,2377816502.5099998,2019-09-30,169198172.0,374.7900085449219,63413784329.66516,0.037496839648436656,1445,-0.09539487876034058,-0.15236282130492795
HON,2019-09,218485973.28,2019-09-30,719508043.0,167.24928283691406,120337204187.14153,0.001815614503892106,1445,0.0017038976180341336,-0.039379880256595
UNH,2019-09,21899190.0,2019-09-30,947680609.0,217.32000732421875,205949956888.9001,0.00010633257870412443,1445,0.1392149900476789,0.2701173401605248
BAH,2019-09,689480684.35,2019-09-30,,71.0199966430664,,,1445,-0.036907183366466256,-0.08292203301496093
CACI,2019-09,312356414.72,2019-09-30,,231.25999450683594,,,1445,-0.05551491571251044,-0.002005807010829308
GD,2019-09,1520430277.04,2019-09-30,288844120.0,182.72999572753906,52780484813.52478,0.028806675088562203,1445,-0.05278427417534126,-0.11842847181173921
SAIC,2019-09,364310607.01,2019-09-30,,87.3499984741211,,,1445,-0.07910758290085751,-0.07829152706204145
ACN,2019-09,64432889.11,2019-09-30,654600026.0,192.35000610351562,125912318996.46149,0.0005117282377414616,1445,-0.056824036401845635,0.012557363729765347
RTX,2019-09,3561357489.95,2019-09-30,862831280.0,85.9156723022461,74130729504.60754,0.048041581591729055,1445,0.018440262097749294,0.016093992250370226
TXT,2019-09,12358190.0,2019-09-30,230123580.0,48.959999084472656,11266850266.11557,0.0010968628949624523,1445,-0.05948624544334313,-0.17811978240765958
GE,2019-09,354159934.55,2019-09-30,8727072000.0,44.55816650390625,388862327267.5781,0.0009107591806040413,1445,-0.007158578636658586,0.15326289324237852
BA,2019-09,4028899976.83,2019-09-30,562710008.0,380.4700012207031,214094277430.66187,0.01881834500753916,1445,-0.10459765432582191,-0.22434174215413438
HII,2019-09,140599624.0,2019-09-30,41334537.0,211.7899932861328,8754241313.715408,0.01606074346839404,1445,0.02919931231520101,0.10665685676483028
OSK,2019-09,36641524.42,2019-09-30,,75.80000305175781,,,1445,0.09162427661972194,0.1663831526234505
OSK,2019-10,24989956.07,2019-10-31,,85.37999725341797,,,1468,0.028920090102070084,-0.03627834125144869
LMT,2019-10,1872971314.05,2019-10-31,282071418.0,376.67999267578125,106250659666.28723,0.017627855863979015,1468,-0.002734196314545523,0.05835197770632816
CACI,2019-10,96874912.69,2019-10-31,,223.75,,,1468,0.03271586840070051,0.1441742551671612
MCK,2019-10,1476484888.1399999,2019-10-31,180187900.0,133.0,23964990700.0,0.061610075573281985,1468,0.0546595663544458,0.011203609263803038
GE,2019-10,239542381.38,2019-10-31,8733549000.0,49.74166488647461,434421267627.60547,0.0005514057419153348,1468,0.09084058359364078,0.1557786937406329
ACN,2019-10,26842327.36,2019-10-31,660463227.0,185.4199981689453,122463090340.99571,0.00021918708147294132,1468,0.04902550489774771,0.05123991271655037
RTX,2019-10,447761348.0,2019-10-31,863268940.0,90.35871887207031,78003875460.45013,0.005740244896255519,1468,-0.012546024371934639,-0.024225039214118338
NOC,2019-10,192773015.35,2019-10-31,168532761.0,352.4800109863281,59404429448.83621,0.003245094972522737,1468,-0.05425386030917145,-0.037944004529242736
HON,2019-10,194933220.95,2019-10-31,714533499.0,170.73858642578125,121998439573.12738,0.0015978337233826224,1468,-0.013174392286918746,-0.07702487888811249
LHX,2019-10,178167824.39,2019-10-31,221064649.0,206.30999755859375,45607847195.481384,0.0039065168681685115,1468,-0.08229362039889965,0.0008135636428807658
BAH,2019-10,25411245.07,2019-10-31,,70.37000274658203,,,1468,0.019856294797956364,0.04663320651262648
UNH,2019-10,212819091.81,2019-10-31,947680609.0,252.6999969482422,239478887002.2083,0.0008886758013370821,1468,0.07929177008693244,0.014745579126357988
GD,2019-10,1072218034.79,2019-10-31,289306108.0,176.8000030517578,51149320777.292175,0.02096250778106154,1468,-0.020665380997114013,-0.0691680678036648
HUM,2019-10,817241223.02,2019-10-31,135089290.0,294.20001220703125,39743270767.039185,0.02056300871184899,1468,0.12233230341320156,0.06007781593652051
SAIC,2019-10,18367902.06,2019-10-31,,82.62000274658203,,,1468,-0.003672786807722206,0.013579845631126908
BA,2019-10,1359211132.68,2019-10-31,562791233.0,339.9100036621094,191298370070.03305,0.007105189302880113,1468,0.023625797711952945,-0.13870901478782938
LDOS,2019-10,439298046.28000003,2019-10-31,141563826.0,86.2300033569336,12207049191.200363,0.035987243059254215,1468,0.014584854877476738,0.11887212359847665
HUM,2019-11,1174439222.56,2019-11-29,132426045.0,341.2300109863281,45187740790.22598,0.025990217745385243,1488,0.04665349438525146,-0.004995042282884388
BA,2019-11,1372453127.22,2019-11-29,562791233.0,366.17999267578125,206082889577.9339,0.006659714108390268,1488,-0.13943822033135744,-0.18902792106209854
TXT,2019-11,59689577.269999996,2019-11-29,228262751.0,46.2400016784668,10554869989.371449,0.005655169351219508,1488,-0.06408345682952754,-0.0836680943135577
MCK,2019-11,111070405.27,2019-11-29,180187900.0,144.63999938964844,26062377746.022034,0.004261714197851842,1488,-0.07274999500678703,0.06476002934637726
MSFT,2019-11,21781774.96,2019-11-29,7628805618.0,151.3800048828125,1154848631702.8674,1.88611514635316e-05,1488,0.012693902968563098,0.12977153074827297
UNH,2019-11,179693300.0,2019-11-29,947414929.0,279.8699951171875,265153011553.18054,0.0006776966210846137,1488,0.025399081894395215,-0.022336097659803045
CACI,2019-11,76128902.0,2019-11-29,,239.32000732421875,,,1488,0.01552922505966281,0.08277241399046731
OSK,2019-11,21791159.75,2019-11-29,,90.45999908447266,,,1488,0.017263445796757537,-0.131244292817708
LHX,2019-11,94096382.93,2019-11-29,221064649.0,201.08999633789062,44453889457.84708,0.0021167187860856563,1488,-0.045068159566873045,0.028083419310767632
HON,2019-11,149869019.0,2019-11-29,714533499.0,176.49148559570312,126109078746.40585,0.0011884078489017692,1488,-0.03773644173682733,-0.048331491073582034
HII,2019-11,537919516.8,2019-11-29,40900357.0,251.6699981689453,10293392771.29921,0.05225871865104249,1488,-0.03219436005515364,-0.1311576322553345
BAH,2019-11,61818521.29,2019-11-29,,72.76000213623047,,,1488,-0.051457855307065814,0.06982818419626224
GD,2019-11,725036048.08,2019-11-29,289306108.0,181.74000549316406,52578493657.125916,0.01378959338029146,1488,-0.058713114217719964,-0.06877076210149291
SAIC,2019-11,14000000.0,2019-11-29,,85.3499984741211,,,1488,-0.009488695370553524,0.01597078375368033
LDOS,2019-11,167654560.29,2019-11-29,141563826.0,90.83999633789062,12859657435.417786,0.013037249330472015,1488,0.05258670287811351,0.24811727598222477
RTX,2019-11,970080669.77,2019-11-29,863268940.0,93.35430908203125,80589875445.67749,0.012037252376992364,1488,-0.019482703737354834,-0.06225945464110161
ACN,2019-11,33238790.0,2019-11-29,660463227.0,201.16000366210938,132858785162.00858,0.00025018134825987215,1488,0.017723194037613244,-0.05058367830682309
LMT,2019-11,19414306404.780003,2019-11-29,282071418.0,391.0299987792969,110298386236.21454,0.1760162325784387,1488,-0.03327527714282208,0.011272115419591167
GE,2019-11,429870137.4,2019-11-29,8733549000.0,56.171199798583984,490573925829.7234,0.0008762596517394333,1488,-0.03791825468236387,0.006338148245796482
NOC,2019-11,276437031.0,2019-11-29,168532761.0,351.7699890136719,59284767485.41379,0.0046628677605594655,1488,-0.05122894331759131,-0.020166671873912634
HUM,2019-12,355000000.0,2019-12-31,132426045.0,366.5199890136719,48536792558.52402,0.007314039129634556,1509,-0.08221114183289058,0.04754670250335735
HON,2019-12,244247030.8,2019-12-31,714533499.0,174.95936584472656,125014327859.85356,0.001953752301686663,1509,-0.020951986941583622,-0.032479425196858536
SAIC,2019-12,108375838.80000001,2019-12-31,,87.0199966430664,,,1509,0.012952447845826054,0.048659203549218044
UNH,2019-12,18199239.77,2019-12-31,947414929.0,293.9800109863281,278521051236.03125,6.534242093814713e-05,1509,-0.07283231664147027,0.04149197946547534
NOC,2019-12,780382945.35,2019-12-31,168532761.0,343.9700012207031,57970214006.89847,0.013461791692836157,1509,0.08936502949022929,0.12647446145077013
BAH,2019-12,34869265.96,2019-12-31,,71.12999725341797,,,1509,0.09755006837731806,0.2132231757378602
GD,2019-12,4019494951.28,2019-12-31,289306108.0,176.35000610351562,51019133911.58435,0.07878406870343477,1509,0.0008622235108080023,-0.042763245698933416
MCK,2019-12,123810056.97,2019-12-31,180187900.0,138.32000732421875,24923591647.735596,0.004967584877809881,1509,0.03141906919747961,0.19537946474135537
LDOS,2019-12,305921145.39,2019-12-31,141563826.0,97.88999938964844,13857682840.736298,0.022075923435822084,1509,0.02675980039157211,0.12455614773544166
BA,2019-12,4055227303.75,2019-12-31,562791233.0,325.760009765625,183334877558.08813,0.02211923534552303,1509,-0.022588636905797266,-0.3656679274103871
HII,2019-12,59107261.0,2019-12-31,40900357.0,250.8800048828125,10261081763.868774,0.005760334276657646,1509,0.0407420726643577,-0.0758899573446743
LHX,2019-12,272411151.37,2019-12-31,221064649.0,197.8699951171875,43742061018.21277,0.006227670691067275,1509,0.11896648605438975,0.13017392567384978
GE,2019-12,631510263.16,2019-12-31,8733549000.0,55.62294387817383,485785705884.2811,0.0012999770382507547,1509,0.11599539424195382,-0.1378198188195876
CACI,2019-12,82324046.71000001,2019-12-31,,249.99000549316406,,,1509,0.0702066485583599,0.04784206402609914
LMT,2019-12,14765322769.91,2019-12-31,282071418.0,389.3800048828125,109832970118.14185,0.13443433928835466,1509,0.09989548630940104,0.10557077743918364
KTOS,2019-12,15752543.0,2019-12-31,,18.010000228881836,,,1509,0.01872701952239053,-0.02301857022329723
RTX,2019-12,1013158924.0300001,2019-12-31,863268940.0,94.24795532226562,81361332488.2196,0.012452585190596485,1509,0.003341762570955531,-0.156257628357092
OSK,2019-12,829914462.54,2019-12-31,,94.6500015258789,,,1509,-0.09056238624412383,-0.08944163621140444
ACN,2019-12,23904961.86,2019-12-31,652151450.0,210.57000732421875,137323535602.99988,0.00017407767543291966,1509,-0.021283214318800425,-0.03185339532641851
TXT,2019-12,221373407.0,2019-12-31,228262751.0,44.599998474121094,10180518346.298683,0.021744807039268725,1509,0.03022454923256168,-0.21150254587053208
GE,2020-01,329895306.0,2020-01-31,8733549000.0,62.0524787902832,541938364086.39905,0.0006087321508528711,1530,-0.059309480603965015,-0.36152860635268025
HUM,2020-01,464000000.0,2020-01-31,132426045.0,336.239990234375,44526932077.576904,0.010420659550305363,1530,0.034467107836880895,0.2252648980331321
LDOS,2020-01,179776926.17000002,2020-01-31,141563826.0,100.47000122070312,14222917771.027405,0.012639946954921731,1530,0.15498065185736742,0.09406165374421238
GD,2020-01,5794078685.08,2020-01-31,289306108.0,175.44000244140625,50755864293.83374,0.11415584712610075,1530,-0.015227113456825148,-0.1496698354556859
BA,2020-01,1280589586.95,2020-01-31,563152208.0,318.2699890136719,179234447053.18506,0.007144773831170996,1530,-0.04625491596588094,-0.46259554927381685
KTOS,2020-01,10348995.09,2020-01-31,,18.34000015258789,,,1530,-0.05261618436021731,-0.07933721717137987
RTX,2020-01,644481497.6700001,2020-01-31,863268940.0,94.52485656738281,81600372732.5766,0.00789802149289337,1530,-0.04664892452457314,-0.23456223001968468
CACI,2020-01,39944422.0,2020-01-31,,267.44000244140625,,,1530,-0.00013596701684148726,0.05592584914192911
LMT,2020-01,1898640159.01,2020-01-31,282071418.0,428.1199951171875,120760414096.85815,0.01572237204724356,1530,-0.04614080858382508,0.017196000766886876
ACN,2020-01,53414149.51,2020-01-31,652151450.0,205.2100067138672,133828003432.95822,0.0003991253559779667,1530,-0.04523651013442331,-0.0025868238808008925
SAIC,2020-01,48206710.730000004,2020-01-31,,87.7699966430664,,,1530,0.012106530110279401,0.022454877064869594
TXT,2020-01,23338154.18,2020-01-31,228262751.0,45.93000030517578,10484108223.090263,0.0022260504835880947,1530,-0.051428480194201764,-0.3128889536046855
MCK,2020-01,1228485441.24,2020-01-31,180187900.0,142.61000061035156,25696596528.977966,0.047807321092294894,1530,0.10607266632336698,0.06302751299927867
LHX,2020-01,167549162.02,2020-01-31,221064649.0,221.3300018310547,48928239167.95146,0.003424385689517038,1530,-0.03554088236475883,-0.024248209207389126
NOC,2020-01,4044234973.2799997,2020-01-31,167637130.0,374.57000732421875,62791841011.91101,0.0644070138429744,1530,-0.050643148169935315,-0.005110155823199181
BAH,2020-01,44058039.0,2020-01-31,,78.04000091552734,,,1530,0.026883803539051843,0.048033285542733895
HII,2020-01,294893659.0,2020-01-31,40900357.0,261.0,10674993177.0,0.02762471639189133,1530,-0.1340573299982204,-0.16940639239047128
HON,2020-01,701654259.53,2020-01-31,714533499.0,171.2229461669922,122344530833.78957,0.005735068455844815,1530,0.006445289152457567,-0.08750188041625506
HII,2020-02,38439854.0,2020-02-28,40759988.0,205.52999877929688,8377400283.884155,0.004588518239237995,1549,0.03383100842265785,-0.05579833237303544
LHX,2020-02,278819814.0,2020-02-28,221064649.0,197.72999572753906,43711112102.27992,0.006378694125822918,1549,0.03604654560133991,-0.019974583875216778
CACI,2020-02,51387112.83,2020-02-28,,245.02000427246094,,,1549,-0.002564802004429434,-0.00973801598872992
TXT,2020-02,21795236.2,2020-02-28,228049518.0,40.599998474121094,9258810082.82405,0.002353999704609146,1549,-0.2063918919081671,-0.2699335970472304
GE,2020-02,128529255.2,2020-02-28,8740232000.0,54.227386474609375,473959938541.74805,0.0002711816859362655,1549,-0.16246606501734118,-0.42878628702835175
LMT,2020-02,5623570660.94,2020-02-28,281937366.0,369.8699951171875,104280172185.7727,0.05392751606625408,1549,0.054799244873306896,0.02332484882813257
MCK,2020-02,132259083.48,2020-02-28,176930430.0,139.86000061035156,24745490047.789764,0.00534477527923571,1549,0.09847398018279863,0.10421837677021051
ACN,2020-02,306523887.81,2020-02-28,652151450.0,180.58999633789062,117772027967.25006,0.002602688372617969,1549,0.05199242971494311,0.0882431044536991
GD,2020-02,1113044641.81,2020-02-28,289627333.0,159.69000244140625,46250589513.86798,0.02406552334811343,1549,-0.05174892100053374,-0.10618983983346209
BAH,2020-02,147668817.76,2020-02-28,,71.30000305175781,,,1549,0.1113495288141475,0.08540750633914329
SAIC,2020-02,107161181.46,2020-02-28,,80.12999725341797,,,1549,0.02901450349790724,0.07117898057819216
NOC,2020-02,731698160.25,2020-02-28,167637130.0,328.8399963378906,55125793215.294495,0.013273245019665175,1549,0.06565036500052157,-0.00957455231002946
LDOS,2020-02,146163053.85,2020-02-28,141402269.0,102.6500015258789,14514943128.61274,0.01006983303722868,1549,0.025431352641871685,-0.0034471646805269707
HON,2020-02,93631554.56,2020-02-28,712599803.0,160.3003387451172,114229989810.60378,0.0008196757674166259,1549,-0.0759511790123415,-0.12725091803389177
BA,2020-02,1321078201.47,2020-02-28,563152208.0,275.1099853515625,154928795693.58008,0.008527002327461728,1549,-0.33484592958257,-0.5030946520501298
OSK,2020-02,378205673.21,2020-02-28,,72.1500015258789,,,1549,-0.032929973028512194,-0.03275618942342007
HUM,2020-02,2227194607.16,2020-02-28,132106497.0,319.67999267578125,42231803993.38312,0.052737377913312844,1549,0.08725001789521036,0.2540279118549911
RTX,2020-03,981076759.75,2020-03-31,865308981.0,59.3643798828125,51368531064.09338,0.01909878946170164,1571,-0.035251713530553674,-0.1544270759023556
ACN,2020-03,47903836.480000004,2020-03-31,649170699.0,163.25999450683594,105983604752.73885,0.0004519928963707197,1571,0.012460220374726605,0.11951941512295994
BAH,2020-03,146377473.62,2020-03-31,,68.63999938964844,,,1571,-0.057053408545611806,-0.06374033162793569
OSK,2020-03,523132250.49,2020-03-31,,64.33000183105469,,,1571,-0.07723991476844883,-0.08263182673433533
MCK,2020-03,162311930.59,2020-03-31,176930430.0,135.25999450683594,23931608989.89212,0.006782324191346888,1571,-0.08269849182509925,-0.06438517734561966
UNH,2020-03,84595379.97,2020-03-31,948573372.0,249.3800048828125,236555232141.06592,0.00035761364990461467,1571,0.045805277356327556,-0.01379049848215419
GE,2020-03,537811778.74,2020-03-31,8740232000.0,39.574031829833984,345886219368.13354,0.001554880618610585,1571,-0.27056059770836527,-0.3401266560385636
KTOS,2020-03,32510180.43,2020-03-31,,13.84000015258789,,,1571,-0.04172347450476921,-0.07228235253665183
NOC,2020-03,846667262.8,2020-03-31,167637130.0,302.54998779296875,50718611635.148315,0.01669342348900683,1571,-0.034040240490735396,-0.18113755167958367
LMT,2020-03,12269184005.41,2020-03-31,281937366.0,338.95001220703125,95562673647.31824,0.1283888733658752,1571,0.020855660547572485,-0.11847428472874322
GD,2020-03,2074492714.33,2020-03-31,289627333.0,132.30999755859375,38320591722.13202,0.054135195233216575,1571,-0.1316101178777519,-0.06267575317680119
SAIC,2020-03,136631382.86,2020-03-31,,74.62999725341797,,,1571,-0.027098962909443136,-0.1553393901128961
LHX,2020-03,549403857.25,2020-03-31,221064649.0,180.1199951171875,39818163498.46277,0.013797820114712483,1571,-0.05158939955245634,-0.2556026510827414
LDOS,2020-03,445553449.53,2020-03-31,141402269.0,91.6500015258789,12959518169.61274,0.034380402396034,1571,-0.04886025390650417,-0.17610302451286008
BA,2020-03,3984744712.9700003,2020-03-31,563152208.0,149.13999938964844,83988519957.39917,0.04744392108577637,1571,-0.18142906616644494,0.027428950480670178
HII,2020-03,1514549369.0,2020-03-31,40759988.0,182.2100067138672,7426877687.137146,0.20392814218862093,1571,-0.07649240733343654,-0.23917218037109167
TXT,2020-03,38043321.49,2020-03-31,228049518.0,26.670000076293945,6082080662.458797,0.006254984700354215,1571,-0.13860719445837166,0.03305152522678956
HON,2020-03,245936938.87,2020-03-31,712599803.0,132.24752807617188,94239562454.31705,0.002609699498437493,1571,-0.06636619754255135,-0.1129261831767483
CACI,2020-03,222203375.31,2020-03-31,,211.14999389648438,,,1571,0.05767187833621534,-0.17448044933217077
AMZN,2020-04,12821255.0,2020-04-30,497810444.0,123.69999694824219,61579150403.60309,0.0002082077280372775,1592,-0.05307614690856022,0.11341642013882436
MCK,2020-04,465421667.21,2020-04-30,176930430.0,141.25,24991423237.5,0.01862325577807141,1592,0.07630796873096002,-0.02981052867000278
AVAV,2020-04,96989544.49000001,2020-04-30,,60.2599983215332,,,1592,0.0964773561616068,0.16012068291227743
TXT,2020-04,549933740.9,2020-04-30,228049518.0,26.360000610351562,6011385433.67038,0.09148202971976564,1592,0.14500926688373839,0.2136699019355921
GD,2020-04,756784023.66,2020-04-30,286864540.0,130.6199951171875,37470244814.09424,0.02019693299082315,1592,0.07558957434332925,0.027926757842652528
BAH,2020-04,257709223.15,2020-04-30,,73.44000244140625,,,1592,0.03390420020049656,-0.05747920698972475
CACI,2020-04,47182951.3,2020-04-30,,250.13999938964844,,,1592,-0.04716235432022153,-0.30194301740351137
LDOS,2020-04,413855841.81,2020-04-30,141402269.0,98.80999755859375,13971957854.669617,0.029620461650024504,1592,0.020683823049478356,-0.18226414526016554
KTOS,2020-04,16107305.12,2020-04-30,,15.020000457763672,,,1592,0.20111620248917172,0.09621334798128123
RTX,2020-04,323975772.24,2020-04-30,865308981.0,64.80999755859375,56080672946.039246,0.0057769594268551145,1592,-0.0537624564043484,-0.2257199254503236
ACN,2020-04,143368386.01,2020-04-30,649170699.0,185.19000244140625,120219923332.6994,0.0011925509685548458,1592,0.046343827472205446,0.09372691287233548
MSFT,2020-04,11232735.84,2020-04-30,7583440247.0,179.2100067138672,1359028377579.0806,8.265269530287183e-06,1592,-0.02883842935129377,0.020775285336797067
HII,2020-04,1546585739.0,2020-04-30,40759988.0,191.41000366210938,7801869452.347534,0.19823271184506194,1592,-0.025219807156557472,-0.20240340282116043
BA,2020-04,1594803629.94,2020-04-30,564325344.0,141.02000427246094,79581162421.93799,0.02003996399907277,1592,0.021655887514999694,0.028253799710985072
HON,2020-04,86116980.86,2020-04-30,712599803.0,140.26402282714844,99952115034.61348,0.0008615823770230138,1592,-0.014122566465686548,-0.061252373861893306
SAIC,2020-04,45929486.01,2020-04-30,,81.66000366210938,,,1592,0.04963895271309071,-0.15963368382293996
LMT,2020-04,6334691977.440001,2020-04-30,280435314.0,389.05999755859375,109106162580.18347,0.058059891647133655,1592,-0.0460782455589559,-0.13308531334230023
NOC,2020-04,1476481079.17,2020-04-30,166702730.0,330.6700134277344,55123593967.53998,0.026784920446940363,1592,-0.04763088270033555,-0.1300684384757872
GE,2020-04,519998044.73,2020-04-30,8747092000.0,33.89211654663086,296457461508.1024,0.0017540393218127453,1592,-0.05776189922158648,-0.19819644252467838
LHX,2020-04,563340990.52,2020-04-30,221064649.0,193.6999969482422,42820221836.66423,0.013155956843680967,1592,-0.035052827277295195,-0.2220159074422018
OSK,2020-04,68948032.6,2020-04-30,,67.52999877929688,,,1592,0.023606872630923537,0.07468779615050947
LMT,2020-05,3039388148.93,2020-05-29,280435314.0,388.44000244140625,108932294054.81653,0.027901626191774952,1612,-0.05877030078934964,-0.13271462290517277
GE,2020-05,37319536.32,2020-05-29,8747092000.0,32.745765686035156,286430225066.1926,0.00013029189329225168,1612,0.03169700068435999,-0.1618741416655327
CACI,2020-05,215073916.05,2020-05-29,,250.77999877929688,,,1612,-0.13122801626137293,-0.21166056535640376
ACN,2020-05,42867722.62,2020-05-29,649170699.0,201.6199951171875,130885793162.6012,0.00032752005839736055,1612,0.05019156320773588,0.04939594862062213
HII,2020-05,1012268052.0,2020-05-29,40474252.0,199.88999938964844,8090398207.576477,0.1251196821254155,1612,-0.11732416279224667,-0.3768595878134503
HON,2020-05,35841096.43,2020-05-29,701847786.0,144.16848754882812,101184333797.11359,0.00035421586608323763,1612,-0.022757266576198254,-0.005131488423438357
RTX,2020-05,191553908.0,2020-05-29,866160621.0,64.5199966430664,55884680359.27631,0.003427664017554033,1612,-0.04515989630751294,-0.19873489001532452
GD,2020-05,567271514.0,2020-05-29,286864540.0,146.8300018310547,42120320933.46466,0.0134678820443009,1612,0.012232401395759762,-0.10374889035132928
LDOS,2020-05,135096576.43,2020-05-29,142043769.0,105.29000091552734,14955788568.054955,0.009033062737899465,1612,-0.12620908200555114,-0.2759561406898047
LHX,2020-05,280135058.43,2020-05-29,215870340.0,199.4499969482422,43055338654.216,0.006506395424730193,1612,-0.12470122216966983,-0.2374185188741469
SAIC,2020-05,97862537.07000001,2020-05-29,,88.04000091552734,,,1612,-0.12673911380114622,-0.19902304402705961
BAH,2020-05,166363368.07,2020-05-29,,79.76000213623047,,,1612,-0.05092855857842227,-0.030544233306002644
NOC,2020-05,608556494.54,2020-05-29,166702730.0,335.20001220703125,55878757130.945435,0.01089065909454496,1612,-0.08296498949116227,-0.10851489002897141
UNH,2020-05,37976842.370000005,2020-05-29,948379502.0,304.8500061035156,289113496973.1491,0.0001313561724637402,1612,-0.05026858272278034,-0.12287937000220417
MCK,2020-05,2092517766.37,2020-05-29,161853218.0,158.6699981689453,25681249803.697906,0.0814803711799374,1612,-0.04834861773802679,-0.17744774882719716
BA,2020-05,3210119616.52,2020-05-29,564325344.0,145.85000610351562,82306854866.76855,0.039001850109766346,1612,0.3286310298925541,0.044723701200756194
TXT,2020-05,112568368.75,2020-05-29,227472487.0,30.969999313354492,7044822766.197039,0.015978878743427502,1612,0.0732419633051895,0.12068036682055605
LDOS,2020-06,547317241.67,2020-06-30,142043769.0,93.66999816894531,13305239582.14009,0.04113546684305299,1634,-0.06457509515052873,-0.11148744683824652
GE,2020-06,249878925.79,2020-06-30,8747092000.0,34.04164123535156,297765367716.6138,0.0008391806196475214,1634,-0.13404529490103545,-0.18465041210242383
OSK,2020-06,244733913.02,2020-06-30,,71.62000274658203,,,1634,0.07032598334063889,-0.062079538830917214
ACN,2020-06,50048142.64,2020-06-30,649297717.0,214.72000122070312,139417206586.83975,0.0003589811033032438,1634,-0.003642198272071795,-0.034763375470428626
BAH,2020-06,208572829.96,2020-06-30,,77.79000091552734,,,1634,-0.051361433723480676,0.004667613710351848
MSFT,2020-06,12502245.0,2020-06-30,7583440247.0,203.50999450683594,1543305883009.8887,8.10095078210746e-06,1634,-0.04867382154410449,-0.06129024752378398
LHX,2020-06,189234668.05,2020-06-30,215870340.0,169.6699981689453,36626720192.5296,0.005166574212904719,1634,-0.029608068634257467,-0.041476766632077444
SAIC,2020-06,73119447.86,2020-06-30,,77.68000030517578,,,1634,-0.040845675939368276,-0.06518848355560425
HON,2020-06,56707760.12,2020-06-30,701847786.0,142.9230194091797,100310204740.76779,0.0005653239395388552,1634,-0.01898361640219659,0.062023615270262455
BA,2020-06,1113875836.5900002,2020-06-30,564325344.0,183.3000030517578,103440837277.38428,0.01076824072491853,1634,-0.16706570183752012,-0.18965249998091915
LMT,2020-06,2569839272.53,2020-06-30,280435314.0,364.9200134277344,102336458550.4909,0.02511166898805756,1634,-0.004552379601213907,-0.010401375703054994
HII,2020-06,1410241231.04,2020-06-30,40474252.0,174.49000549316406,7062352453.811707,0.19968434601120225,1634,-0.04887052007706938,-0.2674526494343523
CACI,2020-06,26590215.130000003,2020-06-30,,216.8800048828125,,,1634,-0.10688839117858617,-0.09176899743856937
HUM,2020-06,1000213336.75,2020-06-30,132206069.0,387.75,51262903254.75,0.01951144537755615,1634,-0.02276269871498071,-0.04509699938320577
GD,2020-06,982144947.51,2020-06-30,286864540.0,149.4600067138672,42874776074.37042,0.022907290426575643,1634,-0.04722010293871293,-0.1483018284746559
NOC,2020-06,691709125.05,2020-06-30,166702730.0,307.44000244140625,51251087718.18909,0.01349647696949291,1634,0.009812219103820796,-0.019736472810005123
MCK,2020-06,96368700.59,2020-06-30,161853218.0,153.4199981689453,24831520409.197906,0.003880902135750972,1634,-0.04935157498775755,-0.12427742063791103
CACI,2020-07,193270698.32999998,2020-07-31,,207.82000732421875,,,1656,0.05709211176701712,-0.03518877754040961
UNH,2020-07,12500000.0,2020-07-31,948379502.0,302.7799987792969,287150344457.8702,4.353120322247763e-05,1656,-0.03752903176970168,-0.007536643474432836
RTX,2020-07,186172374.0,2020-07-31,1527655238.0,56.68000030517578,86587499356.04338,0.0021501068327942894,1656,0.01443114780723831,-0.07011970697405379
LHX,2020-07,435683717.43,2020-07-31,215870340.0,168.3300018310547,36337454727.4704,0.011989934922454317,1656,0.003927704325227932,-0.04205413373283706
HON,2020-07,36216071.06,2020-07-31,701783165.0,147.6479034423828,103616812983.4098,0.0003495192528822383,1656,0.04479180617756606,0.09354998159289707
HII,2020-07,35346618.0,2020-07-31,40474252.0,173.7100067138672,7030782586.658752,0.005027408764860956,1656,-0.1916608450033439,-0.18605814284803834
TXT,2020-07,10986311.5,2020-07-31,228035460.0,34.939998626708984,7967558659.240952,0.0013788805291389769,1656,0.0587093738270692,-0.0390352843563615
BA,2020-07,1672833082.81,2020-07-31,564448738.0,158.0,89182900604.0,0.01875732984104097,1656,0.017671886877976162,-0.07609786951277664
NOC,2020-07,164112937.22,2020-07-31,166714063.0,325.010009765625,54183739243.69702,0.0030288226599106596,1656,-0.011246289038613577,-0.11125490062059462
LDOS,2020-07,203743245.68,2020-07-31,142043769.0,95.16000366210938,13516885578.219818,0.015073238912985835,1656,-0.11887186926490778,-0.15747395893888472
SAIC,2020-07,154700108.89,2020-07-31,,79.9800033569336,,,1656,-0.02628554369992564,-0.07560387023662896
ACN,2020-07,61848551.39,2020-07-31,649297717.0,224.77999877929688,145949140034.66025,0.00042376783703769753,1656,-0.002397342310320072,-0.04797474180842609
GE,2020-07,108811162.07,2020-07-31,8753289000.0,30.253698348999023,264819364967.61133,0.0004108882372832067,1656,-0.025315599999666816,0.20153253681952954
PFE,2020-07,13878881.0,2020-07-31,5554833754.0,36.50853729248047,202798855261.4383,6.843668314650016e-05,1656,-0.08772826995444827,-0.09780243812382261
LMT,2020-07,2894457664.36,2020-07-31,279542050.0,378.9700012207031,105938051029.73785,0.027322172120643386,1656,-0.03371936398962516,-0.0789711810618734
OSK,2020-07,14434397.89,2020-07-31,,78.72000122070312,,,1656,-0.08789704610978855,-0.13104769691509255
GD,2020-07,223771648.98,2020-07-31,286932436.0,146.74000549316406,42104467234.806946,0.005314677127537961,1656,-0.05201007841166638,-0.11287927822493138
MCK,2020-07,111214047.28,2020-07-31,161853218.0,150.16000366210938,24303879807.604187,0.004575979150670561,1656,-0.04515622435421096,-0.05444261496934366
BAH,2020-07,130294387.05,2020-07-31,,81.76000213623047,,,1656,0.011167223580870633,-0.09018839785252009
HUM,2020-08,535984059.99,2020-08-31,132292566.0,415.1700134277344,54923906402.609436,0.009758666036262405,1677,0.035920173445161296,-0.07442700237274458
NOC,2020-08,280995661.41,2020-08-31,166714063.0,342.6099853515625,57117902682.32947,0.004919572467021473,1677,-0.041713643128751254,-0.1543062943725001
SAIC,2020-08,313953465.23,2020-08-31,,83.45999908447266,,,1677,-0.02294492222521638,0.0732507898213246
LHX,2020-08,23729671.0,2020-08-31,216195394.0,180.74000549316406,39075156699.15677,0.0006072828109864516,1677,-0.018448310695705517,0.03122664840374889
GD,2020-08,591285794.21,2020-08-31,286932436.0,149.35000610351562,42853361067.89661,0.013797886081168066,1677,-0.03567353407490237,-0.03299866915460692
LMT,2020-08,4927951488.64,2020-08-31,279542050.0,390.260009765625,109094083162.90283,0.04517157434910034,1677,0.019557687783056887,-0.098834347442471
LDOS,2020-08,560152424.3199999,2020-08-31,142193551.0,90.48999786376953,12867094126.231804,0.04353371622408762,1677,0.02649307808416579,0.07653795726723578
UNH,2020-08,171553142.0,2020-08-31,950335762.0,312.54998779296875,297027430812.32166,0.0005775666628864213,1677,0.03905837233703002,0.03990037026607274
ACN,2020-08,52211635.69,2020-08-31,649297717.0,239.92999267578125,155785996484.2115,0.0003351497366150719,1677,-0.020656899419459362,0.0015934140680278208
BAH,2020-08,186072135.07999998,2020-08-31,,88.05999755859375,,,1677,-0.020244161357472312,-0.051527448587638136
GE,2020-08,37523916.07,2020-08-31,8753289000.0,31.599414825439453,276598810197.95605,0.00013566188532461478,1677,0.021717557459144388,0.5676825236546694
MCK,2020-08,302941646.89,2020-08-31,162189761.0,153.44000244140625,24886397323.811096,0.012172981205284702,1677,0.008050754136773697,0.13460286903148622
TXT,2020-08,41712199.0,2020-08-31,228035460.0,39.43000030517578,8991438257.3909,0.004639101977452035,1677,-0.04678808305402127,0.10374378361706893
BA,2020-08,623455034.0500001,2020-08-31,564448738.0,171.82000732421875,96983586297.30603,0.006428459266692617,1677,-0.0007360320967803036,0.1856918427630394
CACI,2020-08,232343139.61,2020-08-31,,234.19000244140625,,,1677,-0.05235534406408626,-0.027412588300369967
HON,2020-08,84334908.67,2020-08-31,701783165.0,163.64137268066406,114840760444.78096,0.0007343638995716235,1677,0.03176567604942293,0.19689824178239523
MSFT,2020-08,10260250.0,2020-08-31,7567652935.0,225.52999877929688,1706732757192.6924,6.011632434404377e-06,1677,-0.029953266355829733,-0.08897831668370271
GD,2020-09,960344971.62,2020-09-30,286932436.0,138.42999267578125,39720055013.92407,0.02417783588878077,1698,-0.02944226530448768,-0.03602085934346677
KTOS,2020-09,29221164.7,2020-09-30,,19.280000686645508,,,1698,0.019848043253977377,0.3248353767159855
CACI,2020-09,344781921.21000004,2020-09-30,,213.16000366210938,,,1698,-0.03042210684681368,0.04844403363295724
TXT,2020-09,402292398.81,2020-09-30,228035460.0,36.09000015258789,8229799786.19545,0.04888240409989069,1698,-0.04130953944772342,0.22724161196423065
OSK,2020-09,52276088.26,2020-09-30,,73.5,,,1698,-0.04248152188640242,0.055144065701326905
HII,2020-09,364863659.0,2020-09-30,40492154.0,140.75,5699270675.5,0.06401935962937755,1698,0.030433889367219358,0.08996786765852471
PFE,2020-09,22254631.56,2020-09-30,5556879807.0,34.819732666015625,193489069336.9205,0.000115017513062964,1698,-0.024030761332830664,-0.049517167155131325
LMT,2020-09,2526108460.02,2020-09-30,279542050.0,383.2799987792969,107142876582.76215,0.02357700801572857,1698,-0.06580187451480868,-0.18503028605323224
NOC,2020-09,1003980532.5699999,2020-09-30,166714063.0,315.489990234375,52596618107.80298,0.0190883096421185,1698,-0.05855792390846992,-0.15186787645429312
MCK,2020-09,507225194.94,2020-09-30,162189761.0,148.92999267578125,24154919917.81671,0.020998835709898994,1698,-0.019851366924551694,0.05164576715075753
SAIC,2020-09,231463987.49,2020-09-30,,78.41999816894531,,,1698,-0.027619996053779405,0.0943132157214226
HUM,2020-09,340000000.0,2020-09-30,132292566.0,413.8900146484375,54754572079.619385,0.006209527115025231,1698,-0.02675047304429856,-0.132809235365561
RTX,2020-09,1034552068.2800001,2020-09-30,1527655238.0,57.540000915527344,87901283793.13014,0.01176947620827416,1698,-0.061807043771847536,0.1336744860699004
MSFT,2020-09,80509850.42,2020-09-30,7567652935.0,210.3300018310547,1591704455675.3364,5.05809040949382e-05,1698,-0.012010959972023061,-0.05879529223556368
HON,2020-09,84376015.69,2020-09-30,701783165.0,162.7122039794922,114188685492.85362,0.0007389174796594062,1698,0.014600280607653948,0.17200463978452252
BAH,2020-09,731385369.48,2020-09-30,,82.9800033569336,,,1698,-0.0777705635554784,-0.06354353970405757
BA,2020-09,1108330806.59,2020-09-30,564448738.0,165.25999450683594,93280795341.27048,0.011881661198697328,1698,-0.08802528575129698,0.19556830181942875
GE,2020-09,287024362.87,2020-09-30,8753289000.0,31.05116081237793,271799784376.2188,0.0010560139461799855,1698,0.1976468959657971,0.6051650417294445
UNH,2020-09,1747186113.13,2020-09-30,950335762.0,311.7699890136719,296286170078.0395,0.005896954666057497,1698,-0.011286998236280543,-0.004982926314773151
LDOS,2020-09,1187382584.56,2020-09-30,142193551.0,89.1500015258789,12676555288.62014,0.09366760586970532,1698,-0.07395358103354843,0.054605387353181545
LHX,2020-09,503842836.14,2020-09-30,216195394.0,169.83999633789062,36718624925.22882,0.013721723979751134,1698,-0.025906142684991695,-0.005849693084129637
ACN,2020-09,140961944.25,2020-09-30,649297717.0,225.99000549316406,146734794631.52887,0.0009606579312287499,1698,-0.023846748215969882,0.028553301050156632
MCK,2020-10,623914251.92,2020-10-30,162189761.0,147.49000549316406,23921368740.824966,0.02608187928875525,1720,0.0955759746155338,0.053569633005873474
LDOS,2020-10,86389552.75999999,2020-10-30,142193551.0,83.0,11802064733.0,0.007319867727758208,1720,0.10367441588522719,0.10562073889411949
SAIC,2020-10,44359499.47,2020-10-30,,76.37000274658203,,,1720,0.10235122654521955,0.06576764266041613
NOC,2020-10,606192058.31,2020-10-30,166715982.0,289.82000732421875,48317627124.30432,0.012545981547282531,1720,-0.07713616411976343,-0.13348932309473338
HII,2020-10,20430994.0,2020-10-30,40492154.0,147.47999572753906,5971782698.918854,0.0034212554324354228,1720,0.0014472274403611873,-0.08385825809840863
ACN,2020-10,13259723.99,2020-10-30,655296150.0,216.91000366210938,142140290296.26617,9.328617496392094e-05,1720,0.042113120763129785,-0.02273610174070506
BA,2020-10,1344291407.57,2020-10-30,564529686.0,144.38999938964844,81512441016.97842,0.016491855608765222,1720,0.3543368116669108,0.2182036774013374
HON,2020-10,258898574.0,2020-10-30,701685768.0,163.04827880859375,114408656736.88623,0.002262928185542879,1720,0.13503282902572122,0.045460249884257786
LHX,2020-10,234060424.0,2020-10-30,216195394.0,161.11000061035156,34831240059.2952,0.0067198418316874635,1720,0.07501269845366676,-0.0479709364666312
RTX,2020-10,175858248.0,2020-10-30,1518716426.0,54.31999969482422,82496675796.84453,0.0021317010206940547,1720,0.19992726803167415,0.12717480081146992
GD,2020-10,671193547.0,2020-10-30,286972150.0,131.3300018310547,37688052984.9617,0.017809186037490977,1720,0.03465864172395561,-0.02437187128456153
GE,2020-10,106123443.08000001,2020-10-30,8759873000.0,36.98228073120117,323960082455.66943,0.0003275818498241119,1720,0.24702038294854778,0.34277413170842896
LMT,2020-10,2259082815.58,2020-10-30,279783747.0,350.1300048828125,97960684703.24158,0.023061117043266702,1720,-0.07117181638342895,-0.2165799444423937
CACI,2020-10,33378274.82,2020-10-30,,208.52999877929688,,,1720,0.02718040862801696,-0.020708118864382508
UNH,2020-10,148479600.0,2020-10-30,950335762.0,305.1400146484375,289985468337.614,0.0005120242778066846,1720,-0.00276139224834715,-0.059402602606357435
HUM,2020-10,1179488547.86,2020-10-30,132292566.0,399.2799987792969,52821775590.99005,0.022329589164003575,1720,-0.1047748544074476,-0.22782113070524967
RTX,2020-11,215486498.0,2020-11-30,1518716426.0,71.72000122070312,108922343926.62189,0.0019783498062176073,1740,-0.03682555487146233,-0.004812636637994361
BAH,2020-11,101354604.0,2020-11-30,,86.79000091552734,,,1740,-0.029616410880823674,-0.1474891762980458
HII,2020-11,308358264.0,2020-11-30,40492618.0,160.19000244140625,6486512576.278931,0.047538374492275104,1740,0.020319842437921176,0.08656038931454924
BA,2020-11,2137141183.9299998,2020-11-30,564529686.0,210.7100067138672,118952053927.23734,0.017966408425677826,1740,-0.0035205464629788352,0.026750898752866403
GE,2020-11,132297998.57,2020-11-30,8759873000.0,50.738494873046875,444462771299.04175,0.0002976582227198232,1740,0.021224724699607345,0.26348775450009754
LDOS,2020-11,206212605.70999998,2020-11-30,142320981.0,100.69999694824219,14331722352.370834,0.01438854316598501,1740,0.004107286958057621,-0.15863712700830035
SAIC,2020-11,25000000.0,2020-11-30,,92.54000091552734,,,1740,-0.011274133769207717,-0.12456734632789856
HUM,2020-11,799080295.61,2020-11-30,132341451.0,400.5199890136719,53005396500.573395,0.015075451715588164,1740,-0.016293480504837587,-0.1012140594836547
HON,2020-11,55449943.47,2020-11-30,701685768.0,201.56900024414062,141438098741.302,0.00039204389739020014,1740,0.0026685272583373276,-0.03831596710447882
TXT,2020-11,14047502.0,2020-11-30,228874931.0,45.099998474121094,10322259038.86457,0.0013608941557375603,1740,0.042698888387048495,0.07488123214862652
OSK,2020-11,911460394.85,2020-11-30,,80.5,,,1740,0.03229357494381091,0.2986426480246227
ACN,2020-11,18334783.3,2020-11-30,655296150.0,249.08999633789062,163227715603.73383,0.00011232640996159719,1740,0.0021176629299286542,-0.034041325078767004
NOC,2020-11,590223322.21,2020-11-30,166715982.0,302.260009765625,50391574347.40576,0.011712738287177282,1740,-0.030647943174073378,-0.06364130679755176
KTOS,2020-11,15698469.96,2020-11-30,,21.170000076293945,,,1740,0.27995611808525056,0.20325609471581507
GD,2020-11,889315675.37,2020-11-30,286972150.0,149.35000610351562,42859292354.039,0.020749658394352655,1740,-0.03883620925023512,0.07474023930628193
LMT,2020-11,1376947344.81,2020-11-30,279783747.0,365.0,102121067655.0,0.01348347972097002,1740,-0.06150470043399803,-0.11680128626575759
UNH,2020-11,78916653.1,2020-11-30,948820710.0,336.3399963378906,319126354126.7148,0.0002472896772062414,1740,-0.0023970363226650804,-0.06471885331701877
LHX,2020-11,298687552.67,2020-11-30,210112037.0,191.99000549316406,40339411137.80989,0.007404360754042886,1740,-0.05441111967168022,-0.0887976152534149
MCK,2020-11,1157479927.35,2020-11-30,160564425.0,179.91000366210938,28887146289.754486,0.04006902986331079,1740,-0.06787946599996175,-0.09838445220827019
CACI,2020-11,120196279.41,2020-11-30,,237.2899932861328,,,1740,0.01379241924705421,-0.1461248017113228
TXT,2020-12,250047828.8,2020-12-31,228874931.0,48.33000183105469,11061525834.312515,0.022605184180319798,1762,-0.070793878743457,0.10099790983844259
CACI,2020-12,122789053.85,2020-12-31,,249.3300018310547,,,1762,-0.05641071626949001,-0.06271828959601922
UNH,2020-12,42115618.94,2020-12-31,948820710.0,350.67999267578125,332732439633.42957,0.0001265750312365054,1762,-0.05461957055181954,-0.03107592129180281
BAH,2020-12,101217719.86,2020-12-31,,87.18000030517578,,,1762,-0.06398792398407871,-0.12619395292564806
LHX,2020-12,323177566.61,2020-12-31,210112037.0,189.02000427246094,39715378131.43547,0.008137340793796922,1762,-0.06537765982780541,0.015090702852921467
LDOS,2020-12,255227680.48000002,2020-12-31,142320981.0,105.12000274658203,14960781913.61625,0.017059782166045062,1762,-0.01385558229674011,-0.13647231223541356
LMT,2020-12,11584727357.43,2020-12-31,279783747.0,354.9800109863281,99317637583.85605,0.11664320295223254,1762,-0.0832787238977808,-0.01528982467703277
RTX,2020-12,163274352.57,2020-12-31,1518716426.0,71.51000213623047,108603414867.5883,0.001503399803487466,1762,-0.03967283947424638,0.005769452442354828
MCK,2020-12,584543273.03,2020-12-31,160564425.0,173.9199981689453,27925364501.997757,0.02093234174215281,1762,0.017606561216892747,0.031309829636140485
GE,2020-12,685928525.53,2020-12-31,8759873000.0,53.82865524291992,471532183688.7627,0.0014546801878167254,1762,0.02022641925357238,0.15678329603746421
OSK,2020-12,13189138.0,2020-12-31,,86.06999969482422,,,1762,0.0759184761383398,0.3183878909866751
HON,2020-12,272889046.6,2020-12-31,701685768.0,210.24777221679688,147527869518.23218,0.0018497457293401443,1762,-0.07965904280183833,-0.054980865447633365
KTOS,2020-12,75541436.5,2020-12-31,,27.43000030517578,,,1762,-0.0026508825602789,-0.052517861773086816
ACN,2020-12,22426814.0,2020-12-31,649389444.0,261.2099914550781,169627011118.25793,0.00013221251646275146,1762,-0.0649611634200461,-0.010493930803418205
HUM,2020-12,175000000.0,2020-12-31,132341451.0,410.2699890136719,54295725647.823395,0.0032230898088570882,1762,-0.10163192681955757,-0.08175241199547312
GD,2020-12,1187150191.4,2020-12-31,286972150.0,148.82000732421875,42707197464.8468,0.027797426707223495,1762,-0.0064866359142303764,0.1656977288730408
BA,2020-12,3775356920.67,2020-12-31,564529686.0,214.05999755859375,120843223206.9137,0.031241776083758117,1762,-0.08180573159947047,0.12119033771590981
PFE,2020-12,2011282500.0,2020-12-31,5558396599.0,36.810001373291016,204604586442.4861,0.009830094891667382,1762,-0.05961688158163658,-0.09410864640607997
SAIC,2020-12,19551128.57,2020-12-31,,94.63999938964844,,,1762,-0.020529142974706316,-0.18878014514381813
NOC,2020-12,725944414.05,2020-12-31,166715982.0,304.7200012207031,50801694238.55072,0.014289767790837163,1762,-0.036004012801433394,-0.00010099617111536396
ACN,2021-01,100316072.38,2021-01-29,649389444.0,241.9199981689453,157100293103.4124,0.0006385479644774833,1781,0.027047636743138925,0.07101118860027067
GE,2021-01,151588688.82999998,2021-01-29,8759873000.0,53.230560302734375,466292947970.7947,0.000325093247688349,1781,0.17085078821662214,0.09805271280174166
OSK,2021-01,13983062.19,2021-01-29,,91.58999633789062,,,1781,0.1352400079799938,0.23181416670674748
UNH,2021-01,116245392.03999999,2021-01-29,948820710.0,333.5799865722656,316507599701.28754,0.00036727520018384923,1781,-0.0413272008518053,0.06844496595145988
RTX,2021-01,198895249.16,2021-01-29,1518716426.0,66.7300033569336,101343952205.21019,0.001962576402756223,1781,0.08136726646108405,0.12377269198112084
CACI,2021-01,32831851.060000002,2021-01-29,,241.22000122070312,,,1781,-0.13778090017380962,-0.07477171465229993
HON,2021-01,888963174.99,2021-01-29,701685768.0,193.11756896972656,135507849696.81555,0.006560233794418263,1781,0.01755381176287374,0.015364405821487459
HII,2021-01,972495930.0,2021-01-29,40492618.0,157.3300018310547,6370703664.084198,0.1526512582091351,1781,0.10419748260910167,0.2264317180979376
KTOS,2021-01,11166309.0,2021-01-29,,26.540000915527344,,,1781,-0.025288839460555934,-0.12378185190672664
SAIC,2021-01,54695993.24,2021-01-29,,96.02999877929688,,,1781,-0.1447861517981005,-0.19616083743902557
LHX,2021-01,177164268.96,2021-01-29,210112037.0,171.50999450683594,36036314311.69011,0.0049162704994647095,1781,0.039979512926157756,0.09516118024693165
BAH,2021-01,98484440.52000001,2021-01-29,,85.16999816894531,,,1781,-0.11199644671397524,-0.15305044428340753
LMT,2021-01,1215739052.46,2021-01-29,280103431.0,321.82000732421875,90142888215.9588,0.013486799419466204,1781,0.015672140397839707,0.060274184020671084
HUM,2021-01,2326414567.3599997,2021-01-29,132341451.0,383.1099853515625,50701331354.01453,0.045884683996089866,1781,-0.03617817035084414,0.032771566694185905
MCK,2021-01,608326949.7,2021-01-29,160564425.0,174.47000122070312,28013675425.751495,0.021715356534073253,1781,-0.046330633099903595,-0.053620327066367324
NOC,2021-01,733050353.91,2021-01-29,166718384.0,286.6099853515625,47783153596.07617,0.015341188237734818,1781,0.002988358541674563,0.11131394083926693
TXT,2021-01,29201020.59,2021-01-29,228874931.0,45.2599983215332,10358878992.901028,0.0028189363549870165,1781,0.09181838451946356,0.28857543503424554
BA,2021-01,4562960530.75,2021-01-29,564529686.0,194.19000244140625,109626021102.5863,0.04162296948167127,1781,0.10457572669580317,0.07528415046518866
LDOS,2021-01,218971565.55,2021-01-29,142320981.0,106.05999755859375,15094562897.396667,0.014506651635985144,1781,-0.19555157962980085,-0.17294300646789618
AMZN,2021-01,15000000.0,2021-01-29,501751183.0,160.30999755859375,80435730921.75153,0.0001864842878669445,1781,-0.0793344220865575,-0.04984417807995167
GD,2021-01,3184565335.7799997,2021-01-29,286972150.0,146.67999267578125,42093072860.1532,0.07565533042361046,1781,0.09866401503631139,0.17399329241971184
ACN,2021-02,83165736.0,2021-02-26,649389444.0,250.89999389648438,162931807536.04138,0.0005104327832464714,1800,0.0702002971254756,0.013675057818892444
MCK,2021-02,520374180.05,2021-02-26,159167434.0,169.52000427246094,26982064091.716644,0.01928592928551201,1800,0.11512850031032595,0.04312230796726513
HII,2021-02,1363524466.0,2021-02-26,40316760.0,175.91000366210938,7092121399.244385,0.19225904200473415,1800,0.13483580892392677,0.12638187149382518
BA,2021-02,1311429358.45,2021-02-26,582996860.0,212.00999450683594,123601161086.1026,0.01061017021948877,1800,0.13769351853816225,0.07653019098419955
PFE,2021-02,2001284000.0,2021-02-26,5577629491.0,33.4900016784668,186794821015.4559,0.010713808815044227,1800,0.04951184039155199,0.05948637225794662
BAH,2021-02,49911798.09,2021-02-26,,77.13999938964844,,,1800,0.011534561542772215,0.0018945829138601322
CACI,2021-02,93909653.87,2021-02-26,,221.33999633789062,,,1800,0.07627337961807101,0.04453122933120146
TXT,2021-02,52751148.47,2021-02-26,226284488.0,50.34000015258789,11391161160.448273,0.004630884220404103,1800,0.02836848626356514,0.25589808976665007
UNH,2021-02,39929006.0,2021-02-26,948820710.0,332.2200012207031,315217217434.4284,0.0001266713992496493,1800,0.10109557766891708,0.14070147374601372
GE,2021-02,132388240.06,2021-02-26,8767942000.0,62.50105285644531,548005606384.2468,0.00024158190813685385,1800,-0.01049218343381475,0.03922065313947121
MSFT,2021-02,10860481.17,2021-02-26,7542215767.0,232.3800048828125,1752660136762.6855,6.196569969383936e-06,1800,-0.03164149286158269,-0.03062906840937485
GD,2021-02,1773455744.99,2021-02-26,286264679.0,163.47000122070312,46795687425.57419,0.03789784577501031,1800,0.07735767486437783,0.06799013082395233
LHX,2021-02,284079985.82,2021-02-26,210112037.0,181.91000366210938,38221481420.12326,0.007432469262440322,1800,0.07709490744037484,0.10389720930246282
NOC,2021-02,808051818.3199999,2021-02-26,166718384.0,291.6600036621094,48625084487.98096,0.016618003378888368,1800,0.06401963297920621,0.16421656589799083
LMT,2021-02,3913776086.89,2021-02-26,280103431.0,330.25,92504158087.75,0.04230919093579954,1800,0.0848622062407145,0.06705906881137147
HON,2021-02,95443002.44,2021-02-26,695501159.0,200.01710510253906,139112128418.64075,0.0006860868532812328,1800,0.037741103589693736,0.04181038095684464
LDOS,2021-02,415043866.05,2021-02-26,141894753.0,88.44999694824219,12550590469.821579,0.033069668478785154,1800,0.07005910689833583,0.06171643695851636
OSK,2021-02,61002554.65,2021-02-26,,106.0,,,1800,0.07954169184870463,0.13986367690301438
RTX,2021-02,839541988.27,2021-02-26,1519478134.0,71.98999786376953,109387227620.70451,0.0076749544396634275,1800,0.03509002282743179,0.13231557829231755
AVAV,2021-02,20979905.0,2021-02-26,,110.08000183105469,,,1800,0.0024718820662532615,-0.10568869919914148
SAIC,2021-02,14251668.42,2021-02-26,,86.12999725341797,,,1800,-0.08841637877917019,-0.06879525917639473
TXT,2021-03,46393749.34,2021-03-31,226284488.0,56.08000183105469,12690034501.379272,0.0036559198743673625,1823,0.09259595637241391,0.14304554069526065
UNH,2021-03,141590597.87,2021-03-31,945319404.0,372.07000732421875,351724997570.0061,0.000402560519861311,1823,0.018930781243810202,-0.0034022577416890076
SAIC,2021-03,117556071.42999999,2021-03-31,,83.58999633789062,,,1823,0.021418173288856757,-0.02956882049652365
AVAV,2021-03,51803634.36,2021-03-31,,116.05999755859375,,,1823,-0.1019365266054495,-0.22067726114012098
NOC,2021-03,2351313224.48,2021-03-31,166718384.0,323.6400146484375,53956740239.92383,0.04357774791480471,1823,0.04225729145753232,0.04413136451743371
BA,2021-03,2422737017.55,2021-03-31,582996860.0,254.72000122070312,148500960890.8661,0.01631462182477377,1823,-0.13303741708759897,-0.14310937143100377
BAH,2021-03,233175250.18,2021-03-31,,80.52999877929688,,,1823,-0.022859440846214385,-0.021391390911622787
LDOS,2021-03,506469482.04,2021-03-31,141894753.0,96.27999877929688,13661626645.628632,0.03707241422836403,1823,-0.0009783453585858748,-0.03017998248374809
LMT,2021-03,7294453289.92,2021-03-31,280103431.0,369.5,103498217754.5,0.07047902319654045,1823,-0.022977699073330804,-0.05272306502877533
ACN,2021-03,158125503.54999998,2021-03-31,648833880.0,276.25,179240359350.0,0.0008821980949124893,1823,3.753448266641257e-06,-0.013176849432255056
GE,2021-03,322373327.12,2021-03-31,8767942000.0,65.44168853759766,573788929479.7211,0.0005618326017762484,1823,-0.05367195658621893,-0.057679455868190566
CACI,2021-03,194620406.39,2021-03-31,,246.66000366210938,,,1823,-0.019666075734467103,-0.04929483655633238
MCK,2021-03,1408334795.21,2021-03-31,159167434.0,195.0399932861328,31044015258.730988,0.04536574226859756,1823,-0.0912614561632129,-0.10095204548542758
HII,2021-03,795448375.0,2021-03-31,40316760.0,205.85000610351562,8299205292.073975,0.09584633070345669,1823,-0.02147944849630612,-0.05427445418319787
RTX,2021-03,440223434.7,2021-03-31,1519478134.0,77.2699966430664,117410070313.3928,0.0037494521000196036,1823,0.02435104714124492,0.027105264629041725
KTOS,2021-03,10806764.0,2021-03-31,,27.280000686645508,,,1823,-0.07270495907190466,-0.03923822164806712
LHX,2021-03,567645740.32,2021-03-31,205565782.0,202.67999267578125,41664071190.151245,0.013624346447789839,1823,-0.020593361942729205,-0.012141132600719473
GD,2021-03,4721953058.88,2021-03-31,286264679.0,181.55999755859375,51974214420.35162,0.09085184088960502,1823,0.0016335361189667719,-0.03996996455324631
HON,2021-03,142773853.78,2021-03-31,695501159.0,214.56739807128906,149231874042.19592,0.0009567249268720576,1823,-0.02540783284488901,-0.06880060281261002
UNH,2021-04,45305148.0,2021-04-30,945319404.0,398.79998779296875,376993366775.6565,0.00012017492081488125,1844,0.014180417876049844,-0.0168277521785114
LHX,2021-04,247718146.88,2021-04-30,205565782.0,209.22999572753906,43010527689.58823,0.005759477044034648,1844,0.037224367126065916,0.034496201449191854
HON,2021-04,137260061.35,2021-04-30,694555603.0,220.46856689453125,153127678421.977,0.0008963765582062161,1844,0.04318541290477529,-0.0016178708000293973
HII,2021-04,133350596.0,2021-04-30,40316760.0,212.32000732421875,8560054778.48877,0.015578240963493263,1844,0.027029399252664232,-0.08292470548809083
NOC,2021-04,932019462.54,2021-04-30,160961208.0,354.44000244140625,57051090956.4917,0.016336575636227126,1844,0.03025346165530718,-0.025698714120619526
MSFT,2021-04,10624583.92,2021-04-30,7531574551.0,252.17999267578125,1899312415108.2805,5.593910636020503e-06,1844,-0.022368739827949735,0.07813245711206074
BAH,2021-04,137255389.51,2021-04-30,,82.94999694824219,,,1844,0.018552360625840647,-0.015424740337411036
OSK,2021-04,180739122.3,2021-04-30,,124.43000030517578,,,1844,0.06295183710652275,-0.09102224573699658
AVAV,2021-04,14913035.0,2021-04-30,,110.37000274658203,,,1844,-0.005135789483930342,-0.1382550257589611
KTOS,2021-04,10259047.5,2021-04-30,,26.739999771118164,,,1844,-0.06102717025790638,-0.03706204457255935
CACI,2021-04,75960811.2,2021-04-30,,254.86000061035156,,,1844,-0.0006962485916695016,-0.006787764221467318
ACN,2021-04,26493685.060000002,2021-04-30,648833880.0,289.9700012207031,188142360975.63354,0.00014081722437527623,1844,-0.03702754943964692,0.04438949093128097
LMT,2021-04,3513869929.1099997,2021-04-30,277933985.0,380.55999755859375,105770556653.05023,0.033221626512151534,1844,0.004675456666620503,-0.07102613999698693
PFE,2021-04,42120000.0,2021-04-30,5577629491.0,38.650001525878906,215575388337.9372,0.00019538408500497493,1844,0.0002545585674176287,0.07441285696859734
TXT,2021-04,32532837.869999997,2021-04-30,225708875.0,64.23999786376953,14499537647.833824,0.0022437155349474386,1844,0.0693517699620636,0.020299357486068814
GD,2021-04,729366770.3199999,2021-04-30,282597786.0,190.22999572753906,53758575623.392,0.013567449692670618,1844,-0.009306521640943255,-0.01722013671002709
BA,2021-04,1379519307.4,2021-04-30,584810068.0,234.30999755859375,137026845605.32104,0.01006751123333478,1844,0.08147010255330689,-0.08768205029157539
LDOS,2021-04,174189310.82,2021-04-30,141894753.0,101.27999877929688,14371100410.628632,0.012120805355390351,1844,0.013277795892861155,-0.00016145753514473782
MCK,2021-04,633051388.65,2021-04-30,159167434.0,187.55999755859375,29853443532.44763,0.021205305443639626,1844,0.019302150080965363,0.03483515814021332
SAIC,2021-04,260797687.22,2021-04-30,,89.41999816894531,,,1844,0.008299606605213228,-0.07386170593737984
RTX,2021-04,129795352.0,2021-04-30,1515089870.0,83.23999786376953,126116077542.21886,0.0010291737146403833,1844,0.06983526196411294,-0.0034049095933657014
GE,2021-04,198295846.8,2021-04-30,8778641000.0,65.39185333251953,574051604730.8425,0.00034543209210777427,1844,0.07282686096644286,-0.06647078077365132
RTX,2021-05,180738564.0,2021-05-28,1515089870.0,88.70999908447266,134403620980.5938,0.0013447447522719376,1864,-0.06970202729589936,-0.10696310843887069
BA,2021-05,576632963.1800001,2021-05-28,584810068.0,247.02000427246094,144459785495.93817,0.00399165041814501,1864,-0.067150850544752,-0.17772802432405976
HII,2021-05,10700241.0,2021-05-28,40232340.0,216.2100067138672,8698634501.514587,0.001230105828465019,1864,-0.0603260726995003,-0.11275032231074689
MCK,2021-05,705959028.4200001,2021-05-28,158186277.0,192.38999938964844,30433457735.48076,0.023196806440990102,1864,-0.024634458951305005,-0.030052112818821586
GD,2021-05,1053097278.57,2021-05-28,282597786.0,189.91000366210938,53668146574.164,0.019622389551215917,1864,-0.03847028053462931,-0.017082579312005297
CACI,2021-05,339670891.56,2021-05-28,,254.9600067138672,,,1864,-0.020469251557398094,-0.06452499360129837
OSK,2021-05,45901983.0,2021-05-28,,131.44000244140625,,,1864,-0.09064831004361562,-0.17886508718917282
LHX,2021-05,197827026.12,2021-05-28,204983822.0,218.05999755859375,44698771724.871216,0.004425782152083732,1864,-0.033766043199514706,-0.010583976577731358
SAIC,2021-05,69131012.15,2021-05-28,,89.86000061035156,,,1864,-0.04493685087568089,-0.12843454408508737
ACN,2021-05,50660261.03,2021-05-28,648833880.0,282.1600036621094,183074969956.90063,0.00027671866362685406,1864,0.029006355698080855,0.11753797472013972
NOC,2021-05,562672764.34,2021-05-28,160961208.0,365.8699951171875,58890876385.0166,0.009554498062846944,1864,-0.03676410456738266,-0.07395662318207652
LMT,2021-05,768213807.86,2021-05-28,277933985.0,382.20001220703125,106226372459.74884,0.007231855800696674,1864,-0.044539665160381325,-0.1283067082146142
BAH,2021-05,264493453.44,2021-05-28,,84.93000030517578,,,1864,-0.015222962678820728,-0.10523818696036857
HUM,2021-05,1360000000.0,2021-05-28,129014427.0,437.70001220703125,56469616272.78314,0.02408374785885492,1864,-0.009488509419021796,-0.14694012906760956
LDOS,2021-05,273167324.04,2021-05-28,141420159.0,102.75,14530921337.25,0.018799036736902284,1864,-0.03614571994757465,-0.11656346309072363
TXT,2021-05,39784703.05,2021-05-28,225708875.0,68.47000122070312,15454286946.77353,0.0025743473760402808,1864,-0.034571950620618686,-0.010566392460007679
UNH,2021-05,89000000.0,2021-05-28,943702120.0,411.9200134277344,388729789942.1814,0.00022895080928384115,1864,-0.051577936388959245,-0.05510003029381361
GE,2021-05,46511363.269999996,2021-05-28,8778641000.0,70.07693481445312,615180253116.4856,7.560607323524245e-05,1864,-0.08984893522421666,-0.13152057025744968
HON,2021-05,117721589.78,2021-05-28,694555603.0,228.24783325195312,158530811457.75375,0.0007425786110441449,1864,-0.0863545684178908,-0.07044151998342274
HON,2021-06,31983188.38,2021-06-30,694555603.0,216.82110595703125,150594313991.11273,0.00021237978733969646,1886,0.04141856099450103,-0.03446869651932194
LHX,2021-06,240775097.34,2021-06-30,204983822.0,216.14999389648438,44307251874.17804,0.005434214200956166,1886,0.024581300120574134,0.018193265239012435
GD,2021-06,512263708.22,2021-06-30,282597786.0,188.25999450683594,53201857640.004,0.009628680857091244,1886,0.02348407265300989,0.04233311272462581
NOC,2021-06,341566264.69,2021-06-30,160961208.0,363.42999267578125,58498130644.5249,0.005838926149035306,1886,-0.02554058432777495,-0.015123396929124455
LMT,2021-06,1448177631.3600001,2021-06-30,277933985.0,378.3500061035156,105156324921.12442,0.013771664542729581,1886,-0.042067912322038215,-0.08564635326057368
LDOS,2021-06,166983938.09,2021-06-30,141420159.0,101.0999984741211,14297577859.109962,0.011679176692407598,1886,0.028208755633372773,-0.04577323233419006
MCK,2021-06,716784583.76,2021-06-30,158186277.0,191.24000549316406,30251544482.423172,0.023694148382290628,1886,0.041421003633068,0.05864083474682924
RTX,2021-06,10931121.0,2021-06-30,1515089870.0,85.30999755859375,129252313110.75012,8.45719564850932e-05,1886,-0.0051881733977141575,0.007633938216491165
TXT,2021-06,16391187.56,2021-06-30,225708875.0,68.7699966430664,15521998576.060295,0.0010559972338407672,1886,-0.02092216337828745,0.023265462484594268
MSFT,2021-06,30652020.0,2021-06-30,7531574551.0,270.8999938964844,2040303499896.8171,1.5023264921885466e-05,1886,0.027303912559452526,0.0321849123390332
HUM,2021-06,88625274.96,2021-06-30,129014427.0,442.7200012207031,57117267278.928314,0.0015516371700208355,1886,-0.06249516108928255,-0.12359155475343919
SAIC,2021-06,104224894.27,2021-06-30,,87.7300033569336,,,1886,-0.025123364718673824,-0.026330416046660532
BAH,2021-06,203507683.35999998,2021-06-30,,85.18000030517578,,,1886,-0.017016131376496935,-0.08119700842350341
ACN,2021-06,108265691.63,2021-06-30,645607914.0,294.7900085449219,190318762484.7292,0.0005688650462861591,1886,0.05627792357489647,0.08241175537982581
CACI,2021-06,267223660.31,2021-06-30,,255.1199951171875,,,1886,0.021997112598994395,0.020390762424179254
GE,2021-06,101974052.95,2021-06-30,8778641000.0,67.08645629882812,588927915809.6008,0.00017315201098901212,1886,-0.06230256758881869,-0.03041353143602954
HII,2021-06,956630501.0,2021-06-30,40232340.0,210.75,8478965655.0,0.11282396225250425,1886,-0.051079126354366844,-0.07665200816577178
OSK,2021-06,280955972.09,2021-06-30,,124.63999938964844,,,1886,-0.0652498580056945,-0.1743938815172208
BA,2021-06,1835737583.8,2021-06-30,584810068.0,239.55999755859375,140097098462.32104,0.013103323366070422,1886,-0.07901251508720375,-0.07745463461056679
ACN,2021-07,76620256.85,2021-07-30,645607914.0,317.67999267578125,205096717390.9464,0.0003735810978580891,1907,0.02952822081840001,0.07643801559837327
RTX,2021-07,368436800.0,2021-07-30,1507878091.0,86.94999694824219,131109995410.77126,0.0028101350995069236,1907,-0.05016110096422666,-0.01660550331570132
LMT,2021-07,1367346292.88,2021-07-30,276916491.0,371.6700134277344,102921555928.33109,0.013285324736366646,1907,-0.05717106483281742,-0.15045005512172505
SAIC,2021-07,64073425.69,2021-07-30,,87.30000305175781,,,1907,-0.06530853127502545,-0.05320593316072464
OSK,2021-07,315981287.02,2021-07-30,,119.55000305175781,,,1907,-0.06199577222387542,-0.14331450683769986
MCK,2021-07,754341030.5699999,2021-07-30,158186277.0,203.8300018310547,32243109130.557724,0.023395418460283944,1907,-0.04433809230242891,-0.04033060750409634
NOC,2021-07,331529950.68,2021-07-30,160109103.0,363.0199890136719,58122804812.04886,0.005703956506436073,1907,-0.014262678040872778,-0.05634177547278596
PFE,2021-07,8399750001.0,2021-07-30,5597693867.0,42.810001373291016,239637282133.53268,0.03505193318091223,1907,0.06097992442358158,-0.03988140947482588
LHX,2021-07,95524923.73,2021-07-30,204983822.0,226.74000549316406,46478032926.289764,0.0020552703657122167,1907,-0.005355069446640215,-0.05612573617667649
HII,2021-07,70372815.0,2021-07-30,40232340.0,205.1300048828125,8252860100.646973,0.008527082022689711,1907,-0.016513345616434583,-0.04595538826561785
CACI,2021-07,31646664.61,2021-07-30,,266.9599914550781,,,1907,-0.06957076589263655,-0.008143394502647672
LDOS,2021-07,304823606.94,2021-07-30,141420159.0,106.41999816894531,15049933061.831955,0.020254150346559436,1907,-0.10984464725984211,-0.11935314204044944
HUM,2021-07,250000000.0,2021-07-30,128504664.0,425.8599853515625,54724994328.64746,0.004568296499011785,1907,-0.07907327953635901,0.05143887905228217
GE,2021-07,137913178.97,2021-07-30,8781303049.0,64.54454803466797,566785236453.1567,0.00024332528460521775,1907,-0.01594035915030112,-0.031711039680861086
BA,2021-07,956675753.67,2021-07-30,586151904.0,226.47999572753906,132751680713.60889,0.007206505774747057,1907,-0.07023167307303502,-0.13078284743059754
HON,2021-07,98676213.55,2021-07-30,690399265.0,231.09463500976562,159547566156.18546,0.0006184752041494833,1907,-0.03554606191602783,-0.11028426715933604
BAH,2021-07,355558282.47,2021-07-30,,85.80999755859375,,,1907,-0.07414186945713086,-0.10542617849679448
GD,2021-07,441714688.98,2021-07-30,279541414.0,196.02999877929688,54798503045.18292,0.008060707217052876,1907,-0.015167546896516448,-0.00875090392572564
GD,2021-08,319348365.74,2021-08-31,279541414.0,200.30999755859375,55994939955.865845,0.005703164714377842,1929,0.025238718865214227,-0.06303717590435731
MCK,2021-08,726033114.16,2021-08-31,154674571.0,204.13999938964844,31575266829.534134,0.022993728543281862,1929,0.02328827342841755,0.05197018034815204
LHX,2021-08,252564155.5,2021-08-31,200943675.0,233.00999450683594,46821884607.933426,0.005394147578955118,1929,-0.004037408420750621,-0.10666380932989172
GE,2021-08,64868759.0,2021-08-31,8781303049.0,65.67221069335938,576687583996.1671,0.00011248509730431641,1929,0.024787090259638878,-0.11024121382275043
ACN,2021-08,155081766.95,2021-08-31,645607914.0,336.55999755859375,217285797959.6488,0.0007137225184813945,1929,-0.0028357899329288783,0.05298340797686518
LMT,2021-08,1295880391.0,2021-08-31,276916491.0,359.79998779296875,99634550081.47174,0.013006335552680784,1929,0.005749595903492111,-0.07802158944927384
SAIC,2021-08,120695313.46000001,2021-08-31,,84.2300033569336,,,1929,0.06239566463573765,-0.011968968699908489
CACI,2021-08,49543205.65,2021-08-31,,257.5400085449219,,,1929,0.06431156099886481,-0.0047513860735026725
RTX,2021-08,275334302.44,2021-08-31,1507878091.0,84.76000213623047,127807750214.33511,0.0021542848690964444,1929,0.06076328357958383,-0.05179382401969301
TXT,2021-08,12368102.65,2021-08-31,224137963.0,72.66999816894531,16288105360.801132,0.0007593334139257848,1929,0.007519539945550657,-0.03754894056290781
HON,2021-08,37578009.01,2021-08-31,690399265.0,229.23629760742188,158264571379.48532,0.00023743790971319663,1929,-0.03803918778062321,-0.1362588232567581
BA,2021-08,510132815.95,2021-08-31,586151904.0,219.5,128660342928.0,0.003964957688908671,1929,0.048610150577854117,-0.11072321964691223
NOC,2021-08,185241266.03,2021-08-31,160109103.0,367.70001220703125,58872119127.55682,0.003146502432308274,1929,0.02607240232624597,-0.05935118689660568
KTOS,2021-08,30499362.3,2021-08-31,,24.719999313354492,,,1929,-0.0508863222738708,-0.21475990785131427
LDOS,2021-08,574786920.74,2021-08-31,141565183.0,98.11000061035156,13888960190.53453,0.04138444583718536,1929,0.030028022225490947,-0.11275932159482738
HUM,2021-08,561000000.0,2021-08-31,128504664.0,405.4200134277344,52098362604.406494,0.010768092737573877,1929,0.00817830741368375,0.024995242875731183
OSK,2021-08,66431036.0,2021-08-31,,114.58000183105469,,,1929,-0.059957439374906385,-0.06998538292226275
UNH,2021-08,224745275.78,2021-08-31,942917366.0,416.2699890136719,392508201585.6204,0.0005725874640888868,1929,-0.011430266888190821,0.058799607280963784
BAH,2021-08,111027646.85,2021-08-31,,81.91000366210938,,,1929,0.015351593562279886,0.016983319351735915
BAH,2021-09,524141945.90999997,2021-09-30,,79.3499984741211,,,1950,0.0244804749901657,-0.037778202022822116
NOC,2021-09,1014105141.47,2021-09-30,160109103.0,360.1499938964844,57663292468.22159,0.017586667324431333,1950,-0.07829878668394386,-0.04111279056331174
MCK,2021-09,890979319.78,2021-09-30,154674571.0,199.3800048828125,30839016721.22693,0.02889130116676925,1950,-0.02753142220941629,0.13753728803466903
PFE,2021-09,902125000.0,2021-09-30,5606688356.0,43.0099983215332,241143656780.91974,0.003741027286567132,1950,-0.053190749918333946,0.2562763471062024
HII,2021-09,397115690.0,2021-09-30,40140682.0,193.05999755859375,7749559968.920288,0.051243643715596456,1950,-0.0200754001706962,-0.14800253258460194
AVAV,2021-09,11731740.0,2021-09-30,,86.31999969482422,,,1950,-0.03784197141218293,-0.39289148875406554
ACN,2021-09,318448886.12,2021-09-30,645607914.0,319.9200134277344,206542892515.93158,0.001541805105181417,1950,0.05466522114030736,0.1839166290541132
GE,2021-09,324687704.15,2021-09-30,8781303049.0,64.1894302368164,563666839452.1287,0.0005760276841291375,1950,-0.05230462336477282,-0.1935113888068164
BA,2021-09,3218979719.37,2021-09-30,586151904.0,219.94000244140625,128918251196.79492,0.024969154402010908,1950,-0.12886141888016778,-0.19180563311091503
MSFT,2021-09,76696402.82,2021-09-30,7514891248.0,281.9200134277344,2118598241544.1235,3.6201485168844676e-05,1950,0.1061273418637716,0.09233929304804955
CACI,2021-09,269400816.26,2021-09-30,,262.1000061035156,,,1950,0.027280177900909086,-0.08630092139847045
LMT,2021-09,4507835829.09,2021-09-30,276916491.0,345.1000061035156,95563882734.26413,0.04717091541398547,1950,-0.10719616916912289,-0.08041673209449107
OSK,2021-09,94703103.13,2021-09-30,,102.37000274658203,,,1950,-0.024935655829054104,-0.013326212894055223
GD,2021-09,610562593.1,2021-09-30,279541414.0,196.02999877929688,54798503045.18292,0.011141957520200394,1950,-0.029672183254681572,-0.04839270343911828
HUM,2021-09,373500000.0,2021-09-30,128504664.0,389.1499938964844,50007589211.269775,0.007468866343907407,1950,0.12002024820258095,0.08652612490364064
TXT,2021-09,55413911.33,2021-09-30,224137963.0,69.80999755859375,15647070649.818176,0.003541487897010545,1950,-0.012292376089714674,-0.007742678631042166
RTX,2021-09,793391540.05,2021-09-30,1507878091.0,85.95999908447266,129617199321.85638,0.006121035975171053,1950,-0.03642709966120283,-0.10947192815189477
UNH,2021-09,8757782101.8,2021-09-30,942917366.0,390.739990234375,368435522382.6626,0.02377018927264032,1950,0.10829313281361874,0.1817054137384877
LDOS,2021-09,1223472376.79,2021-09-30,141565183.0,96.12999725341797,13608660652.969612,0.0899039521955469,1950,-0.030113688672399608,-0.18536591490569754
HON,2021-09,49643036.45,2021-09-30,690399265.0,209.83261108398438,144868280465.41367,0.0003426770600887469,1950,-0.04029735529833944,-0.13360445485167283
SAIC,2021-09,377872663.06,2021-09-30,,85.55999755859375,,,1950,-0.01646102451823439,-0.12255374347118608
LHX,2021-09,489570786.36,2021-09-30,200943675.0,220.24000549316406,44255836085.816574,0.01106228759096704,1950,-0.02339663725673402,-0.14213270418621538
GD,2021-10,262961428.0,2021-10-29,279222830.0,202.75,56612428782.5,0.004644941643649927,1971,-0.05993055847435902,0.06891908342809983
MCK,2021-10,582330132.28,2021-10-29,154674571.0,207.8800048828125,32153750574.72693,0.018110799576137645,1971,0.05295146352048519,0.25444429332963636
LDOS,2021-10,137210766.06,2021-10-29,141565183.0,99.9800033569336,14153687471.564919,0.009694347592149365,1971,-0.1126892279894749,-0.08481786738892982
RTX,2021-10,188898293.0,2021-10-29,1496777742.0,88.86000061035156,133003671067.68063,0.0014202487155702392,1971,-0.07597686226482236,0.037817319765114266
UNH,2021-10,20000000.0,2021-10-29,942917366.0,460.4700012207031,434185160673.0422,4.606329697909864e-05,1971,-0.027255220520229217,0.04652047762131828
BAH,2021-10,36873715.0,2021-10-29,,86.86000061035156,,,1971,-0.021536695894972757,-0.09603030188060713
BA,2021-10,924596812.67,2021-10-29,587699224.0,207.02999877929688,121671369627.31372,0.007599132117129052,1971,-0.03630638998706015,-0.015901270364304887
KTOS,2021-10,31663173.9,2021-10-29,,21.389999389648438,,,1971,-0.0705064162884581,-0.19956037837423424
SAIC,2021-10,11797294.04,2021-10-29,,89.77999877929688,,,1971,-0.05756991681605639,-0.06543691926896711
LHX,2021-10,155218214.0,2021-10-29,196225469.0,230.5399932861328,45237818305.82826,0.003431160471768425,1971,-0.08084940969142573,-0.07107320149344709
GE,2021-10,219289263.82,2021-10-29,1098137128.0,65.33577728271484,71747642820.88812,0.0030563967706568,1971,-0.08617679855062021,-0.08139037639782065
NOC,2021-10,783373946.66,2021-10-29,158537643.0,357.2200012207031,56632817025.9874,0.013832508919705144,1971,-0.01127523926904983,0.05691073441182459
HUM,2021-10,630519450.65,2021-10-29,128504664.0,463.1600036621094,59518220648.838135,0.010593721448262221,1971,-0.08577709940259726,-0.1343980858323124
HON,2021-10,295900425.58,2021-10-29,688422975.0,216.09951782226562,148767872955.26962,0.0019890075706666117,1971,-0.0628918622928275,-0.04374044924475351
ACN,2021-10,15160616.15,2021-10-29,650204873.0,358.7900085449219,233287011939.61984,6.498697044447516e-05,1971,0.004160809295928991,0.004929566949914088
LMT,2021-10,1740557927.59,2021-10-29,275786440.0,332.32000732421875,91649351760.72021,0.018991491965314494,1971,0.01934257753945945,0.1975333571230159
PFE,2021-10,1230000000.0,2021-10-29,5606688356.0,43.7400016784668,245236558102.08026,0.005015565417811849,1971,0.247212647228099,0.2413270558912114
HII,2021-10,306508627.0,2021-10-29,40140682.0,202.72999572753906,8137720290.360504,0.03766517108766607,1971,-0.11087251748984384,-0.05391402030992598
CACI,2021-10,83616336.94,2021-10-29,,287.6400146484375,,,1971,-0.09003907806653366,-0.12279264343212093
GD,2021-11,1204580193.74,2021-11-30,279222830.0,188.97000122070312,52764738525.94818,0.022829264910459512,1992,0.04937859997508376,0.29000784135953184
SAIC,2021-11,185756808.28,2021-11-30,,83.88999938964844,,,1992,-0.042454134460452764,0.09856179785941899
HON,2021-11,25771434.0,2021-11-30,688422975.0,199.9083709716797,137621515471.72736,0.00018726311733788766,1992,-0.024810935538854606,-0.03763847861070335
HUM,2021-11,598213396.23,2021-11-30,128534291.0,419.7099914550781,53947126177.294525,0.011088883479427648,1992,0.06372681360902877,0.07684939863485296
TXT,2021-11,18645884.0,2021-11-30,220425217.0,70.80000305175781,15606106036.284378,0.001194781321916441,1992,0.04137071638392342,0.07269228407203043
OSK,2021-11,623694084.6600001,2021-11-30,,107.5999984741211,,,1992,-0.005582872408682382,0.06025334618718137
BA,2021-11,1067400262.12,2021-11-30,587699224.0,197.85000610351562,116276295055.4314,0.009179861308886282,1992,-0.02432721731317411,0.03520825980528275
CACI,2021-11,36395556.84,2021-11-30,,259.42999267578125,,,1992,-0.011154672981812386,0.15918188588661086
LDOS,2021-11,178796006.09,2021-11-30,140339356.0,87.91000366210938,12337233299.898071,0.014492390777069701,1992,-0.03400923221937879,0.22366534640786517
GE,2021-11,33134536.689999998,2021-11-30,1098137128.0,59.18037033081055,64988161909.052704,0.0005098549599905584,1992,-0.05107134360576615,0.027540536037821584
HII,2021-11,236903991.0,2021-11-30,40060998.0,177.50999450683594,7111227534.9183655,0.03331407831302357,1992,-0.005400503395388334,0.21743558522531992
BAH,2021-11,24028716.06,2021-11-30,,83.94000244140625,,,1992,-0.0362633630197009,0.013217760058024108
PFE,2021-11,6775400001.0,2021-11-30,5612866598.0,53.72999954223633,301579319741.1736,0.022466394601642105,1992,0.038024732045043974,-0.07006758667465807
LMT,2021-11,2009578748.34,2021-11-30,275786440.0,333.32000732421875,91925138200.72021,0.02186103592199174,1992,0.01189090452783681,0.39475902509236527
MCK,2021-11,585204803.23,2021-11-30,152682166.0,216.75999450683594,33095385463.451813,0.017682368554862687,1992,0.09938340456742423,0.3007183081528909
LHX,2021-11,292374241.0,2021-11-30,196225469.0,209.0800018310547,41026821417.819565,0.007126417082679731,1992,-0.03042926849646488,0.24820010331746312
RTX,2021-11,143992427.0,2021-11-30,1496777742.0,80.91999816894531,121119252141.9581,0.0011888483825117525,1992,0.011415382921523776,0.2872650987512454
NOC,2021-11,206948968.62,2021-11-30,158537643.0,348.79998779296875,55297927943.12604,0.0037424362235208377,1992,0.053545698507142525,0.340447820013715
UNH,2021-11,222237314.4,2021-11-30,941851250.0,444.2200012207031,418389163424.72076,0.0005311736866721844,1992,0.09035326838652025,0.13163118956350173
HUM,2021-12,1880412857.62,2021-12-31,128534291.0,463.8599853515625,59621914340.43347,0.03153895473538612,2014,-0.11142259781617214,-0.003245485644264301
GD,2021-12,838450055.99,2021-12-31,279222830.0,208.47000122070312,58209583710.94818,0.014403986466446805,2014,0.07321251975664966,0.21329510219325098
LMT,2021-12,5088747994.07,2021-12-31,275786440.0,355.4100036621094,98017259650.3601,0.05191685640082373,2014,0.13525235786055567,0.306913349269307
LDOS,2021-12,524504763.71,2021-12-31,140339356.0,88.9000015258789,12476168962.540863,0.042040530653664754,2014,0.04262823086136713,0.2659799887307368
RTX,2021-12,473556334.93,2021-12-31,1496777742.0,86.05999755859375,128812688822.27747,0.0036763174440319654,2014,0.10060504398882031,0.2138681864872034
SAIC,2021-12,308271808.65,2021-12-31,,83.58999633789062,,,2014,0.035687649368239205,0.1581089876788222
BAH,2021-12,74871348.5,2021-12-31,,84.79000091552734,,,2014,-0.04954326854499613,0.10277876604257874
NOC,2021-12,1730802533.85,2021-12-31,158537643.0,387.07000732421875,61365166637.17438,0.0282049675524143,2014,0.0037384273765447285,0.22307974040329337
OSK,2021-12,21885169.0,2021-12-31,,112.70999908447266,,,2014,0.07482060074297603,-0.07154939321886156
HON,2021-12,474900401.74,2021-12-31,688422975.0,206.1060791015625,141888160140.68298,0.0033470051431291614,2014,0.031137446051795692,-0.01123527626265608
TXT,2021-12,211024554.32,2021-12-31,220425217.0,77.19999694824219,17016826079.715622,0.012400935011702637,2014,-0.06156094314429017,-0.010304200977065525
CACI,2021-12,128821184.14,2021-12-31,,269.2099914550781,,,2014,-0.03734877338835674,0.17423149020843165
HII,2021-12,174142822.94,2021-12-31,40060998.0,186.74000549316406,7480990986.5816345,0.023278042073884765,2014,0.039807403653689954,0.13540891915298015
MCK,2021-12,609005032.34,2021-12-31,152682166.0,248.57000732421875,37952207120.89758,0.016046630184115545,2014,0.07993276358358636,0.28061754522955673
GE,2021-12,644460385.13,2021-12-31,1098137128.0,58.85640335083008,64632401740.09012,0.0099711656658158,2014,0.08317770809100133,0.02336178692092339
LHX,2021-12,273912998.99,2021-12-31,196225469.0,213.24000549316406,41843120087.458694,0.006546189634460308,2014,0.03077142965901991,0.2359218777296499
BA,2021-12,2057445352.04,2021-12-31,587699224.0,201.32000732421875,118315612080.11768,0.017389466325431306,2014,0.08121034100018931,-0.009012551729286722
KTOS,2021-12,50917490.0,2021-12-31,,19.399999618530273,,,2014,-0.0758243578890968,0.11045168450301013
ACN,2021-12,36713727.370000005,2021-12-31,646879735.0,414.54998779296875,268163986247.76886,0.0001369077476946458,2014,-0.09891013444942443,-0.13271800038964943
ACN,2022-01,132992814.45,2022-01-31,646879735.0,353.5799865722656,228723728015.17075,0.0005814561331440824,2034,-0.07297814661784507,-0.06007373303488972
HON,2022-01,36476911.97,2022-01-31,688422975.0,202.12254333496094,139145802597.2202,0.0002621488488272137,2034,-0.0564870386244225,0.04397183522741299
PFE,2022-01,2489632500.0,2022-01-31,5612866598.0,52.689998626708984,295741933340.52075,0.008418260041376708,2034,-0.06798839690344971,-0.006671504230915892
LMT,2022-01,1439394255.27,2022-01-31,272326925.0,389.1300048828125,105970577654.97131,0.013582961300414077,2034,0.19110394823327237,0.1906197961415077
LDOS,2022-01,164930810.06,2022-01-31,140339356.0,89.44999694824219,12553354965.918274,0.013138384958266443,2034,0.18982424696946731,0.23716931699067523
HII,2022-01,700541687.0,2022-01-31,40060998.0,187.1999969482422,7499418703.343536,0.0934127983396461,2034,0.14755648479204653,0.21731606642359358
OSK,2022-01,59163092.5,2022-01-31,,113.80999755859375,,,2034,-0.00436090242712639,-0.095610164623957
BA,2022-01,696088072.13,2022-01-31,582999765.0,200.24000549316406,116739876146.11336,0.005962727519590357,2034,0.014580973286347887,-0.1819537290996064
NOC,2022-01,416942608.56,2022-01-31,156101934.0,369.8999938964844,57742104433.82941,0.007220772651918199,2034,0.2573111705566107,0.26639257941606576
GE,2022-01,102307176.59,2022-01-31,1098137128.0,58.862632751464844,64639242476.21234,0.0015827409584456332,2034,0.023329544191672325,-0.123754672462846
RTX,2022-01,527818802.0,2022-01-31,1496777742.0,90.19000244140625,134994388205.22253,0.003909931435057834,2034,0.14990180735028336,0.12637847617442577
AVAV,2022-01,10534348.08,2022-01-31,,56.91999816894531,,,2034,0.3051774300959036,0.5820359679558602
CACI,2022-01,92732124.25,2022-01-31,,247.4600067138672,,,2034,0.2048462513756577,0.15153541039225105
LHX,2022-01,102320182.17,2022-01-31,196225469.0,209.2899932861328,41068027089.57826,0.0024914803417952734,2034,0.23828893184688726,0.20468179697003097
MCK,2022-01,668060539.74,2022-01-31,152682166.0,256.7200012207031,39196565841.8996,0.01704385385277476,2034,0.09507143234496773,0.2730062675010012
BAH,2022-01,134910503.2,2022-01-31,,76.7300033569336,,,2034,0.0964040744016943,0.15658482457105127
UNH,2022-01,38860000.0,2022-01-31,941851250.0,472.57000732421875,445090652110.8246,8.73080569445977e-05,2034,0.05382367840374824,0.13950286097419817
SAIC,2022-01,53338786.26,2022-01-31,,82.02999877929688,,,2034,0.10924766603065206,0.09256041877656274
GD,2022-01,2822822181.41,2022-01-31,279222830.0,212.10000610351562,59223163947.240906,0.04766415694920855,2034,0.1382204345108311,0.1813894581450084
GE,2022-02,39164444.23,2022-02-28,1099321882.0,59.50434112548828,65414424273.241776,0.0005987126641427995,2053,-0.06847134899905483,-0.12864501731450084
HON,2022-02,69919576.76,2022-02-28,685818771.0,187.56236267089844,128633789052.81184,0.0005435552919248445,2053,-0.0193034827181342,0.08607921615723613
MCK,2022-02,617236183.87,2022-02-28,149798378.0,274.9599914550781,41188560734.86456,0.014985621562336673,2053,0.0561684561074447,0.26420188054212
HII,2022-02,243908629.0,2022-02-28,39989022.0,204.39999389648438,8173755852.726379,0.029840459318177897,2053,-0.07082719909112145,0.10095141362008131
LMT,2022-02,1785265661.64,2022-02-28,272326925.0,433.79998779296875,118135416740.69672,0.015112027458781463,2053,-0.05263491957789923,0.08462365169662345
SAIC,2022-02,17692443.03,2022-02-28,,87.69000244140625,,,2053,-0.02226877944097816,0.04158650318876689
TXT,2022-02,34012332.13,2022-02-28,216682177.0,73.12999725341797,15845967008.874626,0.002146434617145877,2053,-0.02067845727875728,-0.05070430158385564
CACI,2022-02,105479694.81,2022-02-28,,279.7900085449219,,,2053,0.011517902111693124,0.06414481199888056
GD,2022-02,1377590504.0500002,2022-02-28,277697967.0,234.4499969482422,65106287515.68306,0.02115910085824139,2053,-0.03203591651080773,0.017204718117261653
ACN,2022-02,94128029.19,2022-02-28,646879735.0,316.0199890136719,204426926747.86697,0.00046044829165824234,2053,0.01770732745250969,0.011293390104509249
LDOS,2022-02,230841879.94,2022-02-28,140505454.0,101.83999633789062,14309074920.81366,0.01613255093131301,2053,-0.0024196828775902013,0.08421797869975411
BA,2022-02,1428928151.24,2022-02-28,582999765.0,205.33999633789062,119713169610.0911,0.011936265290561231,2053,-0.11655682075980811,-0.3100552582222822
OSK,2022-02,11634995.1,2022-02-28,,111.04000091552734,,,2053,-0.08044023816706425,-0.11644041040870312
BAH,2022-02,161932413.53,2022-02-28,,80.69000244140625,,,2053,0.014001088032092213,0.12245368672770796
HUM,2022-02,118500000.0,2022-02-28,126633599.0,434.32000732421875,54999505645.17218,0.0021545648203549236,2053,-0.04969693575962464,0.10981100160590063
NOC,2022-02,479446811.96,2022-02-28,156101934.0,442.1400146484375,69018911385.40942,0.006946600610414074,2053,-0.0509262210269239,0.11467417747916109
RTX,2022-02,59666389.75,2022-02-28,1492330987.0,102.69999694824219,153262387810.66724,0.00038930875736915247,2053,-0.07613151926057982,-0.006710844847059083
LHX,2022-02,332715035.03,2022-02-28,193065899.0,252.30999755859375,48712456505.33771,0.006830183876962609,2053,-0.07868551795102385,0.005049156352783579
MSFT,2022-03,18366892.64,2022-03-31,7496866428.0,308.30999755859375,2311358870113.783,7.94636128447498e-06,2076,0.0049531931186656,-0.0038641226860015587
HUM,2022-03,1411761021.36,2022-03-31,126633599.0,435.1700134277344,55107144977.23233,0.025618475098705854,2076,0.07846330726872874,0.2547372665587868
HON,2022-03,205442254.6,2022-03-31,685818771.0,192.33668518066406,131908109048.81694,0.0015574649358665988,2076,0.09404689632395791,0.05678501855635387
SAIC,2022-03,77236159.45,2022-03-31,,92.16999816894531,,,2076,-0.01289726883142095,0.18659596654591826
GE,2022-03,76690394.18,2022-03-31,1099321882.0,57.00604248046875,62667989905.000854,0.0012237570456026415,2076,-0.09203921549417615,-0.152514432100207
BA,2022-03,1423519682.96,2022-03-31,582999765.0,191.5,111644454997.5,0.012750473662054028,2076,-0.14169082285842227,-0.11753476818827124
MCK,2022-03,729387589.04,2022-03-31,149798378.0,306.1300048828125,45857778188.57739,0.01590542799610997,2076,0.08446649465098,0.2301810544695444
KTOS,2022-03,12163284.0,2022-03-31,,20.479999542236328,,,2076,-0.1657690344573154,-0.16759392465587908
CACI,2022-03,81192129.49,2022-03-31,,301.260009765625,,,2076,-0.034166478001773415,0.1055263973360373
RTX,2022-03,94897558.5,2022-03-31,1492330987.0,99.06999969482422,147845230426.66672,0.0006418709499531032,2076,0.03332245122037758,0.1373885616919266
NOC,2022-03,1367933104.88,2022-03-31,156101934.0,447.2200012207031,69811907114.03412,0.01959455286969245,2076,0.06304791856519742,0.24381115040909918
BAH,2022-03,81560423.88,2022-03-31,,87.83999633789062,,,2076,0.02091649596532319,0.2146361202311573
UNH,2022-03,299370462.19,2022-03-31,940899146.0,509.9700012207031,479830338634.1785,0.0006239089905030772,2076,0.06498276677065995,0.17041813017475915
OSK,2022-03,27076780.14,2022-03-31,,100.6500015258789,,,2076,0.016107959690827123,-0.02930082729826644
LDOS,2022-03,219394140.93,2022-03-31,140505454.0,108.0199966430664,15177398669.412521,0.014455319103671684,2076,0.04052633944761663,0.1041132494176531
TXT,2022-03,12039000.0,2022-03-31,216682177.0,74.37999725341797,16116819730.124626,0.0007469835986002498,2076,0.02433208907275486,-0.025935700658781924
GD,2022-03,4116977546.13,2022-03-31,277697967.0,241.17999267578125,66975193647.13934,0.06147018503328874,2076,0.05448600367655254,0.09069243289483586
HII,2022-03,884980868.0,2022-03-31,39989022.0,199.44000244140625,7975410645.309448,0.11096367414265758,2076,0.1469089236934108,0.2665116332949695
LHX,2022-03,399631028.35,2022-03-31,193065899.0,248.47000122070312,47971084160.20615,0.008330664927550444,2076,0.028911256037053024,0.13574277447413963
LMT,2022-03,3660621699.44,2022-03-31,272326925.0,441.3999938964844,120205103032.84836,0.03045313058331363,2076,0.05828582397581161,0.14051964607957312
MCK,2022-04,675964726.91,2022-04-29,149798378.0,309.6099853515625,46379073618.26782,0.014574778540719936,2096,0.06086054765220683,0.10620453505337446
ACN,2022-04,122237949.27000001,2022-04-29,646321916.0,300.3599853515625,194129241222.1538,0.000629673038953033,2096,-0.00858324890511819,0.016870098571540204
AVAV,2022-04,19737523.0,2022-04-29,,80.31999969482422,,,2096,0.14266284302650134,0.09031198872268864
CACI,2022-04,116471635.9,2022-04-29,,265.29998779296875,,,2096,0.05454618011578649,0.1331301357067478
HII,2022-04,254226461.0,2022-04-29,39989022.0,212.74000549316406,8507264759.946259,0.02988345469121217,2096,-0.007278713653575464,0.02760177897398819
BAH,2022-04,103834696.0,2022-04-29,,81.62999725341797,,,2096,0.04956162966044886,0.178356236137595
GE,2022-04,148584736.4,2022-04-29,1100664978.0,46.44590759277344,51121383858.79001,0.0029065084937925007,2096,0.04790998139396474,0.016659909042256782
NOC,2022-04,1018017823.8,2022-04-29,155444603.0,439.3999938964844,68302357609.44144,0.014904578105797029,2096,0.06671942866974523,0.08515309160760798
TXT,2022-04,14830963.41,2022-04-29,215083317.0,69.25,14894519702.25,0.00099573290757134,2096,-0.05944161876005727,-0.05143874483191491
RTX,2022-04,530993934.56,2022-04-29,1487215106.0,94.91000366210938,141151591156.80438,0.003761869988203833,2096,0.005943014705520611,-0.013047901371670334
LHX,2022-04,126076478.03999999,2022-04-29,192874623.0,232.25999450683594,44797058878.48805,0.0028143918640279987,2096,0.03494231353923194,0.04114358618738145
UNH,2022-04,80312672.0,2022-04-29,940899146.0,508.54998779296875,478494249212.7147,0.00016784459193008397,2096,-0.025401735194134134,0.055190511502564155
GD,2022-04,462756315.15,2022-04-29,277705115.0,236.52999877929688,65685590511.9545,0.007045020247869741,2096,-0.05138431309525748,-0.03955288937072865
MSFT,2022-04,14380144.0,2022-04-29,7479033135.0,277.5199890136719,2075581193458.088,6.928249323767241e-06,2096,-0.0203348931727797,0.0027773135910829083
LDOS,2022-04,267670854.54000002,2022-04-29,140505454.0,103.51000213623047,14543719843.692032,0.018404566191922038,2096,0.007306900570816843,0.01821505228678455
HUM,2022-04,2211790396.7,2022-04-29,126493402.0,444.55999755859375,56233906484.29822,0.03933197131374079,2096,0.01949463781275962,0.06816459777099748
LMT,2022-04,3274414634.62,2022-04-29,266106974.0,432.1199951171875,114990144305.52954,0.028475611143854725,2096,0.022601910195312547,-0.02496762778578998
HON,2022-04,662840201.8100001,2022-04-29,680732930.0,191.27902221679688,130209929241.17523,0.005090550357202678,2096,0.0034440164182860666,-0.0040867835336088065
BA,2022-04,891514484.77,2022-04-29,591635833.0,148.83999633789062,88059075217.08487,0.010124050049040623,2096,-0.11943029094601809,0.13459635583917096
TXT,2022-05,24041615.03,2022-05-31,215083317.0,65.29000091552734,14042789963.844658,0.0017120255370833624,2117,0.018101567440305333,0.0034336684652540583
CACI,2022-05,212164801.57,2022-05-31,,280.3699951171875,,,2117,0.08748953858461239,0.005980280283828576
LMT,2022-05,5334517421.62,2022-05-31,266106974.0,440.1099853515625,117116336429.08862,0.045548875453852104,2117,0.059397970947539735,-0.0026000902163133555
OSK,2022-05,162822494.0,2022-05-31,,92.91000366210938,,,2117,-0.03345843630782486,-0.09782856480951563
LDOS,2022-05,576441142.28,2022-05-31,136662094.0,104.5,14281188823.0,0.04036366645832983,2117,0.049695538078203705,-0.04834313658493561
GD,2022-05,1732209917.2,2022-05-31,277705115.0,224.91000366210938,62458658431.636505,0.027733703552021902,2117,0.07187236758630289,0.06503189420676192
ACN,2022-05,61683921.65,2022-05-31,646321916.0,298.4599914550781,192901233526.58972,0.00031976945155976627,2117,0.012736217936911931,0.014999244193252048
AVAV,2022-05,17898402.71,2022-05-31,,91.95999908447266,,,2117,-0.023672668930319607,0.003644109906467796
SAIC,2022-05,131967721.16,2022-05-31,,86.55999755859375,,,2117,0.15801507283267013,0.09217222151516824
HII,2022-05,827477886.0,2022-05-31,40047195.0,210.4600067138672,8428332928.571548,0.09817812051478164,2117,0.11743162734468471,0.13723837698967378
MSFT,2022-05,20583274.0,2022-05-31,7479033135.0,271.8699951171875,2033324701893.7334,1.0122964611028334e-05,2117,0.027140020271967713,0.0007993448626011368
BAH,2022-05,299852376.53,2022-05-31,,85.86000061035156,,,2117,0.1403321151296717,0.15392063705886894
HON,2022-05,174204107.87,2022-05-31,680732930.0,191.38775634765625,130283948144.66614,0.0013371110589661078,2117,-0.0198536228672489,0.02131928682110129
RTX,2022-05,450111620.95,2022-05-31,1487215106.0,95.12000274658203,141463904967.47827,0.00318181249876764,2117,0.09286813844552522,-0.008057543177099613
LHX,2022-05,401504480.54,2022-05-31,192874623.0,240.89999389648438,46463495503.486725,0.00864128874053116,2117,0.09045628669209593,-0.004144605423586523
NOC,2022-05,967867338.97,2022-05-31,155444603.0,467.9700012207031,72743411055.66171,0.013305223454938188,2117,0.10511158787417219,0.06278447625551864
BA,2022-05,1334527259.53,2022-05-31,591635833.0,131.39999389648438,77740944845.14145,0.017166337020837013,2117,0.12294757673008161,0.26595726843352263
MCK,2022-05,671815238.74,2022-05-31,145365324.0,328.69000244140625,47780128700.45581,0.014060557328167914,2117,0.07491506436592699,0.13893886260493804
TXT,2022-06,144872678.95,2022-06-30,215083317.0,61.06999969482422,13135138103.55178,0.011029398991307596,2138,-0.012056507743489542,0.0016048443222177466
GD,2022-06,2034673505.87,2022-06-30,277705115.0,221.25,61442256693.75,0.0331152144364022,2138,-0.06657111015643657,0.003554657395331562
LHX,2022-06,422116547.22,2022-06-30,192874623.0,241.6999969482422,46617795790.49336,0.009054837108065952,2138,-0.09174970577369124,-0.09519200272702533
OSK,2022-06,345821973.55,2022-06-30,,82.13999938964844,,,2138,-0.060243655654871775,-0.09630979884160318
LDOS,2022-06,374797008.76,2022-06-30,136662094.0,100.70999908447266,13763239361.622116,0.027231743844047113,2138,-0.04476635599136225,-0.08742297805537724
HII,2022-06,255000000.0,2022-06-30,40047195.0,217.82000732421875,8723080308.214417,0.02923279288852467,2138,-0.08967993549774789,0.06475559055618452
BAH,2022-06,381348607.97,2022-06-30,,90.36000061035156,,,2138,-0.028649711952072998,0.05917174495765032
HON,2022-06,159120289.55,2022-06-30,680732930.0,171.80613708496094,116954095089.82712,0.0013605362807329402,2138,0.015743566268532794,0.01774775025541564
RTX,2022-06,2979925325.71,2022-06-30,1487215106.0,96.11000061035156,142936244745.38406,0.020847933503627552,2138,-0.11871518904462863,-0.10390443935896909
MCK,2022-06,716027151.04,2022-06-30,145365324.0,326.2099914550781,47419621099.90466,0.0150998075149411,2138,-0.03916167195403242,0.0843415284586353
HUM,2022-06,87154656.78,2022-06-30,126493402.0,468.07000732421875,59207767600.60535,0.0014720138980397722,2138,-0.07481692549545227,0.08517281995908621
NOC,2022-06,776086960.56,2022-06-30,155444603.0,478.57000732421875,74391124796.22028,0.01043252085092054,2138,-0.09499683457374242,0.020926407451075102
SAIC,2022-06,288950817.72,2022-06-30,,93.0999984741211,,,2138,-0.0483177715006784,-0.009099833333021556
LMT,2022-06,3242470421.4900002,2022-06-30,266106974.0,429.9599914550781,114415352267.1767,0.028339469810994895,2138,-0.11369280385472347,-0.05303700430267044
UNH,2022-06,109000000.0,2022-06-30,938171603.0,513.6300048828125,481873085029.806,0.00022620063951747348,2138,-0.046507942532932,0.028142612440779757
CACI,2022-06,227413763.0,2022-06-30,,281.7799987792969,,,2138,-0.020750695988190015,-0.02786770503783409
GE,2022-06,326749898.7,2022-06-30,1100664978.0,39.667484283447266,43660610716.15583,0.007483860013416899,2138,0.10166047650054333,0.020838760552542412
PFE,2022-06,3200000000.0,2022-06-30,5610895801.0,52.43000030517578,294179268558.7395,0.010877720974960708,2138,-0.11607616836595791,-0.11681900949422397
ACN,2022-06,203224939.22,2022-06-30,645454021.0,277.6499938964844,179210304991.1113,0.001134002529765684,2138,0.012619314966318518,-0.03211219273568633
BA,2022-06,634108370.47,2022-06-30,591635833.0,136.72000122070312,80888451809.97171,0.007839294191953231,2138,0.1477615418878675,-0.04892947867783559
KTOS,2022-06,43124385.29,2022-06-30,,13.880000114440918,,,2138,-0.003839049654470017,-0.2170614349090615
LHX,2022-07,302016369.73,2022-07-29,191353157.0,239.97000122070312,45919017318.8754,0.006577152286006209,2158,-0.005159547614395743,0.1325684332843905
KTOS,2022-07,13922710.0,2022-07-29,,14.390000343322754,,,2158,-0.0801302104680034,-0.18113079590168402
TXT,2022-07,37730489.239999995,2022-07-29,211531587.0,65.63999938964844,13884933241.571365,0.0027173691499671926,2158,0.0036760281460841426,0.07726791149577406
SAIC,2022-07,77340075.91,2022-07-29,,96.87000274658203,,,2158,-0.018986521757861308,0.14987496762921493
RTX,2022-07,1197873265.97,2022-07-29,1476514046.0,93.20999908447266,137625872875.87103,0.00870383773733009,2158,0.01678070765620787,0.06451608655892382
NOC,2022-07,505094859.03000003,2022-07-29,154711299.0,478.8999938964844,74091240146.81717,0.0068172007652877445,2158,0.04070961030556686,0.19604191453960118
GE,2022-07,194643411.62,2022-07-29,1096553102.0,46.047176361083984,50493174077.087715,0.003854846029739361,2158,0.051672883803449254,0.1034606814591964
HON,2022-07,238722948.51,2022-07-29,673692317.0,190.24111938476562,128163980506.99637,0.0018626368154738163,2158,0.027503969481848856,0.09994531662750938
BAH,2022-07,322692266.91,2022-07-29,,95.9800033569336,,,2158,0.023928243149349937,0.15832403231690895
MSFT,2022-07,13265692.09,2022-07-29,7457891872.0,280.739990234375,2093728491314.3047,6.335918026158527e-06,2158,-0.030522288218137517,-0.11669121091295831
MCK,2022-07,771840588.18,2022-07-29,145365324.0,341.5799865722656,49653885419.99304,0.01554441473515021,2158,0.0854862333122155,0.2116986203857557
AVAV,2022-07,11240581.09,2022-07-29,,86.63999938964844,,,2158,0.08527671174553708,0.09306720816417313
GD,2022-07,1701463123.91,2022-07-29,274246220.0,226.6699981689453,62163390185.24017,0.027370822582871112,2158,0.05373321665602426,0.17412440686024422
BA,2022-07,604040762.52,2022-07-29,593811169.0,159.30999755859375,94600055883.6557,0.006385205134158506,2158,0.06107192366097447,-0.048809312571588936
CACI,2022-07,101495925.76,2022-07-29,,302.2900085449219,,,2158,-0.06458129818699987,0.04946065318985915
LMT,2022-07,1440833707.96,2022-07-29,265152217.0,413.80999755859375,109722638269.42572,0.013131599191244467,2158,0.06107028220815658,0.2219199482471098
LDOS,2022-07,302363465.02,2022-07-29,136662094.0,107.0,14622844058.0,0.020677473124975317,2158,-0.06858919937456898,0.004153668813843381
ACN,2022-07,86481344.96,2022-07-29,645454021.0,306.260009765625,197676754774.72192,0.0004374886923784064,2158,-0.013590208473619358,-0.011575728042739541
HUM,2022-08,511000000.0,2022-08-31,126553698.0,481.7799987792969,60971040467.955505,0.008381028043445737,2181,0.10113334526631923,0.10734803398551951
MCK,2022-08,1763132373.52,2022-08-31,143730455.0,367.0,52749076985.0,0.033424895264449334,2181,0.018522201074890332,0.005604095078382665
HON,2022-08,64534823.86,2022-08-31,673692317.0,187.16697692871094,126092954352.98882,0.000511803567385209,2181,-0.025747809588560933,0.12930246544849822
BA,2022-08,3937818686.2200003,2022-08-31,593811169.0,160.25,95158239832.25,0.04138179408490317,2181,-0.15198474117120608,0.08038704971471433
RTX,2022-08,75975844.0,2022-08-31,1476514046.0,89.75,132517135628.5,0.0005733284502390055,2181,0.00453467774834615,0.07052477674392676
LDOS,2022-08,462636561.7,2022-08-31,136540637.0,95.05000305175781,12978187963.538956,0.03564723850507756,2181,0.016284109362524557,0.11884990356990621
LMT,2022-08,7383920460.65,2022-08-31,265152217.0,420.1099853515625,111393093999.80432,0.0662870578014735,2181,0.01194324887526288,0.12624493161534311
NOC,2022-08,805733788.63,2022-08-31,154711299.0,477.989990234375,73950452298.15747,0.01089558973055903,2181,0.07639950095512016,0.08353154104268712
GE,2022-08,61251897.08,2022-08-31,1096553102.0,45.754356384277344,50172081423.192825,0.0012208362767203308,2181,-0.06350698730805349,0.13619921731120277
GD,2022-08,624230101.22,2022-08-31,274246220.0,228.92999267578125,62783185135.96069,0.009942631930320084,2181,0.01923562425354186,0.07277029629769549
PFE,2022-08,869890707.5,2022-08-31,5612351809.0,45.22999954223633,253846669751.93924,0.003426835216511067,2181,0.059945434906566786,0.08196583129055823
SAIC,2022-08,142034587.51,2022-08-31,,91.06999969482422,,,2181,0.0634571858427373,0.17819784162552987
ACN,2022-08,188288632.53,2022-08-31,645454021.0,288.4599914550781,186187661382.30582,0.001011284158854008,2181,-0.015576134579867174,0.011999788939073941
LHX,2022-08,409913120.02,2022-08-31,191353157.0,228.19000244140625,43664877363.00079,0.009387708033902271,2181,0.007714288704772199,-0.03074239991372707
CACI,2022-08,197852984.22,2022-08-31,,280.8699951171875,,,2181,0.021914981520355203,0.07603344843601856
AVAV,2022-08,20050251.78,2022-08-31,,88.6500015258789,,,2181,0.03277294448493662,0.0018073819876260888
BAH,2022-08,267923561.82,2022-08-31,,95.69999694824219,,,2181,0.05744050448722082,0.08056817066838295
OSK,2022-08,35200330.260000005,2022-08-31,,79.76000213623047,,,2181,-0.02628519168611354,0.1234103702129894
TXT,2022-08,54886541.0,2022-08-31,211531587.0,62.380001068115234,13195340623.00011,0.004159539535063621,2181,0.02669080146094105,0.10876594606792978
HII,2022-08,27378709.0,2022-08-31,39947745.0,230.25999450683594,9198367544.260483,0.0029764747786234667,2181,0.05440174863701719,-0.02303527659830662
BA,2022-09,1398450767.1,2022-09-30,593811169.0,121.08000183105469,71898657429.82072,0.019450304318477826,2202,0.09571484851369738,0.497648456397896
MSFT,2022-09,106951198.2,2022-09-30,7457891872.0,232.89999389648438,1736942971469.4404,6.157438669936302e-05,2202,-0.08458184678718605,-0.04299477544034458
HON,2022-09,153323822.12,2022-09-30,673692317.0,165.0449981689453,111189547225.69753,0.0013789409701325292,2202,0.14062056976413406,0.21414039046005096
GD,2022-09,899134662.81,2022-09-30,274246220.0,212.1699981689453,58186819995.24017,0.01545254858202513,2202,0.1026631413419985,0.1003200325230722
LHX,2022-09,584731838.81,2022-09-30,191353157.0,207.8300018310547,39768926969.688095,0.014703233991092668,2202,0.10464549717061256,-0.0686892016354399
RTX,2022-09,948313017.5799999,2022-09-30,1476514046.0,81.86000061035156,120867440706.75266,0.00784589308779018,2202,0.07704383266922643,0.1644565260459412
MCK,2022-09,837783745.41,2022-09-30,143730455.0,339.8699951171875,48849669039.04114,0.017150244042399447,2202,0.06436837481959734,0.02967039809157801
SAIC,2022-09,458785289.85,2022-09-30,,88.43000030517578,,,2202,0.14893753193760317,0.1840139569319157
UNH,2022-09,14610054945.7,2022-09-30,935382710.0,505.0400085449219,472405691851.1722,0.03092692403524805,2202,0.017944241921280746,-0.02259473407159951
CACI,2022-09,391208154.54999995,2022-09-30,,261.05999755859375,,,2202,0.08332267500331092,0.07581221029210483
CW,2022-09,10183901.0,2022-09-30,,139.16000366210938,,,2202,0.12474641446001322,0.12567796031685008
NOC,2022-09,571867225.99,2022-09-30,154711299.0,470.32000732421875,72763819278.8194,0.007859224978264205,2202,0.08603619747997415,0.0883283751582482
LDOS,2022-09,1238885767.21,2022-09-30,136540637.0,87.47000122070312,11943209685.065582,0.10373139213650145,2202,0.08015110963518257,0.13105202060285448
HUM,2022-09,370000000.0,2022-09-30,126553698.0,485.19000244140625,61402589041.58899,0.006025804543020049,2202,0.0689542799068712,-0.018343935222597807
HII,2022-09,92815819.0,2022-09-30,39947745.0,221.5,8848425517.5,0.010489529331114697,2202,0.07931150701400425,-0.028529134538162637
OSK,2022-09,117941309.91,2022-09-30,,70.29000091552734,,,2202,0.1706808353790341,0.18442063099506067
BAH,2022-09,709377744.3100001,2022-09-30,,92.3499984741211,,,2202,0.09739282065635746,0.06088488382978596
ACN,2022-09,290763848.07,2022-09-30,645454021.0,257.29998779296875,166075311724.2226,0.0017507951365632825,2202,0.02701227374022941,-0.03391973837089535
PFE,2022-09,4852867500.0,2022-09-30,5612351809.0,43.7599983215332,245596505741.69385,0.01975951361907406,2202,-0.017518924466696006,0.10535922207538584
GE,2022-09,278517690.65999997,2022-09-30,1096553102.0,38.57097244262695,42295119479.1191,0.006585102349634047,2202,0.17554864322524466,0.27911490569497177
TXT,2022-09,39744900.25,2022-09-30,211531587.0,58.2599983215332,12323829903.571255,0.003225044532502233,2202,0.0934584184622218,0.13996825528581258
LMT,2022-09,2737650785.12,2022-09-30,265152217.0,386.2900085449219,102425652170.63498,0.026728175287175505,2202,0.17860699170237582,0.19163485820912318
GE,2022-10,148537727.39999998,2022-10-31,1092668140.0,48.4769401550293,52969208032.08717,0.0028042278319513523,2223,0.04927962564729227,0.2880042120370201
NOC,2022-10,995712788.41,2022-10-31,153912156.0,549.010009765625,84499314268.6084,0.011783678921284554,2223,-0.08099689851665104,-0.25971541229203565
HON,2022-10,252072802.82,2022-10-31,672322232.0,201.6678466796875,135585776802.32129,0.001859138980245046,2223,0.025798427312969663,-0.05035845996296606
LHX,2022-10,175151738.0,2022-10-31,190402795.0,246.47000122070312,46928577116.07529,0.0037323044669939956,2223,-0.12957977976719992,-0.1883376126101175
HII,2022-10,774049170.0,2022-10-31,39947745.0,257.07000732421875,10269367099.736023,0.07537457396180697,2223,-0.14838688407341571,-0.21453984192605102
CACI,2022-10,21172567.0,2022-10-31,,304.0299987792969,,,2223,-0.028390166001318384,-0.06408100072425271
TXT,2022-10,15236597.96,2022-10-31,208771472.0,68.44000244140625,14288320053.375977,0.0010663673478114714,2223,-0.012633791002571337,0.021021413203363926
GD,2022-10,418218948.75,2022-10-31,274548961.0,249.8000030517578,68582331295.65694,0.006098056756733265,2223,-0.04522298411915138,-0.1410854058176858
LMT,2022-10,2900270660.62,2022-10-31,262073963.0,486.67999267578125,127546154393.35297,0.022738989461615212,2223,-0.05243629620308998,-0.11282902250241278
SAIC,2022-10,29838622.779999997,2022-10-31,,108.33999633789062,,,2223,-0.03925401027722453,-0.10767953236350192
HUM,2022-10,1312625776.54,2022-10-31,126553698.0,558.0800170898438,70627089942.62292,0.018585301724966585,2223,-0.07024855473024749,-0.1474210838510569
UNH,2022-10,3265903740.02,2022-10-31,935382710.0,555.1500244140625,519277734292.99194,0.006289319807764529,2223,-0.06890307726985012,-0.17054102471454924
LDOS,2022-10,64420825.47,2022-10-31,136540637.0,101.58999633789062,13871162812.803253,0.004644226755851989,2223,0.020597439747741975,-0.10230070460752938
BA,2022-10,1047573866.26,2022-10-31,595983192.0,142.50999450683594,84933561418.08655,0.012334039086190018,2223,0.19961885032841042,0.43835755803832965
BAH,2022-10,69624212.14,2022-10-31,,108.8499984741211,,,2223,-0.0740295017706547,-0.18874624745228696
MCK,2022-10,660047918.78,2022-10-31,143730455.0,389.3699951171875,55964326561.54114,0.011794083112108545,2223,-0.07395299433639901,-0.1144350122063289
OSK,2022-10,47488411.2,2022-10-31,,88.0,,,2223,-0.004863227729838382,0.12094722567043448
BAH,2022-11,67185524.33,2022-11-30,,106.4000015258789,,,2244,0.03995922041281397,-0.08525311323351903
RTX,2022-11,392948172.0,2022-11-30,1470060775.0,98.72000122070312,145124401502.50778,0.002707664375747381,2244,0.07991365557262786,0.012565809784434556
BA,2022-11,1221494687.66,2022-11-30,595983192.0,178.8800048828125,106609476295.03418,0.011457655830515478,2244,0.1225322527609467,0.2065459822862985
GD,2022-11,1212278289.71,2022-11-30,274548961.0,252.38999938964844,69293412099.21861,0.01749485633604223,2244,0.040670521618640376,-0.07569062719386976
HON,2022-11,13584319.56,2022-11-30,672322232.0,217.018798828125,145906563214.08398,9.31028684437462e-05,2244,0.0337159140808202,-0.09477345969438289
GE,2022-11,406205863.14,2022-11-30,1092668140.0,53.560760498046875,58524136550.38635,0.006940826248504787,2244,0.033212402589298695,0.29236098982665415
ACN,2022-11,24254899.48,2022-11-30,647797003.0,300.92999267578125,194941547368.18304,0.00012442139609259462,2244,-0.055653686097592026,-0.09777259434510532
UNH,2022-11,316247914.57,2022-11-30,934349073.0,547.760009765625,511799057350.98267,0.0006179142185350349,2244,0.028517698604882735,-0.11963145946919351
NOC,2022-11,918718710.14,2022-11-30,153912156.0,533.2899780273438,82079810291.3811,0.011192992611442125,2244,0.0807300627484695,-0.11638826872787167
CACI,2022-11,51152345.83,2022-11-30,,312.29998779296875,,,2244,0.02013243342395732,-0.049274054425108904
HUM,2022-11,293542174.65,2022-11-30,126600318.0,549.9000244140625,69617517959.02808,0.004216498709746562,2244,-0.009521473169745276,-0.08496097417772874
LHX,2022-11,160264786.15,2022-11-30,190402795.0,227.0800018310547,43236667037.23793,0.00370668687324975,2244,-0.02547016687381587,-0.052888400452789974
MCK,2022-11,675496071.89,2022-11-30,141793480.0,381.67999267578125,54119734407.873535,0.01248151121361982,2244,0.0404413386991368,-0.08895958283123906
LDOS,2022-11,151385273.42000002,2022-11-30,136689557.0,109.33000183105469,14944269517.096054,0.010129988170168986,2244,0.023023298355744015,-0.10300849028980508
KTOS,2022-11,14586339.03,2022-11-30,,9.520000457763672,,,2244,0.14166193423065687,0.37900794730019727
AVAV,2022-11,86424143.05,2022-11-30,,91.98999786376953,,,2244,-0.011183360971550704,-0.025560447919707574
LMT,2022-11,1734450932.95,2022-11-30,262073963.0,485.19000244140625,127155666747.79901,0.013640374647164692,2244,0.06030768086247429,-0.004836413317437338
AVAV,2022-12,45857707.91,2022-12-30,,85.66000366210938,,,2265,-0.017214342829898532,-0.005247341849557996
CACI,2022-12,165809851.02,2022-12-30,,300.5899963378906,,,2265,-0.058215066086559464,-0.07614870582094824
TXT,2022-12,437945877.19,2022-12-30,208771472.0,70.80000305175781,14781020854.71997,0.02962893304153294,2265,-0.02121762426433138,-0.07656698704564224
KTOS,2022-12,15515343.27,2022-12-30,,10.319999694824219,,,2265,0.08666898085649577,0.20233071646374023
NOC,2022-12,733268573.6,2022-12-30,153912156.0,545.6099853515625,83976009180.5874,0.008731881649949954,2265,-0.26299990355537406,-0.21560548954025371
OSK,2022-12,657142153.67,2022-12-30,,88.19000244140625,,,2265,0.10769647958179718,-0.13186106299565015
GD,2022-12,827938638.87,2022-12-30,274548961.0,248.11000061035156,68118342881.28139,0.012154415445968134,2265,-0.14039748770799632,-0.13715160284957373
MCK,2022-12,725136727.84,2022-12-30,141793480.0,375.1199951171875,53189569525.24902,0.013633062540500136,2265,-0.08522020250308138,-0.10745822914683156
HUM,2022-12,985679722.52,2022-12-30,126600318.0,512.1900024414062,64843417185.50281,0.015200921933219317,2265,-0.07205570484143031,-0.08064646585117252
RTX,2022-12,646098810.0,2022-12-30,1470060775.0,100.91999816894531,148358530721.23834,0.004354982533589539,2265,-0.09895572542820308,-0.07656239310230983
HII,2022-12,394586554.0,2022-12-30,39903536.0,230.67999267578125,9204947392.217773,0.042866790779662586,2265,-0.1275910142376382,-0.16754213717491095
BAH,2022-12,127659477.62,2022-12-30,,104.5199966430664,,,2265,-0.1617265825286156,-0.16520924345315857
LDOS,2022-12,286882640.43,2022-12-30,136689557.0,105.19000244140625,14378374834.544739,0.019952369007709456,2265,-0.14415225593881698,-0.18918934523799014
HON,2022-12,131494625.80999999,2022-12-30,672322232.0,211.82933044433594,142417568247.4015,0.0009233034058099724,2265,-0.10955478856384715,-0.1719867403851152
SAIC,2022-12,209737393.0,2022-12-30,,110.93000030517578,,,2265,-0.13574358343082837,-0.07908574613514197
BA,2022-12,1850014322.92,2022-12-30,595983192.0,190.49000549316406,113528841517.91345,0.016295544798879062,2265,0.05317201190455978,0.052038388083803344
PFE,2022-12,1959999847.5,2022-12-30,5613314537.0,51.2400016784668,287626246297.6421,0.006814398451912306,2265,-0.20818716862545028,-0.2642820341744452
CW,2022-12,24358532.0,2022-12-30,,166.99000549316406,,,2265,-0.07879472405990873,-0.009778024596857726
LHX,2022-12,284953233.84,2022-12-30,190402795.0,208.2100067138672,39643767225.28908,0.007187844490677617,2265,-0.03748989366812516,-0.11788369034291757
LMT,2022-12,15660764155.11,2022-12-30,262073963.0,486.489990234375,127496359700.55396,0.12283302983623898,2265,-0.1240101480210446,-0.07211201812976586
GE,2022-12,687688101.64,2022-12-30,1092668140.0,52.20258331298828,57040099611.79794,0.012056221961747089,2265,0.18434253081144858,0.4044307470746078
ACN,2022-12,52183098.28,2022-12-30,644922661.0,266.8399963378906,172091160499.46268,0.00030322939381981174,2265,-0.0070273104448896895,-0.003091781271600702
MCK,2023-01,770587706.21,2023-01-31,141793480.0,378.67999267578125,53694353967.873535,0.014351373082373966,2285,-0.06003570148796589,-0.05982141300169441
UNH,2023-01,4024471778.88,2023-01-31,934349073.0,499.19000244140625,466417716031.99567,0.008628471090501902,2285,-0.021720069074481096,-0.02268207847810877
BA,2023-01,3354846118.06,2023-01-31,598239585.0,213.0,127425031605.0,0.026327999105070343,2285,0.007526821621111512,-0.06035819981323054
NOC,2023-01,2567937481.88,2023-01-31,153053371.0,448.0400085449219,68574033650.6691,0.03744766561292904,2285,0.0702921252295553,-0.009213158774388441
ACN,2023-01,251422749.25,2023-01-31,644922661.0,279.04998779296875,179965660679.45892,0.0013970595740362655,2285,-0.02808802057435056,-0.01896738880267068
RTX,2023-01,1190997424.31,2023-01-31,1470060775.0,99.8499984741211,146785566140.61526,0.00811385925486071,2285,0.01827218311045331,-0.018949933276928732
TXT,2023-01,113107250.0,2023-01-31,208771472.0,72.8499984741211,15209001416.640015,0.0074368623489146695,2285,0.043704392736210296,-0.08927916901806354
GE,2023-01,45968828.480000004,2023-01-31,1092668140.0,64.22985076904297,70181911572.28775,0.0006549953891274657,2285,0.08643914769972938,0.24789271975887428
SAIC,2023-01,65807092.19,2023-01-31,,103.77999877929688,,,2285,0.06603958768975382,-0.048295489344487685
CACI,2023-01,119956249.14,2023-01-31,,308.0899963378906,,,2285,-0.020833323136256632,-0.012603559467885939
HON,2023-01,967502366.7099999,2023-01-31,672322232.0,206.07643127441406,138549766237.00867,0.006983067478114343,2285,-0.041026773965290864,-0.05856816520826569
KTOS,2023-01,71307065.22,2023-01-31,,11.449999809265137,,,2285,0.15757423038655516,0.1295213039422516
LHX,2023-01,190646978.82,2023-01-31,190402795.0,214.82000732421875,40902329816.45172,0.004661029816040406,2285,0.009040452156149792,-0.127259031831628
GD,2023-01,2670100228.36,2023-01-31,274548961.0,233.05999755859375,63986380180.37445,0.041729196445135966,2285,0.009272583648928134,-0.09531982432590869
LMT,2023-01,1945879956.64,2023-01-31,255297298.0,463.260009765625,118269028764.61768,0.016452996840895216,2285,0.06031768070028176,-0.017779950697503155
OSK,2023-01,152493093.45999998,2023-01-31,,100.77999877929688,,,2285,-0.07468768745578458,-0.23508534149429905
LDOS,2023-01,183779595.4,2023-01-31,136689557.0,98.83999633789062,13510395313.307892,0.01360282886903946,2285,0.0022080413816513156,-0.19582710157106886
HII,2023-01,923194695.0,2023-01-31,39903536.0,220.5399932861328,8800325561.532959,0.10490460705628549,2285,0.01320747076813611,-0.1175069028522645
BAH,2023-01,115485126.03,2023-01-31,,94.63999938964844,,,2285,0.04332573575013188,-0.030812636729249943
OSK,2023-02,106476463.44999999,2023-02-28,,89.19000244140625,,,2304,-0.12457043140058544,-0.2192765240197071
GD,2023-02,3863266483.2999997,2023-02-28,274430054.0,227.91000366210938,62545354612.13287,0.06176744071973945,2304,-0.021581188683385433,-0.1586649139887092
BAH,2023-02,146121511.43,2023-02-28,,94.7300033569336,,,2304,-0.041201289590476864,-0.030525582872907853
GE,2023-02,76741215.53999999,2023-02-28,1089286553.0,67.60574340820312,73642027200.12405,0.0010420845060586641,2304,0.09469512351994447,0.14553930607502563
HII,2023-02,387536281.0,2023-02-28,39855814.0,215.1999969482422,8576971051.169708,0.04518334954006271,2304,-0.04654335807671428,-0.11971954312450994
UNH,2023-02,24000000.0,2023-02-28,932846602.0,475.94000244140625,443979014033.3375,5.4056609077017966e-05,2304,-0.03286416283928639,-0.05260477270108299
LMT,2023-02,3423471432.98,2023-02-28,255297298.0,474.260009765625,121077299042.61768,0.028275089220275565,2304,-0.01685824627208543,-0.11984489930668363
NOC,2023-02,1238897716.02,2023-02-28,153053371.0,464.1099853515625,71033597772.81726,0.017441010379092674,2304,-0.02218343431443537,-0.11623443834735037
PFE,2023-02,29267194.0,2023-02-28,5619074621.0,40.56999969482422,227965855659.16452,0.000128384112240729,2304,-0.024598460206473605,-0.14228955659575349
TXT,2023-02,86720173.03999999,2023-02-28,205216698.0,72.52999877929688,14884366855.431335,0.005826258777568065,2304,-0.046363655960043215,-0.19446384105972858
KTOS,2023-02,17075901.75,2023-02-28,,12.649999618530273,,,2304,0.03388223834012272,-0.022513915912091065
BA,2023-02,1025842988.94,2023-02-28,598239585.0,201.5500030517578,120575190182.43233,0.00850791101708305,2304,0.015142452910768656,-0.04883194719222539
CACI,2023-02,279968586.08000004,2023-02-28,,293.0,,,2304,-0.015277182773754117,-0.03939418563942043
LDOS,2023-02,474665929.9,2023-02-28,136937673.0,97.06999969482422,13292539876.319939,0.035709197363070995,2304,-0.07101868511603215,-0.24489427174289513
SAIC,2023-02,236401359.85,2023-02-28,,106.63999938964844,,,2304,-0.016616639610782524,-0.1470909397451472
ACN,2023-02,170499659.45,2023-02-28,644922661.0,265.54998779296875,171259204755.95892,0.000995564937329697,2304,0.037478684035214815,0.10162596608480912
RTX,2023-02,227901777.57999998,2023-02-28,1464954584.0,98.08999633789062,143697389779.73608,0.0015859841151557106,2304,-0.020686504988236543,-0.11232026966194564
MCK,2023-02,688574403.17,2023-02-28,136939227.0,349.80999755859375,47902710662.545715,0.01437443505067416,2304,0.004300457488198184,0.034099239645275725
HUM,2023-02,3167466582.27,2023-02-28,124974862.0,495.0199890136719,61865054814.22516,0.051199608434545144,2304,-0.03543722780419756,-0.06242390494515515
LHX,2023-02,434570976.86,2023-02-28,190089405.0,211.19000244140625,40144981906.03546,0.010825038553440372,2304,-0.08999525809890208,-0.22482535763073985
HON,2023-02,59542072.8,2023-02-28,668140252.0,189.2724151611328,126460519162.4079,0.0004708352709159183,2304,-0.029296802117483978,-0.043047275725297096
RTX,2023-03,679722189.5699999,2023-03-31,1464954584.0,97.93000030517578,143463002858.18866,0.004737961537316326,2327,0.006056948189320455,-0.07718105054630686
NOC,2023-03,1817446219.41,2023-03-31,153053371.0,461.7200012207031,70667802644.95273,0.025718165152823054,2327,-0.03150256962710829,-0.09146548988581193
AVAV,2023-03,58269522.66,2023-03-31,,91.66000366210938,,,2327,0.1053387528648293,0.016135187087827463
SAIC,2023-03,121120312.13,2023-03-31,,107.45999908447266,,,2327,-0.07034473687309761,-0.039631289049925744
UNH,2023-03,101937792.0,2023-03-31,932846602.0,472.5899963378906,440853972222.9937,0.0002312280220272975,2327,0.04047095709281501,-0.07270943452711975
TXT,2023-03,31907812.0,2023-03-31,205216698.0,70.62999725341797,14494454816.095505,0.0022013806248557667,2327,-0.049414705354213995,-0.12443071696085761
KTOS,2023-03,11123210.85,2023-03-31,,13.479999542236328,,,2327,-0.031731691716992194,-0.038350882957791876
HII,2023-03,1914028974.0,2023-03-31,39855814.0,207.02000427246094,8250950784.562408,0.2319767774619578,2327,-0.05324721764705287,0.023734605547982568
LHX,2023-03,747763222.69,2023-03-31,190089405.0,196.24000549316406,37303145881.39229,0.020045580741837713,2327,-0.037530816178637405,-0.07383786786154944
HON,2023-03,211406735.17,2023-03-31,668140252.0,188.91656494140625,126222761306.92554,0.0016748701500511431,2327,0.03381669353220951,0.007555383144068006
BA,2023-03,3967245930.14,2023-03-31,598239585.0,212.42999267578125,127084030659.91241,0.031217501597479897,2327,-0.046756044327327606,-0.09516235267228701
ACN,2023-03,79285368.33,2023-03-31,644127093.0,285.80999755859375,184097962877.7541,0.00043066944951828485,2327,-0.03147372822392758,0.004249310933820194
GE,2023-03,199854026.26,2023-03-31,1089286553.0,76.29689025878906,83109176594.61562,0.0024047167166007986,2327,0.058278169365184596,0.04458221157897824
MSFT,2023-03,37624258.4,2023-03-31,7443803533.0,288.29998779296875,2146048467697.1577,1.7531877292768296e-05,2327,0.05580588329102998,0.08686375638837918
GD,2023-03,3034050441.57,2023-03-31,274430054.0,228.2100067138672,62627684465.826935,0.048445834576968,2327,-0.06474149808760343,-0.13704549086252782
LDOS,2023-03,475781697.53,2023-03-31,136937673.0,92.05999755859375,12606481842.05951,0.03774103699119531,2327,-0.12791731096563752,-0.12344675406357974
MCK,2023-03,828399145.44,2023-03-31,136939227.0,356.04998779296875,48757210101.72858,0.016990290127585274,2327,0.01036053618201338,0.09546528669966281
BAH,2023-03,436226515.06,2023-03-31,,92.69000244140625,,,2327,-0.003973274663718884,0.1255336868094452
CACI,2023-03,159408703.91,2023-03-31,,296.2799987792969,,,2327,0.03837800904497479,0.061837852637146806
LMT,2023-03,6727040571.79,2023-03-31,255297298.0,472.7300109863281,120686694488.31989,0.05573970353824751,2327,-0.03281867166104657,-0.10292785881046662
LHX,2023-04,366512100.19,2023-04-28,189453379.0,195.14999389648438,36971825755.51834,0.009913281064711692,2346,-0.10660525524362041,-0.12740027091530515
OSK,2023-04,176535468.0,2023-04-28,,76.5199966430664,,,2346,-0.02514764512583867,0.10518715913620391
HON,2023-04,171039725.43,2023-04-28,665676749.0,197.53604125976562,131495149756.13065,0.001300730298776862,2346,-0.031581208518975834,-0.12820658469017188
SAIC,2023-04,130030843.04,2023-04-28,,102.02999877929688,,,2346,-0.054714409687408705,0.08838946616050514
CACI,2023-04,37090868.0,2023-04-28,,313.32000732421875,,,2346,-0.05167717986729525,0.013742757608609102
GE,2023-04,636236898.6999999,2023-04-28,1088960029.0,78.98643493652344,86013070479.08318,0.007396979263223968,2346,0.024439018482230956,0.05041261072564063
NOC,2023-04,594075448.8,2023-04-28,151859445.0,461.2699890136719,70048204526.77231,0.00848095183614514,2346,-0.05620339756864978,-0.13582299581718882
KTOS,2023-04,35072107.46,2023-04-28,,12.899999618530273,,,2346,0.011487576653040898,0.06503713772666608
HII,2023-04,115000000.0,2023-04-28,39855814.0,201.66000366210938,8037323597.19635,0.014308245600577202,2346,-0.0020970188484257246,0.04119945006580128
RTX,2023-04,131633418.63,2023-04-28,1461142016.0,99.9000015258789,145968089627.92578,0.0009017958580230445,2346,-0.07537709309462015,-0.21913930637114798
HUM,2023-04,10000000.0,2023-04-28,124944994.0,530.489990234375,66282068646.89404,0.0001508703666639197,2346,-0.07692980630806678,-0.24186652612048887
LDOS,2023-04,312421351.18,2023-04-28,136937673.0,93.26000213623047,12770807676.51043,0.024463711230624987,2346,-0.16055034270417834,-0.09750520024879705
TXT,2023-04,31376101.0,2023-04-28,201679524.0,66.94000244140625,13500427828.94165,0.0023240819770716623,2346,-0.06788126771363001,0.057410295228700337
ACN,2023-04,102262673.67,2023-04-28,644127093.0,280.2900085449219,180542388400.9857,0.0005664191915024078,2346,0.09017802027453925,0.028018455067209347
GD,2023-04,628291121.64,2023-04-28,274335601.0,218.33999633789062,59898434117.69302,0.010489274567770596,2346,-0.07021608120703327,-0.0744110789214445
BAH,2023-04,351180528.24,2023-04-28,,95.72000122070312,,,2346,0.012974588261167597,0.16582774800683664
LMT,2023-04,13219865734.26,2023-04-28,253252553.0,464.45001220703125,117623151332.31183,0.11239169827129449,2346,-0.04570066810194107,-0.13717844577048588
UNH,2023-04,290029727.0,2023-04-28,932846602.0,492.0899963378906,459044480961.9937,0.000631811815692024,2346,-0.035091357528554856,-0.07148701735366192
BA,2023-04,1455847384.23,2023-04-28,601593507.0,206.77999877929688,124397504643.09293,0.011703188005313697,2346,-0.02032524640297373,0.050362054483090946
MSFT,2023-04,29508044.0,2023-04-28,7435487575.0,307.260009765625,2284627984906.6836,1.2915907620384536e-05,2346,0.07008558132066667,-0.009064068376527068
MCK,2023-04,727498821.52,2023-04-28,136939227.0,364.239990234375,49878742705.18286,0.014585348027315174,2346,0.044773361153142455,0.0015904143968772377
AVAV,2023-05,41250621.05,2023-05-31,,93.41000366210938,,,2368,0.03015782305254522,-0.050181300433184806
SAIC,2023-05,190035826.5,2023-05-31,,97.33000183105469,,,2368,0.09085641771868502,0.12757865119856482
HII,2023-05,64398445.0,2023-05-31,39890672.0,201.3800048828125,8033183722.138672,0.008016553240594282,2368,0.06540176163892442,0.01932483331053736
HON,2023-05,110508417.97,2023-05-31,665676749.0,189.3910369873047,126073209791.44774,0.0008765416392015777,2368,0.018185476971892545,-0.09384909324013646
LDOS,2023-05,226006201.1,2023-05-31,137167264.0,78.05999755859375,10707276292.958984,0.02110772104093548,2368,0.07358131144904112,0.17698233377346817
RTX,2023-05,264639172.0,2023-05-31,1461142016.0,92.13999938964844,134629624462.42969,0.0019656830586632984,2368,-0.0016352521078260018,-0.13879354294572976
GE,2023-05,131397155.58,2023-05-31,1088960029.0,81.02952575683594,88237914718.02031,0.0014891235360661298,2368,0.01714627799723134,0.043338555220872044
BA,2023-05,1018759033.28,2023-05-31,601593507.0,205.6999969482422,123747782553.98232,0.008232543745465405,2368,-0.03825629125979679,0.029174276113186792
LMT,2023-05,4897990987.33,2023-05-31,253252553.0,444.010009765625,112446668530.69946,0.04355834682636936,2368,-0.027931282979881233,-0.06444971049547266
ACN,2023-05,95313515.47,2023-05-31,644127093.0,305.9200134277344,197051368939.7275,0.0004836988242347798,2368,-0.05610475218052935,-0.022884784703317118
GD,2023-05,1551421512.28,2023-05-31,274335601.0,204.17999267578125,56013841002.88605,0.02769710993752535,2368,-0.011072780237883828,0.036440325440294075
NOC,2023-05,438405075.66,2023-05-31,151859445.0,435.489990234375,66133268220.04761,0.006629115533822992,2368,-0.018162746496853677,-0.0806138382016639
OSK,2023-05,11538942.0,2023-05-31,,73.83000183105469,,,2368,0.10802986753676391,0.3205215331251716
MCK,2023-05,859192133.22,2023-05-31,135602262.0,390.8399963378906,52998787583.489685,0.016211543176652927,2368,0.02851202056692914,-0.00466617528106128
LHX,2023-05,685591386.1800001,2023-05-31,189453379.0,175.9199981689453,33328638086.780502,0.020570639112071416,2368,0.05529406444753948,-0.06608932255103639
BAH,2023-05,384907933.08,2023-05-31,,100.58000183105469,,,2368,0.04969330869626987,0.06515834364840378
CACI,2023-05,203426763.4,2023-05-31,,299.2200012207031,,,2368,0.07429512913745606,0.015054297990578558
TXT,2023-05,193580351.39000002,2023-05-31,201679524.0,61.869998931884766,12477911934.463028,0.015513841771502335,2368,0.02863157585467091,0.17077131716718097
AMZN,2023-06,32472040.0,2023-06-30,10260353688.0,130.36000061035156,1337539713030.103,2.427743990227913e-05,2389,-0.01957549617420229,0.007387493179199955
HUM,2023-06,1240000000.0,2023-06-30,124944994.0,447.1300048828125,55866655777.30298,0.022195708383600375,2389,-0.005221518939005021,0.1222912890254072
NOC,2023-06,881031952.57,2023-06-30,151859445.0,455.79998779296875,69217533177.24701,0.012728450612562576,2389,-0.04656172288287308,0.002191204775199518
GE,2023-06,336930021.67,2023-06-30,1088960029.0,87.66959381103516,95468683418.88306,0.0035292203642493885,2389,0.0016624743363398142,0.04008318968177982
MCK,2023-06,797632030.17,2023-06-30,135602262.0,427.30999755859375,57944202244.15979,0.0137655192284642,2389,-0.08194156616952153,0.05138588046560433
KTOS,2023-06,32659821.0,2023-06-30,,14.34000015258789,,,2389,0.020431196826105502,0.07966155196437186
LMT,2023-06,1534439929.53,2023-06-30,253252553.0,460.3800048828125,116592411586.72473,0.013160718683553776,2389,-0.04954427663021832,-0.0735186856551796
HON,2023-06,268513676.42,2023-06-30,665676749.0,205.10772705078125,136535444937.94342,0.001966622487970372,2389,-0.09734446671836827,-0.07257277579676091
OSK,2023-06,98229622.16,2023-06-30,,86.58999633789062,,,2389,0.14137322251456785,0.1388070296582108
CACI,2023-06,278494681.7,2023-06-30,,340.8399963378906,,,2389,0.009712619181450277,-0.04671028608597405
BA,2023-06,952763517.17,2023-06-30,601593507.0,211.16000366210938,127032487141.22122,0.007500156366385386,2389,0.09737669231580504,-0.06001064449824889
LHX,2023-06,340041725.86,2023-06-30,189453379.0,195.77000427246094,37089288816.26216,0.009168192130740058,2389,-0.07089767888513554,-0.07261728492015684
GD,2023-06,1739232685.01,2023-06-30,274335601.0,215.14999389648438,59023302880.73837,0.029466881725075066,2389,0.02404867072934147,0.06563148803746988
SAIC,2023-06,191505261.57999998,2023-06-30,,112.4800033569336,,,2389,0.06177027015747805,-0.02641163023784976
ACN,2023-06,140502561.81,2023-06-30,641004741.0,308.5799865722656,197801234370.5386,0.0007103219666809475,2389,0.014148592125775794,0.031089831941797375
RTX,2023-06,2084140264.86,2023-06-30,1461142016.0,97.95999908447266,143133470549.64453,0.014560816955368486,2389,-0.13175833270497195,-0.2279437859991832
LDOS,2023-06,472515636.02,2023-06-30,137167264.0,88.4800033569336,12136559979.181396,0.03893324276652822,2389,0.10019493521481837,0.07779401437122713
TXT,2023-06,128325348.0,2023-06-30,201679524.0,67.62999725341797,13639585654.190643,0.009408302513982392,2389,0.12252096639990451,0.18795163444101648
HII,2023-06,10000000.0,2023-06-30,39890672.0,227.60000610351562,9079117190.67334,0.0011014286730732642,2389,-0.019365000101860597,-0.06381075178684747
UNH,2023-06,15028229.82,2023-06-30,931032030.0,480.6400146484375,447491248537.3645,3.358329323561101e-05,2389,0.020363514137880845,0.08532254003178841
BAH,2023-06,501308728.15999997,2023-06-30,,111.5999984741211,,,2389,0.07532942946553445,0.015192103100004517
HII,2023-07,76658267.0,2023-07-31,39890672.0,229.6699981689453,9161690565.197998,0.008367262183160548,2409,-0.02211940428202075,0.03293784261532273
LHX,2023-07,272638375.22,2023-07-31,189132693.0,189.49000549316406,35838755035.50691,0.007607361777770632,2409,-0.045742854731464444,0.007607341938935197
BA,2023-07,1430736462.28,2023-07-31,603203554.0,238.85000610351562,144075172554.56232,0.009930485849240746,2409,-0.02971460248613844,-0.14794366032397732
BAH,2023-07,395426462.68,2023-07-31,,121.08000183105469,,,2409,-0.032458323453692484,0.07280980525786351
CACI,2023-07,237595287.25,2023-07-31,,350.44000244140625,,,2409,-0.04760786475663503,0.008743254395221611
OSK,2023-07,201519793.8,2023-07-31,,92.06999969482422,,,2409,0.13098472905515446,0.04120685424935244
AVAV,2023-07,129412614.17,2023-07-31,,95.26000213623047,,,2409,0.0166469841555571,0.295733080120251
HON,2023-07,81498222.24000001,2023-07-31,663961433.0,191.89187622070312,127408805116.55667,0.0006396592618967225,2409,0.00044716958120594175,0.01649322261373587
HUM,2023-07,129526905.0,2023-07-31,124944994.0,456.8299865722656,57078619931.29181,0.0022692718421699325,2409,0.07241636338018376,0.2185543417607675
RTX,2023-07,785976842.1800001,2023-07-31,1455514944.0,87.93000030517578,127983429470.10791,0.0061412391075484855,2409,-0.0037169408663181303,0.006286568176592788
GD,2023-07,727255352.96,2023-07-31,273042571.0,223.5800018310547,61046858524.13588,0.011913067609735687,2409,0.030346320588424014,0.17180940558701419
LMT,2023-07,3151275312.13,2023-07-31,251831462.0,446.3699951171875,112410008463.29419,0.028033761007668655,2409,0.023399120301524245,0.09969792780396114
TXT,2023-07,21580246.880000003,2023-07-31,198070588.0,77.7699966430664,15403948963.85019,0.0014009554907409962,2409,0.008178967819387428,0.06759597770381875
ACN,2023-07,85597220.74000001,2023-07-31,641004741.0,316.3500061035156,202781853727.73245,0.0004221147956114859,2409,0.04129492579448546,0.020378270249212238
MCK,2023-07,764455456.49,2023-07-31,135602262.0,402.3999938964844,54566349401.149475,0.01400964999270954,2409,0.0667639403656013,0.21477761725598354
UNH,2023-07,6073087408.39,2023-07-31,931032030.0,506.3699951171875,471446684485.04517,0.012881811683591649,2409,-0.007888000175033327,0.13989667602293598
GE,2023-07,114510335.69999999,2023-07-31,1088378193.0,91.17318725585938,99230908795.58286,0.0011539785041764857,2409,0.028392652362843274,0.03134803589362478
LDOS,2023-07,151995520.9,2023-07-31,137167264.0,93.52999877929688,12829254034.479492,0.011847572781044145,2409,0.05413449767308287,0.07091924008873263
SAIC,2023-07,170069936.62,2023-07-31,,121.33999633789062,,,2409,-0.015349997990231179,-0.016302467857605696
NOC,2023-07,617804989.1800001,2023-07-31,151299696.0,445.0,67328364720.0,0.009175998730242146,2409,-0.010521771937993751,0.1674416039098926
LMT,2023-08,3184024316.62,2023-08-31,251831462.0,448.3500061035156,112908637524.75726,0.028200006539994292,2432,-0.04258488386083559,-0.011182607412003609
ACN,2023-08,159901913.45,2023-08-31,641004741.0,323.7699890136719,207538097951.2816,0.0007704701692290544,2432,-9.12638715663272e-05,0.01619900831214416
LHX,2023-08,276214293.93,2023-08-31,189132693.0,178.08999633789062,33682640603.74539,0.00820049405209893,2432,0.017352659363831235,0.06791685014962656
MSFT,2023-08,48647092.14,2023-08-31,7429763722.0,327.760009765625,2435179430079.0063,1.9976799877297626e-05,2432,0.029628920168289108,0.1413968372163359
GD,2023-08,2410094935.25,2023-08-31,273042571.0,226.63999938964844,61882368124.78804,0.03894639148892874,2432,0.03144371742425378,0.07929084526967167
UNH,2023-08,1624534112.8999999,2023-08-31,926305139.0,476.5799865722656,441458490706.4407,0.0036799249467381434,2432,0.13173039825877986,0.14779604762400855
LDOS,2023-08,538383433.91,2023-08-31,137351127.0,97.51000213623047,13393108687.183662,0.040198541390558416,2432,0.007247134017961621,0.08778157862050628
RTX,2023-08,452490241.22,2023-08-31,1455514944.0,86.04000091552734,125232507114.32373,0.003613201169940049,2432,-0.12303752623925257,-0.06302673824968719
HUM,2023-08,215000000.0,2023-08-31,123906750.0,461.6300048828125,57199073607.51343,0.003758802135070917,2432,0.11495198572162857,0.03519953740939874
BAH,2023-08,331197036.14,2023-08-31,,113.30999755859375,,,2432,0.050107844753285447,0.09139771843348443
NOC,2023-08,433543612.87,2023-08-31,151299696.0,433.0899963378906,65526384786.563965,0.00661632126176595,2432,0.06889415496992024,0.08449945450166396
BA,2023-08,546706613.44,2023-08-31,603203554.0,224.02999877929688,135135691466.28754,0.004045612284274933,2432,-0.11377232181367869,0.016915259419950646
HII,2023-08,3361106611.0,2023-08-31,39867606.0,220.32000732421875,8783631245.919067,0.3826557054705128,2432,-0.03529315294009905,0.0646666737721866
CACI,2023-08,114084956.88,2023-08-31,,328.010009765625,,,2432,0.0035461660786342275,-0.038532521989647295
TXT,2023-08,300586450.0,2023-08-31,198070588.0,77.70999908447266,15392065212.14096,0.019528662714013403,2432,0.04267159084700611,-0.030259440264650106
MCK,2023-08,884908487.34,2023-08-31,134902380.0,412.32000732421875,55622950309.65454,0.015909053410753823,2432,0.10868821820984609,0.12579206291577605
KTOS,2023-08,16393313.48,2023-08-31,,16.09000015258789,,,2432,-0.015580272519805982,0.16695634108771862
SAIC,2023-08,375829311.75,2023-08-31,,117.66000366210938,,,2432,-0.0434668478476794,-0.015875813113644277
GE,2023-08,239954066.5,2023-08-31,1088378193.0,91.34876251220703,99422001075.82202,0.002413490614788615,2432,-0.0010397505516747119,0.047884217417113906
HON,2023-08,185902557.16,2023-08-31,663961433.0,185.7732391357422,123346266069.61906,0.0015071599901943762,2432,0.019453205887968505,0.031585908365610926
CW,2023-08,30839925.0,2023-08-31,,207.99000549316406,,,2432,-0.02307616644664856,0.0134223366921562
ACN,2023-09,256620750.43,2023-09-29,641004741.0,307.1099853515625,196858956618.7921,0.0013035767070884853,2452,-0.015154101269691078,0.030962944071888376
UNH,2023-09,1414350553.17,2023-09-29,926305139.0,504.19000244140625,467033790293.89716,0.003028368787363268,2452,0.07898539004273641,-0.068644284335456
LHX,2023-09,272078333.98,2023-09-29,189132693.0,174.1199951171875,32931783581.660522,0.008261876654974696,2452,0.029192784898913304,0.10063127091584678
CACI,2023-09,520004547.0,2023-09-29,,313.92999267578125,,,2452,0.039122468786378484,-0.08476499729178077
NOC,2023-09,1608462849.52,2023-09-29,151299696.0,440.19000244140625,66600613551.62402,0.024150871347052003,2452,0.09253611527258743,-0.04866575641567672
OSK,2023-09,158725320.11,2023-09-29,,95.43000030517578,,,2452,-0.04962491837410432,0.024752147574395922
BAH,2023-09,827577231.01,2023-09-29,,109.2699966430664,,,2452,0.10642668876595507,0.05852687246428734
SAIC,2023-09,474573027.28,2023-09-29,,105.54000091552734,,,2452,0.046288536795665136,0.06539161233029689
MCK,2023-09,959606191.7,2023-09-29,134902380.0,434.8500061035156,58662300766.378784,0.016358141074650463,2452,0.061342759098143684,-0.050260195949368924
HON,2023-09,152706308.05,2023-09-29,663961433.0,182.61012268066406,121246078735.35951,0.001259474200261007,2452,0.0008034019644308499,0.025446150704208526
GD,2023-09,2620722848.75,2023-09-29,273042571.0,220.97000122070312,60334217247.17392,0.04343675891266752,2452,0.11586680622401113,0.06585618153082962
HII,2023-09,392994071.0,2023-09-29,39867606.0,204.5800018310547,8156114908.479767,0.048183979187371564,2452,0.09023457895265197,0.15967347659684616
MSFT,2023-09,72682229.77000001,2023-09-29,7429763722.0,315.75,2345947895221.5,3.098203072542559e-05,2452,0.09609623409302359,0.07696322336192551
LDOS,2023-09,1592520268.07,2023-09-29,137351127.0,92.16000366210938,12658280367.31485,0.12580857919548633,2452,0.023799221914604596,0.062147534847069696
KTOS,2023-09,12700595.66,2023-09-29,,15.020000457763672,,,2452,0.14698852118584482,0.23446930235900965
LMT,2023-09,4295456094.7,2023-09-29,251831462.0,408.9599914550781,102988992547.63983,0.04170791449108546,2452,0.1179939199029909,-0.00022094250254744985
GE,2023-09,618696433.05,2023-09-29,1088378193.0,88.2282485961914,96025701778.67758,0.0064430295388622815,2452,0.021120252485261726,0.03882895083525062
BA,2023-09,4225597957.69,2023-09-29,603203554.0,191.67999267578125,115622052812.72522,0.03654664361075015,2452,-0.020860649834936962,0.24347445868861706
TXT,2023-09,151313586.21,2023-09-29,198070588.0,78.13999938964844,15477235625.427307,0.009776525335145076,2452,-0.0021321388942435737,-0.08695656437577926
RTX,2023-09,1030423731.34,2023-09-29,1455514944.0,71.97000122070312,104753412296.43164,0.009836660293452806,2452,0.11951908497665387,0.0613198895638245
HUM,2023-09,409000000.0,2023-09-29,123906750.0,486.5199890136719,60283110648.71979,0.006784653207153069,2452,0.09245686092988081,-0.17355870678048302
CW,2023-09,61814587.0,2023-09-29,,195.6300048828125,,,2452,0.03057458445455108,0.023514632914630518
AMZN,2023-10,10183255.46,2023-10-31,10334030586.0,133.08999633789062,1375356092846.3896,7.404086485649753e-06,2474,0.006334507558134472,0.02226612866575417
HUM,2023-10,888051077.98,2023-10-31,123906750.0,523.6900024414062,64888726210.006714,0.01368575297819686,2474,-0.1654906652550301,-0.45547001069500603
CACI,2023-10,71194224.77,2023-10-31,,324.760009765625,,,2474,-0.10307549045101483,-0.10899272086239531
HII,2023-10,590230909.92,2023-10-31,39867606.0,219.82000732421875,8763697442.919067,0.06734953069345148,2474,-0.007207970909744121,0.050452163134729
HON,2023-10,250197169.24999997,2023-10-31,659250644.0,181.14718627929688,119421399213.41443,0.00209507819283611,2474,-0.01597065486557514,-0.09151557768999741
BAH,2023-10,81218423.0,2023-10-31,,119.93000030517578,,,2474,-0.044119947142739147,0.015314901263856262
LMT,2023-10,2239289206.48,2023-10-31,248098715.0,454.6400146484375,112795603421.85852,0.019852628458442653,2474,-0.0994334099494103,-0.22248180887571556
UNH,2023-10,290499076.95,2023-10-31,926305139.0,535.5599975585938,496091977981.35284,0.0005855750341540885,2474,-0.05883580677284317,-0.22435363233823413
ACN,2023-10,12083791.25,2023-10-31,645909042.0,297.0899963378906,191893114922.39044,6.297146854324183e-05,2474,0.030000027030312904,0.07851783742873786
LDOS,2023-10,59356365.19,2023-10-31,137506428.0,99.12000274658203,13629637521.032684,0.004354948185408727,2474,-0.00861567942194652,-0.052306305393707175
GD,2023-10,538311119.06,2023-10-31,272896860.0,241.30999755859375,65852740620.3479,0.008174467971856387,2474,-0.06788843277910162,-0.06272523339282787
GE,2023-10,37996269.68,2023-10-31,1088386043.0,86.69593048095703,94358640720.37192,0.00040267928183281525,2474,0.029893418051564202,0.07278969929802082
BA,2023-10,1085786497.13,2023-10-31,604976797.0,186.82000732421875,113021769646.5224,0.009606879281096171,2474,0.14851276597733287,-0.05145845363957857
MCK,2023-10,559366956.28,2023-10-31,134902380.0,455.3599853515625,61429145780.69092,0.009105888567570254,2474,-0.05655887682810201,-0.0709248257941737
SAIC,2023-10,28619099.12,2023-10-31,,109.23999786376953,,,2474,-0.016554491651390446,0.008137668871671888
RTX,2023-10,270090712.0,2023-10-31,1437901284.0,81.38999938964844,117030784627.1347,0.0023078603878502655,2474,-0.08285846508702388,-0.03372167544995497
NOC,2023-10,895009755.97,2023-10-31,150792605.0,471.42999267578125,71088156670.71198,0.012590138750056244,2474,-0.07941777573096687,-0.22422406862934574
LHX,2023-10,112057702.0,2023-10-31,189540249.0,179.41000366210938,34005416767.207123,0.0032952897700716326,2474,-0.021294176808392296,0.00023172343048161181
LDOS,2023-11,255221302.87,2023-11-30,137506428.0,107.31999969482422,14757189810.996368,0.017294708961446102,2495,-0.029984786310741418,0.08400330852232796
CACI,2023-11,67762011.85,2023-11-30,,320.95001220703125,,,2495,-0.023165594087389607,0.052996674445232816
HUM,2023-11,586000000.0,2023-11-30,123110720.0,484.8599853515625,59691461895.82031,0.00981714941112931,2495,-0.06834081523247049,-0.4103064027543496
SAIC,2023-11,48929650.03,2023-11-30,,117.41000366210938,,,2495,0.021349560352533326,0.0941961386900183
ACN,2023-11,47364955.28,2023-11-30,645909042.0,333.1400146484375,215178147713.43823,0.00022011972769222783,2495,0.0015602667032819095,0.02897254331943344
HII,2023-11,154365980.0,2023-11-30,39723456.0,237.02000427246094,9415253710.836914,0.01639530752339955,2495,0.05761439564473325,0.12929092935999376
RTX,2023-11,108395771.0,2023-11-30,1437901284.0,81.4800033569336,117160201447.25912,0.0009251927673476686,2495,0.006097229536939253,-0.016305972328582552
GE,2023-11,24416575.04,2023-11-30,1088386043.0,97.20670318603516,105798419033.7243,0.0002307839310171258,2495,-0.005081996607408712,0.19572009831879345
KTOS,2023-11,23236714.97,2023-11-30,,19.049999237060547,,,2495,-0.0025332929041741448,-0.18214942904956255
NOC,2023-11,769298501.43,2023-11-30,150792605.0,475.1600036621094,71650614744.01901,0.010736802526795021,2495,-0.050473830213702886,-0.15479025751392117
HON,2023-11,63757328.69,2023-11-30,659250644.0,193.66123962402344,127671296939.97577,0.0004993865513873121,2495,0.026958222665651288,-0.10449616158655117
BAH,2023-11,158511059.67000002,2023-11-30,,125.12999725341797,,,2495,-0.02102316189962883,0.06834538684022795
MCK,2023-11,570407050.27,2023-11-30,133062485.0,470.55999755859375,62613882616.74042,0.00910991343184165,2495,-0.033725732938873376,0.009515134621961518
GD,2023-11,1757342996.48,2023-11-30,272896860.0,246.97000122070312,67397337847.32605,0.026074368107251902,2495,0.007287092635525738,-0.008805192956909513
OSK,2023-11,409019061.05,2023-11-30,,97.29000091552734,,,2495,0.06339299656223041,0.029095836934620145
LMT,2023-11,2140196526.27,2023-11-30,248098715.0,447.7699890136719,111091158889.85611,0.019265228193288964,2495,-0.02115585339195314,-0.15530662495850134
TXT,2023-11,211129651.0,2023-11-30,196005457.0,76.66000366210938,15025779051.413422,0.014051161692021539,2495,0.009641015835562872,0.03932264216624093
LHX,2023-11,124891591.0,2023-11-30,189540249.0,190.80999755859375,36166174448.94525,0.0034532707122868597,2495,0.059614503739011226,0.004775291128056303
BA,2023-11,3303002908.0099998,2023-11-30,604976797.0,231.6300048828125,140130778443.09827,0.023570859626325578,2495,0.04710210691652006,-0.2612540866180675
MCK,2023-12,536861081.15,2023-12-29,133062485.0,462.9800109863281,61605270767.16812,0.008714531637707117,2515,0.06379621779613509,0.0582120738242724
RTX,2023-12,568895702.88,2023-12-29,1437901284.0,84.13999938964844,120985013158.1347,0.004702199785161977,2515,0.06703018865748311,0.08399893964225069
TXT,2023-12,307293309.96,2023-12-29,196005457.0,80.41999816894531,15762758493.04329,0.019494894253161355,2515,0.037418388549202763,0.07576007387078887
GE,2023-12,817124464.29,2023-12-29,1088386043.0,101.85953521728516,110862496476.96014,0.007370612157013962,2515,0.021603754244901685,0.24481225360217995
AVAV,2023-12,84767796.97,2023-12-29,,126.04000091552734,,,2515,-0.05877010526681481,0.06219834558473325
LMT,2023-12,5826593806.9,2023-12-29,248098715.0,453.239990234375,112448259163.76099,0.05181577598648812,2515,-0.06850356432663862,-0.0876369607246763
HUM,2023-12,1587295014.1100001,2023-12-29,123110720.0,457.80999755859375,56361318422.63672,0.028162843924397725,2515,-0.19012539429592745,-0.4285292143578736
LDOS,2023-12,386000854.42,2023-12-29,137506428.0,108.23999786376953,14883695472.974579,0.02593447676491972,2515,0.004675799000859682,0.09990522805885371
HII,2023-12,481456652.0,2023-12-29,39723456.0,259.6400146484375,10313798697.726562,0.04668082693005497,2515,-0.018699562239128054,0.017230750849679177
KTOS,2023-12,36595906.379999995,2023-12-29,,20.290000915527344,,,2515,-0.18152539149946811,-0.20537330985728064
BA,2023-12,1887176509.89,2023-12-29,604976797.0,260.6600036621094,157693254121.5112,0.011967388969193497,2515,-0.20628951375399507,-0.37357453228856385
NOC,2023-12,1444865632.84,2023-12-29,150792605.0,468.1400146484375,70592052313.57605,0.020467823012451612,2515,-0.06159668777207172,-0.09468378242660913
GD,2023-12,952477252.45,2023-12-29,272896860.0,259.6700134277344,70863131300.58655,0.01344108332455408,2515,0.009978053294830369,0.02984684170772689
OSK,2023-12,26449182.299999997,2023-12-29,,108.41000366210938,,,2515,-0.000337728508741586,0.04724525154524817
HON,2023-12,571319077.37,2023-12-29,659250644.0,207.29225158691406,136657550354.88312,0.004180662362865085,2515,-0.05145164109921907,-0.13493117165660629
CACI,2023-12,209661434.75,2023-12-29,,323.8599853515625,,,2515,0.045427201529463446,0.045179183486129704
UNH,2023-12,3709298686.12,2023-12-29,924925293.0,526.469970703125,486945391908.2893,0.007617483906323945,2515,-0.04390549537232802,-0.22133252075043963
LHX,2023-12,743495802.34,2023-12-29,189540249.0,210.6199951171875,39920966318.8905,0.018624193522795054,2515,-0.026371862634143928,-0.11543734123235161
ACN,2023-12,144126559.5,2023-12-29,638766821.0,350.9100036621094,224149667496.34396,0.000642992519729483,2515,0.02482104273716823,-0.1326514906705173
BAH,2023-12,177293501.88,2023-12-29,,127.91000366210938,,,2515,0.08461291761052747,0.057161923471588105
SAIC,2023-12,209651492.25,2023-12-29,,124.31999969482422,,,2515,0.013915408856711275,-0.0592433699742545
LDOS,2024-01,142741644.98,2024-01-31,137506428.0,110.47000122070312,15190335269.014526,0.009396872580631353,2536,0.09155152199710637,0.25156907539470885
GD,2024-01,1215387718.04,2024-01-31,272896860.0,264.989990234375,72314936266.3916,0.016806869794682402,2536,-0.03579994199303749,0.04720788921110608
KTOS,2024-01,57673541.8,2024-01-31,,16.93000030517578,,,2536,0.0029084395574501265,0.03502584697116751
HII,2024-01,936240483.0,2024-01-31,39723456.0,258.9200134277344,10285197760.916016,0.09102795150500023,2536,0.07259218359436614,0.035511566303252806
LMT,2024-01,1319106649.23,2024-01-31,241643304.0,429.4100036621094,103764052055.56421,0.01271255914836129,2536,-0.06164825828058662,0.04375711973120344
GE,2024-01,132169024.72,2024-01-31,1088386043.0,105.68236541748047,115023211511.6116,0.0011490639409477584,2536,0.13601684346509013,0.47442186598494196
CACI,2024-01,113450629.25,2024-01-31,,343.7300109863281,,,2536,0.01354663935628242,0.14670710656785002
ACN,2024-01,198830803.19,2024-01-31,638766821.0,363.8800048828125,232434473944.45862,0.0008554273375020593,2536,-0.015044139349799535,-0.21545517562235605
BAH,2024-01,263670744.78,2024-01-31,,140.77000427246094,,,2536,-0.005700701260490382,0.010906422047213482
BA,2024-01,557009583.79,2024-01-31,610135205.0,211.0399932861328,128762929566.83327,0.004325853610692269,2536,-0.11437732946592438,-0.22694559116082735
LHX,2024-01,155607424.32999998,2024-01-31,189540249.0,208.4199981689453,39503978349.52144,0.003939031733797137,2536,-0.05539566242217964,-0.017925077575506654
HON,2024-01,29152712.78,2024-01-31,659250644.0,199.92813110351562,131802749183.7091,0.00022118440594411586,2536,-0.07441547374769242,-0.06850205861738023
RTX,2024-01,61540879.93,2024-01-31,1437901284.0,91.12000274658203,131021568947.39383,0.0004697003739491865,2536,-0.07006322073885796,0.0787577243911981
MCK,2024-01,642220885.52,2024-01-31,133062485.0,499.8900146484375,66516607575.807495,0.00965504569348452,2536,-0.008826344371323014,0.024294853269129613
NOC,2024-01,789281137.31,2024-01-31,150035705.0,446.760009765625,67029953030.99243,0.011775051325861178,2536,-0.039661897089471765,0.053734726963017065
SAIC,2024-01,55651674.43,2024-01-31,,127.66000366210938,,,2536,0.040942739639564296,-0.026247843408024885
LMT,2024-02,1442270176.67,2024-02-29,241643304.0,428.239990234375,103481326145.16211,0.013937492206534001,2556,0.02642237632468336,0.044565134901304315
MCK,2024-02,567909091.69,2024-02-29,131408286.0,521.4099731445312,68517590874.22888,0.008288515174628015,2556,-0.0019835973815529595,0.04405827326334966
GE,2024-02,165795727.5,2024-02-29,1088334304.0,125.21149444580078,136271964660.47046,0.001216653241281798,2556,0.08682064494408981,0.28192033898080626
UNH,2024-02,11600000.0,2024-02-29,921934109.0,493.6000061035156,455066681829.4392,2.5490769733715038e-05,2556,-0.034895330460468554,-0.05215686639590711
MRCY,2024-02,20332375.0,2024-02-29,,29.8700008392334,,,2556,-0.05634879948367011,0.014406448415485107
OSK,2024-02,55370436.0,2024-02-29,,110.86000061035156,,,2556,0.08013584840007493,-0.012252553475626593
LHX,2024-02,254563871.09,2024-02-29,190107856.0,211.66000366210938,40238229497.15576,0.006326418291043194,2556,-0.04022115730394438,0.009288936530701175
BA,2024-02,1800193913.1799998,2024-02-29,610135205.0,203.72000122070312,124296744707.39395,0.014483033464937662,2556,-0.10070689781676267,-0.18381611180569535
BAH,2024-02,220807795.99,2024-02-29,,147.7100067138672,,,2556,-0.021765871875093268,-0.004578516134180033
LDOS,2024-02,281944042.5,2024-02-29,135779301.0,127.86000061035156,17360741508.73311,0.016240322589802486,2556,-0.007847721671153662,0.10783033625743887
KTOS,2024-02,12038310.62,2024-02-29,,18.239999771118164,,,2556,-0.02432621018919079,0.15351335536739885
HUM,2024-02,771542209.8,2024-02-29,120653315.0,350.32000732421875,42267270194.49127,0.0182538925804713,2556,-0.025124360555730085,-0.03766060158812645
RTX,2024-02,87149336.0,2024-02-29,1326826896.0,89.66999816894531,118976565334.8274,0.0007324916108877555,2556,0.0593144642302359,0.15428865675959313
TXT,2024-02,17028066.79,2024-02-29,192853981.0,89.06999969482422,17177504028.815636,0.0009913004102013335,2556,0.03960878010659252,-0.06324413397890649
SAIC,2024-02,36445833.0,2024-02-29,,139.9600067138672,,,2556,-0.09985352203611741,-0.0780142464820226
HII,2024-02,1442749894.0,2024-02-29,39590687.0,291.6199951171875,11545435949.626099,0.12496279051695088,2556,-0.044690231066525365,-0.1703300799339338
NOC,2024-02,457394157.96,2024-02-29,150035705.0,461.0199890136719,69169459070.75851,0.006612660617919506,2556,-0.008498392558944579,-0.05895641425266518
ACN,2024-02,122382603.78,2024-02-29,638766821.0,374.7799987792969,239397028394.63535,0.0005112118751042211,2556,-0.1259208811283241,-0.26893883575225774
HON,2024-02,200803005.37,2024-02-29,652181812.0,196.4388427734375,128113840427.16357,0.001567379486091999,2556,-0.014400529768414216,-0.015471436615191125
GD,2024-02,990300873.61,2024-02-29,273980202.0,273.25,74865090196.5,0.013227805790532492,2556,0.03606635898894539,0.057087339969552175
CACI,2024-02,112190175.14,2024-02-29,,374.8500061035156,,,2556,-0.03055838524155141,0.09753795542234456
LDOS,2024-03,138650115.87,2024-03-28,135779301.0,131.08999633789062,17799308070.85135,0.007789635154248347,2576,0.02891540494637823,0.07197390945933968
AVAV,2024-03,12701232.83,2024-03-28,,153.27999877929688,,,2576,0.06375556002978189,0.14462250920498954
BAH,2024-03,321286209.86,2024-03-28,,148.44000244140625,,,2576,0.019078881620058663,-0.003516128047527989
HII,2024-03,149172462.0,2024-03-28,39590687.0,291.4700012207031,11539497588.218475,0.012927119301303133,2576,-0.0194548862161672,-0.1942649669987977
MCK,2024-03,851413499.24,2024-03-28,131408286.0,536.8499755859375,70546535130.8899,0.012068820923101515,2576,0.023456771808504917,0.04529605038177342
TXT,2024-03,105136951.15,2024-03-28,192853981.0,95.93000030517578,18500482456.184364,0.005682930237035775,2576,-0.07447099038635863,-0.14855516731992746
BA,2024-03,2205058587.7,2024-03-28,610135205.0,192.99000549316406,117749996564.52278,0.018726612756134617,2576,-0.07616907571674614,-0.10068508022037204
LMT,2024-03,3976764024.7,2024-03-28,241643304.0,454.8699951171875,109916288510.58105,0.03617993364393102,2576,0.05274846673088773,-0.009980274369911557
HON,2024-03,155892535.87,2024-03-28,652181812.0,202.8836669921875,132317037564.16943,0.0011781743208571854,2576,-0.031059432738324122,0.0021074136442953417
NOC,2024-03,1065758200.98,2024-03-28,150035705.0,478.6600036621094,71816091104.74716,0.014840103166093256,2576,0.04066634913849776,-0.12898564078002794
SAIC,2024-03,149731357.2,2024-03-28,,130.38999938964844,,,2576,0.02573285729983299,-0.13961654587619543
CACI,2024-03,452901906.92999995,2024-03-28,,378.8299865722656,,,2576,0.09398000506594384,0.09162610945032856
GD,2024-03,2220287730.09,2024-03-28,273980202.0,282.489990234375,77396664587.39209,0.028687124205242363,2576,0.04864636054289262,-0.011657157647650074
HUM,2024-03,532814799.97,2024-03-28,120653315.0,346.7200012207031,41832917524.08188,0.012736735363085195,2576,-0.10079100043005329,0.03651378594127608
UNH,2024-03,17185065.0,2024-03-28,921934109.0,494.70001220703125,456080814976.3785,3.767986820688797e-05,2576,0.013410969455345367,-0.009991710632126116
GE,2024-03,43589090.61,2024-03-28,1088334304.0,140.08778381347656,152462340695.54248,0.0002859007044699951,2576,0.20115371969070672,0.09301644280824517
RTX,2024-03,242422873.0,2024-03-28,1326826896.0,97.52999877929688,129405425547.21826,0.0018733594204019153,2576,0.07521593964634898,-0.008274165424596358
ACN,2024-03,107973618.09,2024-03-28,637735390.0,346.6099853515625,221045454186.073,0.0004884679419786182,2576,-0.09709794754779932,-0.1650373901963419
LHX,2024-03,345750775.58,2024-03-28,190107856.0,213.10000610351562,40511985273.92627,0.008534530540583679,2576,0.04345514837459152,0.01550203919357096
RTX,2024-04,1045733526.3299999,2024-04-30,1329506013.0,101.5199966430664,134971445976.6966,0.007747813018988849,2598,0.006538910088893957,0.06345658395667408
TXT,2024-04,171280428.0,2024-04-30,190698993.0,84.58999633789062,16131227119.50943,0.010617941631535894,2598,-0.021473196346894374,-0.002320735600073176
UNH,2024-04,265234365.88,2024-04-30,921934109.0,483.70001220703125,445939539777.3785,0.0005947765161447897,2598,-0.045335499456467754,0.09538961671809565
HII,2024-04,423884387.0,2024-04-30,39590687.0,276.92999267578125,10963848660.939148,0.038662006391074234,2598,-0.1339366631134885,-0.08454219520111494
MCK,2024-04,610147794.94,2024-04-30,131408286.0,537.2100219726562,70593848209.4491,0.008643073163113536,2598,0.0031123548279146096,0.04900055385182234
LMT,2024-04,2288196486.63,2024-04-30,239938144.0,464.92999267578125,111554439532.56055,0.02051192669891117,2598,-0.04967922453147766,0.07263888275975305
ACN,2024-04,223431638.01,2024-04-30,637735390.0,300.9100036621094,191900958540.35675,0.0011643070452043225,2598,-0.09463477328728487,0.002737523585939927
BA,2024-04,988720907.66,2024-04-30,613884224.0,167.83999633789062,103034325908.04883,0.009596034126941022,2598,-0.011843148859276065,0.034790597810604895
GE,2024-04,10300895.0,2024-04-30,1094606676.0,161.82000732421875,177129260327.45874,5.8154677442658217e-05,2598,-0.026389453350419645,-0.047248473872234964
CACI,2024-04,100303734.13,2024-04-30,,402.2300109863281,,,2598,0.011360264239621998,0.04648897564535237
NOC,2024-04,2707541926.82,2024-04-30,147989969.0,485.0299987792969,71779574483.41818,0.03772022816108321,2598,-0.11641735056056746,-0.0978564552010206
OSK,2024-04,95934752.76,2024-04-30,,112.2699966430664,,,2598,-0.03436046840125906,-0.1293080096048851
HON,2024-04,759564418.0,2024-04-30,651185513.0,190.5080108642578,124056056785.2513,0.006122751582495105,2598,0.006864862130479654,-0.03282290272010635
BAH,2024-04,421109537.26,2024-04-30,,147.6699981689453,,,2598,-0.013603599702941782,-0.12707117852217908
LHX,2024-04,617136235.33,2024-04-30,189680354.0,214.0500030517578,40601080352.5585,0.015199995418129577,2598,-0.017177649997860422,-0.035375916060147894
MSFT,2024-04,67793120.84,2024-04-30,7432305794.0,389.3299865722656,2893619514978.992,2.3428484805643906e-05,2598,0.025910128971802004,-0.02433821552642046
SAIC,2024-04,228260497.94,2024-04-30,,128.6999969482422,,,2598,-0.006908957905975344,-0.13114328248066942
LDOS,2024-04,156578788.74,2024-04-30,135211535.0,140.22000122070312,18959361602.753143,0.008258653008509672,2598,-0.005011407478841878,-0.06828280270024778
HUM,2024-04,2119542520.76,2024-04-30,120500635.0,302.0899963378906,36402036385.863495,0.05822593270037803,2598,0.10882494816193566,0.0991382291274554
GD,2024-04,803473956.85,2024-04-30,274364084.0,287.0899963378906,78767183870.80872,0.010200618041236956,2598,-0.0097829035906003,-0.05512750095450225
AVAV,2024-04,32120831.72,2024-04-30,,159.7899932861328,,,2598,0.21329924045915938,0.016526713913303626
ACN,2024-05,165926646.05,2024-05-31,637735390.0,282.2900085449219,180026328692.49908,0.000921679885687262,2620,0.03191199509692089,0.14435612744427684
HON,2024-05,69405682.03999999,2024-05-31,651185513.0,199.85894775390625,130145251420.76764,0.0005332940025265089,2620,0.010209766398832087,-0.03838259266347532
SAIC,2024-05,378658716.57,2024-05-31,,134.64999389648438,,,2620,-0.17948305578512735,-0.09935842813042028
GE,2024-05,340427527.16,2024-05-31,1094606676.0,165.13999938964844,180763345806.5451,0.0018832774180022607,2620,-0.06673683069324621,-0.013103494590818832
UNH,2024-05,33265206.82,2024-05-31,920385075.0,495.3699951171875,455931150108.68225,7.296103109443263e-05,2620,-0.03433180170034644,0.1241877365649986
CACI,2024-05,426761990.4,2024-05-31,,424.4800109863281,,,2620,-0.03546376813188945,0.07762529643173122
LDOS,2024-05,376493747.59,2024-05-31,135211535.0,147.0500030517578,19882856634.38286,0.01893559635384284,2620,-0.04986297501862691,0.00848236354170484
LHX,2024-05,407698799.15999997,2024-05-31,189680354.0,224.8300018310547,42645834337.1351,0.009560108402076316,2620,-0.04474671948919273,-0.014221906024742381
RTX,2024-05,611343678.97,2024-05-31,1329506013.0,107.80999755859375,143334040015.6657,0.0042651674291967435,2620,-0.11303156490323252,0.07787254963504386
MSFT,2024-05,41464253.95,2024-05-31,7432305794.0,415.1300048828125,3085373140553.7754,1.3438975469449322e-05,2620,0.06195988728313662,-0.06564619612500922
BAH,2024-05,291013955.45,2024-05-31,,152.2100067138672,,,2620,-0.037266662861417554,-0.021958990105753085
NOC,2024-05,962614265.37,2024-05-31,147989969.0,450.7699890136719,66709436700.26364,0.014429956434727258,2620,-0.07411907582815702,0.0884038565311287
HII,2024-05,1503804610.0,2024-05-31,39433340.0,253.10000610351562,9980578594.682007,0.15067308931380777,2620,-0.06659718563509875,0.050085378103555955
MCK,2024-05,620873013.84,2024-05-31,129985514.0,569.5900268554688,74038452410.08191,0.008385818363694687,2620,-0.016517381945124532,-0.08490612876000614
TXT,2024-05,323286421.0,2024-05-31,190698993.0,87.61000061035156,16707138893.123428,0.019350196527848525,2620,-0.06505254424564166,-0.03108019710961063
BA,2024-05,1829394876.27,2024-05-31,613884224.0,177.61000061035156,109031977399.3252,0.01677851690765834,2620,-0.0004195521805310243,-0.09408856204610494
LMT,2024-05,2821281486.12,2024-05-31,239938144.0,470.3399963378906,112852505770.28027,0.024999723903897444,2620,-0.047581799248031964,0.143694103246782
OSK,2024-05,80075639.61,2024-05-31,,113.7300033569336,,,2620,-0.11367931206844761,-0.11924498758788438
GD,2024-05,2718950279.13,2024-05-31,274364084.0,299.7699890136719,82246118446.42615,0.03305870636194318,2620,-0.09096139259299119,-0.06866439319192152
GD,2024-06,2303451360.63,2024-06-28,274364084.0,290.1400146484375,79603999350.76514,0.02893637731039276,2639,0.019030253309396117,-0.013678702850393742
GE,2024-06,60883140.0,2024-06-28,1094606676.0,158.97000122070312,174009624619.9098,0.0003498837500108824,2639,0.059394574523704,0.11654341676634083
RTX,2024-06,166673407.0,2024-06-28,1329506013.0,100.38999938964844,133469107833.60393,0.0012487789100065906,2639,0.16833861600145872,0.15234796291431119
CACI,2024-06,243224335.48,2024-06-28,,430.1300048828125,,,2639,0.05638907730942455,0.10905381688878957
LMT,2024-06,5306598963.12,2024-06-28,239938144.0,467.1000061035156,112075108526.86621,0.04734859535601451,2639,0.15513888355661598,0.20041537074217364
SAIC,2024-06,125550522.21,2024-06-28,,117.55000305175781,,,2639,0.05096333616727444,0.12228634258938764
BA,2024-06,1235212126.8,2024-06-28,613884224.0,182.00999450683594,111733064238.07324,0.011055027759447228,2639,0.0307262329603869,-0.19443844217062456
LDOS,2024-06,576799755.86,2024-06-28,135211535.0,145.8800048828125,19724659386.012573,0.029242571167998384,2639,0.004764576793287678,0.0442866105173636
BAH,2024-06,524309651.28,2024-06-28,,153.89999389648438,,,2639,-0.09390623201947934,0.0033486351149842886
UNH,2024-06,9853116590.94,2024-06-28,920385075.0,509.260009765625,468715312282.6355,0.021021537664207068,2639,0.13578027973489137,0.09329902141738611
LHX,2024-06,547330587.08,2024-06-28,189680354.0,224.5800018310547,42598414248.6351,0.01284861412646451,2639,0.018149894200602312,-0.0016929412186497128
TXT,2024-06,328854774.84,2024-06-28,190698993.0,85.86000061035156,16373415655.373428,0.0200846776116672,2639,0.07629005407145206,-0.03104458005253319
HII,2024-06,40359389.0,2024-06-28,39433340.0,246.3300018310547,9713614714.404602,0.004154929980921509,2639,0.13979170353725834,0.01959610094510067
HON,2024-06,76909456.03,2024-06-28,651185513.0,211.07809448242188,137450997238.59836,0.0005595409096704803,2639,-0.04696514663613216,-0.07564859365486565
ACN,2024-06,220155841.91,2024-06-28,638743434.0,303.4100036621094,193801147649.08832,0.0011359883291745597,2639,0.0938383281302625,0.10432838430374947
OSK,2024-06,236189249.0,2024-06-28,,108.19999694824219,,,2639,0.06128828756703719,-0.12319579807123304
AMZN,2024-06,42520232.0,2024-06-28,10406627415.0,193.25,2011080747948.75,2.1142976005995548e-05,2639,-0.0556360487361911,-0.08061453274537678
KTOS,2024-06,92430547.48,2024-06-28,,20.010000228881836,,,2639,0.12301979752250547,0.11062565596173068
MSFT,2024-06,16018990.91,2024-06-28,7432305794.0,446.95001220703125,3321869165354.689,4.822282309330382e-06,2639,-0.04968508610017741,-0.09392010407100082
NOC,2024-06,804601151.76,2024-06-28,147989969.0,435.95001220703125,64516228792.06818,0.012471298568197156,2639,0.1205606461245835,0.15985650943118124
MCK,2024-06,857034294.41,2024-06-28,129985514.0,584.0399780273438,75916736740.43298,0.011289135060431893,2639,0.048048869237280356,-0.2162365246725496
LDOS,2024-07,445333743.96,2024-07-31,134713696.0,144.39999389648438,19452656880.17285,0.022893209226031587,2661,0.07661573778527941,0.23085326229609882
SAIC,2024-07,192327136.59,2024-07-31,,124.4000015258789,,,2661,0.025057106248970173,0.12247450557340733
OSK,2024-07,50386038.6,2024-07-31,,108.6500015258789,,,2661,-0.027260432356740805,-0.06257253901506277
LMT,2024-07,1682183954.34,2024-07-31,238358003.0,541.9199829101562,129170964912.25897,0.013022926285970264,2661,0.03231425952492528,-0.044816697372815906
MCK,2024-07,971836194.04,2024-07-31,129985514.0,617.02001953125,80203664387.05957,0.012117104641877192,2661,-0.11234049606865026,-0.24939620774811133
LHX,2024-07,260823402.24,2024-07-31,189705190.0,226.88999938964844,43042210443.31314,0.006059712072257675,2661,0.016237487960443886,0.026094765432093547
HON,2024-07,137249561.18,2024-07-31,649671200.0,202.38943481445312,131486586983.22754,0.0010438293694360445,2661,0.005336391836709309,-0.047935894546075275
BA,2024-07,3543533787.36,2024-07-31,616167165.0,190.60000610351562,117441465409.78592,0.030172765428255054,2661,-0.1099113794127301,-0.2568245431284377
TXT,2024-07,258863972.96,2024-07-31,187362550.0,92.9000015258789,17405981180.892563,0.01487212759049563,2661,-0.04275242314843508,-0.17905150993957075
GD,2024-07,919454967.85,2024-07-31,274777579.0,298.7099914550781,82078808275.13705,0.011202099386822081,2661,-0.01663477126602486,-0.04440183977968126
RTX,2024-07,302390883.12,2024-07-31,1330239366.0,117.48999786376953,156289820269.64215,0.0019348085665355176,2661,0.032735614142783476,-0.008744850451425146
BAH,2024-07,504147869.18,2024-07-31,,143.30999755859375,,,2661,0.08826254048140703,0.23023511844381317
GE,2024-07,59122610.72,2024-07-31,1084311016.0,170.1999969482422,184549731614.1454,0.0003203614017906725,2661,0.006170097039309708,-0.03531272988129808
HII,2024-07,49791314.0,2024-07-31,39433340.0,279.9800109863281,11040546966.427612,0.004509859353110561,2661,-0.0034027968253886876,-0.14891269133637863
ACN,2024-07,168468565.79000002,2024-07-31,638743434.0,330.6199951171875,211181351030.21558,0.0007977435742699446,2661,0.015317179129568315,0.04307992434332886
NOC,2024-07,1939375804.35,2024-07-31,146245264.0,484.32000732421875,70829507331.6123,0.02738090207616659,2661,0.058639312533687926,-0.014596391527032626
UNH,2024-07,2106768598.1,2024-07-31,920385075.0,576.1599731445312,530289040094.6274,0.003972868452502918,2661,0.013057167198176511,-0.08033888423294211
HUM,2024-07,1020223061.22,2024-07-31,120401661.0,361.6099853515625,43538442870.513794,0.02343269519891216,2661,-0.042034276315553676,-0.3446284273254132
KTOS,2024-07,10753577.0,2024-07-31,,22.540000915527344,,,2661,-0.011914287429184878,0.013755384554912098
CACI,2024-07,171943978.09,2024-07-31,,461.4800109863281,,,2661,0.027873048070323758,0.1613201132684967
AMZN,2024-08,10100000.0,2024-08-30,10495566881.0,178.5,1873458688258.5,5.3910983270138705e-06,2683,0.025284773799181037,0.09241345436049908
UNH,2024-08,1932026182.88,2024-08-30,923418150.0,590.2000122070312,545001403402.1942,0.0035449930418880488,2683,-0.0200445630422863,-0.034683548901660366
ACN,2024-08,185223334.74,2024-08-30,638743434.0,341.95001220703125,218418325053.46106,0.0008480210380455207,2683,0.01747354922223776,-0.008206844723368745
LMT,2024-08,2631422619.14,2024-08-30,238358003.0,568.0999755859375,135411175685.01282,0.019432831934500686,2683,0.06055526709345305,-0.1351446759391226
OSK,2024-08,46108380.17,2024-08-30,,107.91000366210938,,,2683,-0.09933852793009312,-0.0150595423237041
HON,2024-08,134159430.56,2024-08-30,649671200.0,205.51300048828125,133515877642.82227,0.0010048200478365529,2683,-0.0207081427974104,0.05361943063523755
AVAV,2024-08,128018635.55,2024-08-30,,203.75999450683594,,,2683,0.02411559380037631,-0.11768199873106411
HII,2024-08,351141341.0,2024-08-30,39215232.0,282.7699890136719,11088890721.808594,0.03166604756140378,2683,-0.07593851144146024,-0.36753180162128607
NOC,2024-08,741410229.72,2024-08-30,146245264.0,523.2100219726562,76516987790.83691,0.00968948531725638,2683,0.03175674477817947,-0.13267981327091116
LDOS,2024-08,626009470.86,2024-08-30,134713696.0,158.50999450683594,21353467212.955566,0.029316525724692982,2683,0.031722333562282046,-0.026189531177930325
GD,2024-08,2324333881.63,2024-08-30,274777579.0,299.3599853515625,82257412024.3778,0.02825683211308861,2683,0.008084429450709862,-0.11893987491043156
RTX,2024-08,49195721.0,2024-08-30,1330239366.0,123.33999633789062,164071718530.95795,0.0002998427848533657,2683,-0.003345042159422551,-0.07921825942679495
SAIC,2024-08,293082343.59999996,2024-08-30,,130.58999633789062,,,2683,0.06609574925930617,-0.11831255240760374
BA,2024-08,1717729208.96,2024-08-30,616167165.0,173.74000549316406,107052886631.80733,0.016045613182462583,2683,-0.12420992176832313,-0.17756621955313612
CACI,2024-08,463011395.74,2024-08-30,,488.1199951171875,,,2683,0.02399372937181532,-0.13009100864793322
LHX,2024-08,174843758.0,2024-08-30,189705190.0,236.6699981689453,44897526969.93942,0.0038942848259117804,2683,0.029760420190645176,-0.021607135812838907
GE,2024-08,400127236.04,2024-08-30,1084311016.0,174.6199951171875,189342384319.43262,0.002113247054948669,2683,0.05661023175842961,-0.027511936392514702
MCK,2024-08,943800291.77,2024-08-30,129676762.0,561.0800170898438,72759039839.1156,0.012971588050872113,2683,-0.12342859524458971,0.047924755641200134
TXT,2024-08,65000000.0,2024-08-30,187362550.0,91.19999694824219,17087463988.214874,0.003803958272850209,2683,-0.05275573037157333,-0.13309477254380275
HUM,2024-08,53686698.480000004,2024-08-30,120401661.0,354.4700012207031,42678776921.644684,0.0012579249536266025,2683,-0.22130861916691424,-0.23379301355618443
BAH,2024-08,322776176.8,2024-08-30,,158.77999877929688,,,2683,0.017175730032258363,-0.13590617546003125
HUM,2024-09,547737816.55,2024-09-30,120401661.0,316.739990234375,38136020929.34253,0.014362741660039336,2703,-0.20013860792074578,-0.2259122744197376
CACI,2024-09,519014349.87,2024-09-30,,504.55999755859375,,,2703,0.1025765705040762,-0.23146298000884602
HII,2024-09,723913121.0,2024-09-30,39215232.0,264.3800048828125,10367723227.640625,0.06982373131547613,2703,-0.05413001647713045,-0.3111457231069086
UNH,2024-09,3749102031.89,2024-09-30,923418150.0,584.6799926757812,539904117178.6835,0.0069440145251739565,2703,-0.05252874349303782,-0.15681228064111608
MSFT,2024-09,44874195.56,2024-09-30,7433038381.0,430.29998779296875,3198436324608.9683,1.4030041872253372e-05,2703,-0.010126080179427177,-0.03938833254387597
BAH,2024-09,893827599.58,2024-09-30,,162.75999450683594,,,2703,0.1176440380315602,-0.23739604399776326
CW,2024-09,23539748.0,2024-09-30,,328.69000244140625,,,2703,0.06301178403493402,0.06041191397242596
AVAV,2024-09,48127396.49,2024-09-30,,200.5,,,2703,0.08753570301660374,-0.25468758545745396
OSK,2024-09,72694861.2,2024-09-30,,100.20999908447266,,,2703,0.06207971986754113,-0.08574025767204407
GE,2024-09,401132250.69,2024-09-30,1084311016.0,188.5800018310547,204479373382.71277,0.0019617247649679702,2703,-0.09101003775454375,-0.1358015650582427
SAIC,2024-09,371840283.61,2024-09-30,,139.27000427246094,,,2703,0.04176662953361032,-0.2309362030249411
BA,2024-09,2152783099.01,2024-09-30,616167165.0,152.0399932861328,93682051629.73549,0.02297967499173223,2703,-0.00777798691516951,0.13255501209328058
NOC,2024-09,1932029067.28,2024-09-30,146245264.0,528.0700073242188,77227737631.6123,0.02501729464737221,2703,-0.059447078295995714,-0.14147678201027747
LHX,2024-09,1008931540.19,2024-09-30,189705190.0,237.8699951171875,45125172619.00513,0.02235850815925907,2703,0.01630810041380304,-0.14612898724945977
GD,2024-09,2771349610.2200003,2024-09-30,274777579.0,302.20001220703125,83037787728.0185,0.033374559776294416,2703,-0.01063730700971921,-0.15291029122085043
AMZN,2024-09,57939762.75,2024-09-30,10495566881.0,186.3300018310547,1955638996154.687,2.9627023629578454e-05,2703,0.010190113356491448,0.1590251444863544
RTX,2024-09,1061389371.0,2024-09-30,1330239366.0,121.16000366210938,161171806456.04205,0.006585453090950389,2703,-0.0005072449161291903,-0.07261392144597123
TXT,2024-09,71652145.34,2024-09-30,187362550.0,88.58000183105469,16596575022.071075,0.004317285056989944,2703,-0.09084026284440438,-0.16413605286420185
ACN,2024-09,210184196.59,2024-09-30,638743434.0,353.4800109863281,225783036067.76495,0.0009309122609500068,2703,0.017265125748099353,-0.02739445468693602
MCK,2024-09,1004380900.25,2024-09-30,129676762.0,494.4200134277344,64114786409.305115,0.015665355162194413,2703,-0.0043333014430269046,0.1270356350848263
LMT,2024-09,11231726869.85,2024-09-30,238358003.0,584.5599975585938,139334553651.75128,0.08060977392529818,2703,-0.07855619974087469,-0.19657059370112506
LDOS,2024-09,1517673702.1799998,2024-09-30,134713696.0,163.0,21958332448.0,0.06911607271517706,2703,0.12628474700597114,-0.1480092391064609
HON,2024-09,235290375.89,2024-09-30,649671200.0,204.3268280029297,132745255540.85693,0.001772495558740186,2703,-0.017491927581579136,0.0729658224530576
LDOS,2024-10,171495632.5,2024-10-31,133433109.0,183.16000366210938,24439608733.08664,0.007017118578818618,2726,-0.1654309190818236,-0.2847516018336087
MCK,2024-10,1072972071.68,2024-10-31,129676762.0,500.5899963378906,64914889814.689514,0.016528905382770877,2726,0.180986353609768,0.14473978968613066
NOC,2024-10,385183585.89,2024-10-31,145695342.0,509.0199890136719,74161841384.18317,0.005193824461485794,2726,-0.1051891754047678,-0.11015362776073401
HII,2024-10,516097706.0,2024-10-31,39129347.0,184.9600067138672,7237364283.829239,0.0713101739473222,2726,-0.0009340707278353566,0.003765336824597121
HUM,2024-10,1350514628.46,2024-10-31,120411343.0,257.8299865722656,31045654948.83847,0.04350092245390132,2726,0.07537927826723712,0.0883828296282525
UNH,2024-10,33727353.1,2024-10-31,923418150.0,564.5,521269545675.0,6.470232796033755e-05,2726,0.01644795889027706,-0.09188167646048917
RTX,2024-10,316120024.15,2024-10-31,1331016397.0,120.98999786376953,161039671029.6722,0.001962994721292951,2726,-0.07540093502289846,0.004806386851963218
GD,2024-10,1497695075.2,2024-10-31,274968619.0,291.6099853515625,80183594958.72937,0.018678322866053414,2726,-0.11355406608794416,-0.17436467168416503
BAH,2024-10,20011074.76,2024-10-31,,181.66000366210938,,,2726,-0.24015036617174723,-0.33296923817370827
BA,2024-10,1390771413.27,2024-10-31,618200911.0,149.30999755859375,92303576512.13043,0.015067362130732023,2726,-0.013110069973085503,0.11845476948794897
CACI,2024-10,38645086.31,2024-10-31,,552.5599975585938,,,2726,-0.22960502422932116,-0.3626230885641475
TXT,2024-10,50406470.0,2024-10-31,185511585.0,80.41999816894531,14918841326.018143,0.003378712119693383,2726,0.0011382086301527927,-0.12415664964824447
LMT,2024-10,1582170879.5,2024-10-31,237035273.0,546.0499877929688,129433107928.15302,0.012223849869835829,2726,-0.10263916934279826,-0.2257901530280516
SAIC,2024-10,47128981.64,2024-10-31,,144.2899932861328,,,2726,-0.19965730451921315,-0.3116710383305431
LHX,2024-10,78540637.73,2024-10-31,189668364.0,247.47000122070312,46937230270.608765,0.0016733121506571024,2726,-0.07569297298709798,-0.20636685881128258
HON,2024-10,304657401.32,2024-10-31,650247380.0,203.3087158203125,132200959793.32275,0.0023045021896685785,2726,0.061969846443626686,0.030391834054233957
ACN,2024-10,38810117.6,2024-10-31,642839181.0,344.82000732421875,221663811100.71478,0.0001750854927887453,2726,-0.013507818046353703,0.07870807966964799
GE,2024-10,118031730.0,2024-10-31,1082294004.0,171.77999877929688,185916462685.96033,0.0006348643272079277,2726,-0.011119472811825792,0.11704664816450383
AMZN,2024-10,10033684.62,2024-10-31,10495566881.0,186.39999389648438,1956373602558.5435,5.128716011541945e-06,2726,0.06888574119342006,0.23676393004471552
OSK,2024-10,112974908.07,2024-10-31,,102.23999786376953,,,2726,0.03973725411937723,0.03255374848995474
ACN,2024-11,47693556.7,2024-11-29,642839181.0,362.3699951171875,232945630880.1068,0.0002047411514858893,2746,-0.0051365410963089,-0.005764543885061979
MCK,2024-11,911976277.87,2024-11-29,126940097.0,628.5,79781850964.5,0.011430873899827118,2746,-0.06813623781532041,0.049064105908645406
LHX,2024-11,237787132.87,2024-11-29,189668364.0,246.25,46705834635.0,0.005091165477038906,2746,-0.12201090982619145,-0.11596674647037486
LMT,2024-11,2478671993.97,2024-11-29,237035273.0,529.4099731445312,125488837513.23663,0.019752131289833233,2746,-0.05229272020046605,-0.08931086888855722
LDOS,2024-11,154571681.32999998,2024-11-29,133433109.0,165.39999389648438,22069835414.188934,0.007003753241885265,2746,-0.10267972061750097,-0.16039013842530514
NOC,2024-11,662565638.7,2024-11-29,145695342.0,489.6499938964844,71339723321.0462,0.009287471381383028,2746,-0.013471491426526372,0.005985834704644422
RTX,2024-11,347216597.0,2024-11-29,1331016397.0,121.83000183105469,162157730083.67383,0.0021412275370457845,2746,-0.026091763573312,0.09858039257194728
BA,2024-11,3573736885.3399997,2024-11-29,618200911.0,155.44000244140625,96093151115.11957,0.03719033920595094,2746,0.16276313786479146,0.07875455989320734
GD,2024-11,2910043842.44,2024-11-29,274968619.0,284.010009765625,78093840167.43042,0.037263423545326614,2746,-0.04819092879717335,-0.040111606699144375
HII,2024-11,473503598.0,2024-11-29,39129347.0,197.9199981689453,7744480286.592026,0.06114078420727264,2746,-0.021160134700664024,0.014847306112914516
GE,2024-11,87017528.13,2024-11-29,1082294004.0,182.16000366210938,197150679732.11902,0.00044137574492888467,2746,-0.05882462163647484,0.14256028409872945
HUM,2024-11,897757314.23,2024-11-29,120411343.0,296.3800048828125,35687514426.28601,0.025156061683263307,2746,-0.11692040782739854,-0.08341663519009845
HON,2024-11,56448359.35,2024-11-29,650247380.0,230.24453735351562,149715907173.43567,0.00037703648473778027,2746,-0.006163586191327175,-0.06616764083930993
KTOS,2024-11,62674498.65,2024-11-29,,27.09000015258789,,,2746,-0.0021488504418226695,0.0556671346386588
SAIC,2024-11,296877727.13,2024-11-29,,124.25,,,2746,-0.07630205979247662,-0.14221971248479703
TXT,2024-11,1011566101.0,2024-11-29,185511585.0,85.62999725341797,15885356514.027214,0.06367915634167598,2746,-0.08245796139695527,-0.1255548195321895
BAH,2024-11,150891365.53,2024-11-29,,148.17999267578125,,,2746,-0.1074015295091223,-0.22549742900634961
CACI,2024-11,136325038.29000002,2024-11-29,,459.8800048828125,,,2746,-0.09731938573111987,-0.18185726577614714
UNH,2024-11,561937014.3,2024-11-29,920284334.0,610.2000122070312,561557511840.7396,0.0010006758033705512,2746,-0.14375330657078222,-0.18787967096413893
OSK,2024-11,12464480.0,2024-11-29,,113.61000061035156,,,2746,-0.13912969730149305,-0.12157122436466239
CACI,2024-12,112314112.91,2024-12-31,,404.05999755859375,,,2767,-0.06778539638361414,0.051801424219517056
TXT,2024-12,341486234.44,2024-12-31,185511585.0,76.48999786376953,14189780740.3545,0.024065645600065046,2767,-0.03380399042649751,-0.04402503222198906
BA,2024-12,1545604907.23,2024-12-31,618200911.0,177.0,109421561247.0,0.014125231714991415,2767,-0.026330207916406834,-0.06590112523479963
BAH,2024-12,122627434.9,2024-12-31,,128.6999969482422,,,2767,-0.014429304142836274,-0.04620945713475633
LHX,2024-12,197718278.37,2024-12-31,189668364.0,210.27999877929688,39883463350.391235,0.00495739992871157,2767,-0.00805725078906816,0.08535613639557371
MCK,2024-12,659105031.07,2024-12-31,126940097.0,569.9099731445312,72344427272.23419,0.009110653797697071,2767,0.032536017344585444,0.34086709956717276
UNH,2024-12,3906128728.64,2024-12-31,920284334.0,505.8599853515625,465535019716.51245,0.008390622752760118,2767,0.06371357094313401,0.1544246634701374
LDOS,2024-12,204504481.57,2024-12-31,133433109.0,144.05999755859375,19222373356.775574,0.010638877820876136,2767,-0.03667509740007535,0.0527010712136321
NOC,2024-12,1003336470.0799999,2024-12-31,145695342.0,469.2900085449219,68373368292.135315,0.01467437534732963,2767,0.019390084385615625,0.184184221218606
KTOS,2024-12,16449502.94,2024-12-31,,26.3799991607666,,,2767,0.23858325819947424,0.23464634656820893
SAIC,2024-12,100015805.58,2024-12-31,,111.77999877929688,,,2767,-0.05527675957649425,0.10702191808436057
HUM,2024-12,278078090.86,2024-12-31,120411343.0,253.7100067138672,30549562640.955765,0.009102522812788135,2767,0.1349159188348792,0.13132791917992992
ACN,2024-12,102844221.48,2024-12-31,637398361.0,351.7900085449219,224230374862.7092,0.00045865428153063124,2767,0.07970743113637901,-0.057926436699439865
GD,2024-12,1225049073.67,2024-12-31,274968619.0,263.489990234375,72451478735.06958,0.016908544795194422,2767,-0.04096181610104155,0.11019824708376613
HON,2024-12,469343775.25,2024-12-31,650247380.0,223.28570556640625,145190945036.00708,0.003232596737583075,2767,-0.03535164121337031,0.0013554020628584462
RTX,2024-12,278081028.25,2024-12-31,1331016397.0,115.72000122070312,154025219085.61588,0.0018054253056795,2767,0.10276408778066082,0.21258453543462674
OSK,2024-12,98712548.34,2024-12-31,,95.06999969482422,,,2767,0.16707405803040554,-0.003502569120219512
AVAV,2024-12,55318560.0,2024-12-31,,153.88999938964844,,,2767,0.10410362300706866,-0.15438281015708022
LMT,2024-12,10948185599.970001,2024-12-31,237035273.0,485.94000244140625,115184921140.3194,0.09504877454083434,2767,-0.08275204855812024,0.024284824807342065
HII,2024-12,106966741.0,2024-12-31,39129347.0,188.97000122070312,7394272750.355316,0.014466161123804899,2767,0.02021912411895843,0.14397138874257953
GE,2024-12,1081591900.86,2024-12-31,1082294004.0,166.7899932861328,180515809660.7818,0.005991674097091467,2767,0.2038085410085677,0.20854079346282584
HON,2025-01,316921095.03999996,2025-01-31,650247380.0,221.14073181152344,143796181471.72577,0.002203960437588638,2787,-0.02381624265733784,0.017680150624876934
GD,2025-01,686937651.49,2025-01-31,274968619.0,256.9800109863281,70661438731.51547,0.009721535024217123,2787,0.01742562779288548,0.123775364587833
RTX,2025-01,491160176.88,2025-01-31,1331016397.0,128.9499969482422,171634560331.21033,0.00286166245266797,2787,0.04458683590701451,0.07030551911783856
ACN,2025-01,351929831.06,2025-01-31,637398361.0,384.95001220703125,245366506847.6917,0.0014343026502735199,2787,-0.06027925094245723,-0.14747529343733812
LMT,2025-01,2873525953.67,2025-01-31,235385902.0,462.95001220703125,108971906204.26306,0.02636941991529176,2787,0.018108734841768892,0.08423858080330704
TXT,2025-01,554408115.0,2025-01-31,185511585.0,76.51000213623047,14193491764.6455,0.039060727563951,2787,-0.04112933636097671,-0.016073955614812507
HUM,2025-01,293000000.0,2025-01-31,120411343.0,293.2300109863281,35308219430.768524,0.008298351056034051,2787,-0.06236906041523749,-0.06018926482451936
LDOS,2025-01,242240855.78,2025-01-31,133433109.0,142.02999877929688,18951504308.387787,0.012782143931064412,2787,-0.0275956933064907,0.10618267774510026
CACI,2025-01,86392744.39,2025-01-31,,386.260009765625,,,2787,-0.04458182524398413,0.25453823503762907
NOC,2025-01,448091909.98,2025-01-31,144755659.0,487.2699890136719,70535088370.59683,0.006352751805253158,2787,-0.0023646277085089817,0.06846014001469891
GE,2025-01,263633653.95,2025-01-31,1082294004.0,203.57000732421875,220322598321.23804,0.001196580178151371,2787,0.01789513307121382,0.07760984610639632
KTOS,2025-01,59338010.2,2025-01-31,,33.369998931884766,,,2787,-0.1679953325588932,0.14292745268493334
HII,2025-01,1041545845.0,2025-01-31,39129347.0,197.25999450683594,7718654774.276077,0.13493877825332398,2787,-0.07824027789241306,0.23060217433731878
LHX,2025-01,184700837.67000002,2025-01-31,189668364.0,212.00999450683594,40211588809.76056,0.004593224071394254,2787,0.018220705994754782,0.09761341629211695
UNH,2025-01,1808259715.4,2025-01-31,920284334.0,542.489990234375,499245039364.5083,0.0036219883480499747,2787,-0.08365253686016261,-0.20423249240615382
AVAV,2025-01,288691402.5,2025-01-31,,180.14999389648438,,,2787,-0.17084882056163742,-0.06314422296102151
BAH,2025-01,306157050.89,2025-01-31,,129.0,,,2787,-0.1346038711792209,-0.011462856140143196
SAIC,2025-01,134672709.93,2025-01-31,,108.27999877929688,,,2787,-0.025481718249933838,0.14858694030541497
MCK,2025-01,787534475.03,2025-01-31,126940097.0,594.75,75497622690.75,0.01043124865342931,2787,0.124962479422565,0.24785131406847816
BA,2025-01,2479247072.87,2025-01-31,618200911.0,176.52000427246094,109124827450.95924,0.02271936763413601,2787,-0.0583445230453854,0.10606947633623975
SAIC,2025-02,80980209.44,2025-02-28,,98.79000091552734,,,2806,0.19217017129502578,0.17847264921364459
CACI,2025-02,161707621.89,2025-02-28,,334.8500061035156,,,2806,0.15149345871603337,0.2832618090502612
LHX,2025-02,492902586.19,2025-02-28,188313839.0,206.11000061035156,38813365471.227646,0.012699300362278267,2806,0.07681210784817527,0.19705996019976113
LDOS,2025-02,284760398.81,2025-02-28,131167372.0,129.97000122070312,17047823498.95642,0.016703621950768764,2806,0.09709409106776057,0.1512535864972695
HUM,2025-02,759519248.64,2025-02-28,120644737.0,270.4200134277344,32624751399.525482,0.02328046087888495,2806,0.03741021808272482,-0.12998807263750178
TXT,2025-02,21978405.0,2025-02-28,182572762.0,74.7300033569336,13643663117.144638,0.0016108873996149846,2806,0.02280179973504204,-0.004014163915831093
UNH,2025-02,2310077354.88,2025-02-28,914712333.0,474.9599914550781,434451761865.53455,0.00531722404568124,2806,0.1631563367616452,-0.3565522718888814
BAH,2025-02,280379095.74,2025-02-28,,106.05999755859375,,,2806,0.04176490177171488,0.006869075695799198
LMT,2025-02,1788142357.27,2025-02-28,235385902.0,450.3699951171875,106010747534.39478,0.016867557288847947,2806,0.05491403632799219,0.0840585829695788
HON,2025-02,71968386.7,2025-02-28,649918551.0,210.43557739257812,136765985537.83273,0.0005262155382932684,2806,0.05036443498141341,0.07524592111844108
RTX,2025-02,675873630.6600001,2025-02-28,1332122758.0,132.99000549316406,177159012903.98886,0.0038150677156137073,2806,0.05173396834724042,0.03655162163845782
KTOS,2025-02,27761361.24,2025-02-28,,26.389999389648438,,,2806,0.18076662400674504,0.4029555640258884
GE,2025-02,132655911.0,2025-02-28,1073290505.0,206.97999572753906,222149664139.30823,0.000597146574648038,2806,0.024519980172485578,0.1953739245693651
BA,2025-02,1125918487.91,2025-02-28,750074411.0,174.6300048828125,130985498055.40271,0.008595749183117755,2806,0.03235551827468475,0.1922733648599111
OSK,2025-02,230443140.17,2025-02-28,,102.30000305175781,,,2806,-0.02463266790060803,-0.02036126390652815
NOC,2025-02,1274445664.26,2025-02-28,144755659.0,461.739990234375,66839476573.03052,0.019067259793207808,2806,0.16955950001947528,0.059659118445303694
ACN,2025-02,99376577.69,2025-02-28,637398361.0,348.5,222133328808.5,0.00044737355813756355,2806,-0.048900536019512275,-0.0813183489839685
GD,2025-02,641516868.6800001,2025-02-28,270350795.0,252.60000610351562,68290612467.0903,0.009393924662619643,2806,0.13481657004284087,0.11368929770427028
MCK,2025-02,633609362.39,2025-02-28,125326376.0,640.260009765625,80241466721.65039,0.007896283409025004,2806,0.10800599411414591,0.13010291990438216
HII,2025-02,122491755.0,2025-02-28,39130163.0,175.5800018310547,6870474091.189468,0.01782871944122175,2806,0.2178104261854742,0.2832096119725185
BAH,2025-03,463764891.2,2025-03-31,,104.58000183105469,,,2827,0.1563080494450565,-0.07567114217467474
HII,2025-03,150058037.52,2025-03-31,39130163.0,204.0399932861328,7984118195.805283,0.018794566142424834,2827,0.13756637137301853,0.10708177751093473
LDOS,2025-03,313195029.35,2025-03-31,131167372.0,134.94000244140625,17699725497.91284,0.017694908849684256,2827,0.09937686460002915,0.08847155575313947
OSK,2025-03,95072016.0,2025-03-31,,94.08000183105469,,,2827,-0.1010240080583108,0.1549660391240928
CACI,2025-03,247001275.62,2025-03-31,,366.9200134277344,,,2827,0.2565442042896643,0.2100671688076694
MSFT,2025-03,31166115.92,2025-03-31,7433982235.0,375.3900146484375,2790642700092.874,1.1168078206128924e-05,2827,0.06160164224704101,0.20576304812041002
SAIC,2025-03,166648844.35,2025-03-31,,112.2699966430664,,,2827,0.09023898613361625,-0.07302852881939192
HON,2025-03,112234991.09,2025-03-31,649918551.0,209.30873107910156,136033627214.57835,0.0008250532856332752,2827,0.002766861888825245,0.02595107120916218
GE,2025-03,334790799.0,2025-03-31,1073290505.0,200.14999389648438,214819088024.90463,0.0015584778898287972,2827,0.015614844726173138,0.13675352831097554
NOC,2025-03,927940010.5799999,2025-03-31,144755659.0,512.010009765625,74116346378.21948,0.012520045252159016,2827,-0.04115322780760988,-0.11926703615645295
MCK,2025-03,999993461.49,2025-03-31,125326376.0,672.989990234375,84343396560.34961,0.011856215213890303,2827,0.067809117797336,-0.02499188695438681
RTX,2025-03,399186959.9,2025-03-31,1332122758.0,132.4600067138672,176452989468.37527,0.0022622850488545794,2827,-0.03911801408244808,-0.013309327520483416
TXT,2025-03,153803617.78,2025-03-31,182572762.0,72.25,13190882054.5,0.01165984330271005,2827,-0.017350597129006884,0.013705323422164017
GD,2025-03,3699988777.5099998,2025-03-31,270350795.0,272.5799865722656,73692216070.90134,0.05020867840302343,2827,0.012522059814802922,-0.021444145090993905
LHX,2025-03,205097799.57,2025-03-31,188313839.0,209.30999755859375,39415969181.33942,0.005203418914461168,2827,0.05983821339107587,0.10337755373500146
AMZN,2025-03,13211054.61,2025-03-31,10597729352.0,190.25999450683594,2016323928296.454,6.552049710168206e-06,2827,-0.022024753025989274,0.05131678478108581
ACN,2025-03,93834834.33,2025-03-31,636797814.0,312.0400085449219,198706395321.94757,0.0004722285570022402,2827,-0.027884930776468364,-0.13279290727214832
UNH,2025-03,756267674.8000001,2025-03-31,914712333.0,523.75,479080584408.75,0.001578581348132353,2827,-0.20576426165743777,-0.48029128039526214
LMT,2025-03,4743882776.07,2025-03-31,235385902.0,446.7099914550781,105149234271.06586,0.04511571395603957,2827,0.07815593502200902,-0.05718070126720032
BA,2025-03,1534678388.27,2025-03-31,750074411.0,170.5500030517578,127925193085.09544,0.011996686119903972,2827,0.0830764126914928,0.12266565160462428
HUM,2025-03,94000000.0,2025-03-31,120644737.0,264.6000061035156,31922598146.557037,0.0029446224761670355,2827,-0.00024914315051494107,-0.14930591190562303
GD,2025-04,9588234503.369999,2025-04-30,268396163.0,272.1199951171875,73035962565.03186,0.13128100413317004,2848,-0.039435974567562315,0.007796579794697278
LMT,2025-04,2371540554.54,2025-04-30,234295953.0,477.75,111934891545.75,0.02118678565539776,2848,-0.05315357867255077,-0.2559553973501538
HII,2025-04,573315000.0,2025-04-30,39130163.0,230.33999633789062,9013241602.121063,0.06360808078916727,2848,-0.08857002660021351,0.07479886796129476
BA,2025-04,1029451317.3,2025-04-30,754005474.0,183.24000549316406,138163967197.63577,0.007450939186100728,2848,0.06856757189055207,0.06745538264946527
SAIC,2025-04,204152009.17000002,2025-04-30,,121.02999877929688,,,2848,-0.1082053688241813,-0.2191643063601747
TXT,2025-04,12550907.91,2025-04-30,180538799.0,70.37000274658203,12704515781.494621,0.0009879091911776468,2848,-0.01083412127870731,-0.03775471562844279
AVAV,2025-04,35552118.03,2025-04-30,,151.52000427246094,,,2848,0.11211557053646914,0.6231702661202625
MCK,2025-04,1045889951.56,2025-04-30,125326376.0,712.7899780273438,89331384795.28662,0.01170797871270864,2848,-0.05341710428930724,-0.16924282165153082
CACI,2025-04,257087209.63,2025-04-30,,457.8699951171875,,,2848,-0.12808163719840227,-0.13730035997617263
BAH,2025-04,207627250.57,2025-04-30,,120.0199966430664,,,2848,-0.17757551325406407,-0.24401593733320093
KTOS,2025-04,12641928.0,2025-04-30,,33.779998779296875,,,2848,0.029221543278747042,0.5945174524287562
MSFT,2025-04,31069404.57,2025-04-30,7432543865.0,395.260009765625,2937787360663.336,1.0575784001938351e-05,2848,0.10399505860043101,0.20902527769293844
LDOS,2025-04,50999693.13,2025-04-30,131167372.0,147.17999267578125,19305212850.261475,0.0026417576188137834,2848,-0.053740158209299116,-0.0555542860980045
HUM,2025-04,370432446.5,2025-04-30,120693475.0,262.239990234375,31650655705.352783,0.011703784273807388,2848,-0.17384987272284846,-0.18683960970836455
RTX,2025-04,525109341.01,2025-04-30,1335953770.0,126.12999725341797,168503845340.7934,0.0031163047938044613,2848,0.02472947087335786,0.11243816863316147
HON,2025-04,308682426.65,2025-04-30,642682909.0,208.07313537597656,133725047928.18343,0.0023083366312628044,2848,0.019474074334260516,-0.08150581490036846
UNH,2025-04,594307112.86,2025-04-30,914712333.0,411.44000244140625,376349244522.7044,0.0015791372548487916,2848,-0.3290561207715289,-0.5323388927868027
ACN,2025-04,160255592.21,2025-04-30,636797814.0,299.1499938964844,190498062171.3946,0.0008412452619377047,2848,-0.003777412404348368,-0.24586862340118754
NOC,2025-04,395750146.76,2025-04-30,143928185.0,486.5,70021062002.5,0.005651872957109253,2848,-0.06640085802389806,0.047698353682879446
LHX,2025-04,511405935.12,2025-04-30,186945636.0,220.02000427246094,41131779631.43793,0.012433352986485447,2848,0.047690573187180174,0.11206567767121633
GE,2025-04,165264740.4,2025-04-30,1066386643.0,201.5399932861328,214919556870.64172,0.0007689609210364763,2848,0.15731012828347812,0.20381011217340395
GE,2025-05,77667227.42,2025-05-30,1066386643.0,245.91000366210938,262235143285.35452,0.0002961739850996455,2869,-0.0383990950185813,0.023070730435228892
NOC,2025-05,874272150.63,2025-05-30,143928185.0,484.7699890136719,69772064661.20773,0.012530403892663976,2869,-0.007373956160672712,0.12531000608587428
LHX,2025-05,257146705.05,2025-05-30,186945636.0,244.33999633789062,45678296015.62463,0.005629516148370353,2869,-0.013841006710977766,0.04416629805156336
BAH,2025-05,473761867.03999996,2025-05-30,,106.25,,,2869,-0.03552026976875422,-0.06370856274964165
ACN,2025-05,86942422.38,2025-05-30,636797814.0,316.82000732421875,201750288095.5265,0.00043094075949390336,2869,-0.09586639805478214,-0.2730076873855455
HON,2025-05,622640965.75,2025-05-30,642682909.0,224.0567169189453,143997422610.45728,0.004323972988283077,2869,0.0023355549528625286,-0.124263027158236
BA,2025-05,840884421.26,2025-05-30,754005474.0,207.32000732421875,156320420392.18103,0.005379235925481557,2869,-0.03913211815171991,0.03429766054681105
OSK,2025-05,101814313.25,2025-05-30,,99.19000244140625,,,2869,0.14020290252951995,0.31253577851533976
KTOS,2025-05,29741808.34,2025-05-30,,36.88999938964844,,,2869,0.1164790861214815,0.6870932836329051
MCK,2025-05,1043484624.67,2025-05-30,125112236.0,719.510009765625,90019506146.15918,0.011591761267560806,2869,-0.03860845985627326,-0.14241328830848254
UNH,2025-05,565687078.14,2025-05-30,907140441.0,301.9100036621094,273874773864.3575,0.002065495372787305,2869,0.03687823491478848,-0.06402073746401826
TXT,2025-05,145184644.87,2025-05-30,180538799.0,74.02999877929688,13365287069.585724,0.010862815300120614,2869,0.04311627182193267,-0.014589265713780275
HUM,2025-05,1061492983.87,2025-05-30,120693475.0,233.1300048828125,28137270416.07361,0.037725513817559744,2869,0.036395537890491436,0.20968579839477508
LDOS,2025-05,282346847.29,2025-05-30,128718872.0,148.52000427246094,19117327419.386353,0.014769158946541863,2869,0.03549269905763075,0.12375567464481496
CACI,2025-05,149695209.16,2025-05-30,,428.0,,,2869,0.07841662590997411,0.023168958611271995
GD,2025-05,659654862.42,2025-05-30,268396163.0,278.489990234375,74745644812.81372,0.008825328406383814,2869,0.006011735162745557,0.073770048352235
HII,2025-05,3464801463.0,2025-05-30,39239134.0,223.05999755859375,8752681134.241333,0.3958560137013746,2869,0.053185942426653865,0.12228919694259766
SAIC,2025-05,57487533.879999995,2025-05-30,,115.54000091552734,,,2869,-0.049228495786241444,-0.075727001401245
LMT,2025-05,3538128530.1800003,2025-05-30,234295953.0,482.3800048828125,113019682952.16321,0.03130541900102083,2869,-0.07847362943896508,-0.14662013158845755
MSFT,2025-05,10000000.0,2025-05-30,7432543865.0,460.3599853515625,3421645784816.2456,2.9225701983459506e-06,2869,0.017791537837697158,0.004775867949980084
RTX,2025-05,414263499.62,2025-05-30,1335953770.0,136.47999572753906,182330964821.7897,0.00227204139475103,2869,0.0054457692590006435,0.06952094633624961
SAIC,2025-06,228341906.29,2025-06-30,,112.61000061035156,,,2889,-0.02618710663305679,-0.20661208306366252
LHX,2025-06,683085627.51,2025-06-30,186945636.0,250.83999633789062,46893442649.62463,0.014566762193465612,2889,0.06592461053515675,0.11189458828477461
OSK,2025-06,263684814.1,2025-06-30,,113.54000091552734,,,2889,0.07827764564075701,0.06156344821878679
CACI,2025-06,409688361.36,2025-06-30,,476.70001220703125,,,2889,-0.04351877454511499,-0.05332420519721914
HUM,2025-06,857502207.31,2025-06-30,120693475.0,244.47999572753906,29507140252.341843,0.029060837477869243,2889,0.04261093902836821,-0.029539761091386785
TXT,2025-06,451344187.5,2025-06-30,180538799.0,80.29000091552734,14495460336.998207,0.03113693370247713,2889,-0.0547824372121406,-0.030319148009016805
MSFT,2025-06,14312199.47,2025-06-30,7432543865.0,497.4100036621094,3697021671108.4385,3.871278218855808e-06,2889,0.004941260150029825,-0.04089508002750786
AMZN,2025-06,52231232.0,2025-06-30,10616352407.0,219.38999938964844,2329121548092.023,2.2425292506862488e-05,2889,0.022343891320162346,-0.0644831825053771
BA,2025-06,854448455.86,2025-06-30,754005474.0,209.52999877929688,157986766046.80316,0.0054083546188094765,2889,0.050957344794149595,-0.04112163415003267
HON,2025-06,38002638.26,2025-06-30,642682909.0,230.1951141357422,147942465590.34583,0.0002568744417524424,2889,-0.0729158207909828,-0.17381620338088088
ACN,2025-06,199878037.55,2025-06-30,635607597.0,298.8900146484375,189976763977.98816,0.0010521183399731932,2889,-0.10557356895877368,-0.2466307106353154
LDOS,2025-06,130453834.0,2025-06-30,128718872.0,157.75999450683594,20306688539.64612,0.006424180572096045,2889,-0.0060289045093711024,0.10194465670050623
KTOS,2025-06,13051775.53,2025-06-30,,46.45000076293945,,,2889,0.2219861697929435,0.8190778411258728
HII,2025-06,824303929.5,2025-06-30,39239134.0,241.4600067138672,9474681559.086334,0.08700070016701326,2889,0.043769846515258726,0.08621646830865948
NOC,2025-06,1114912226.05,2025-06-30,143928185.0,499.9800109863281,71961215517.54227,0.015493237823063362,2889,0.11878230557787073,0.11554213273939551
LMT,2025-06,3916205124.5,2025-06-30,234295953.0,463.1400146484375,108511831104.48962,0.0360901210922241,2889,-0.1228804162411723,-0.0071341798870110384
UNH,2025-06,2482083903.7,2025-06-30,907140441.0,311.9700012207031,283000604486.11914,0.008770595766772447,2889,-0.17410934006151313,0.03627823300074651
MCK,2025-06,1020312793.01,2025-06-30,125112236.0,732.780029296875,91679747961.47754,0.011129096836508758,2889,-0.05125665822930536,-0.036281821972429906
GD,2025-06,3549170591.46,2025-06-30,268396163.0,291.6600036621094,78280425883.4761,0.045339183472801976,2889,0.04896296586998683,0.0675821387187805
GE,2025-06,33823266.0,2025-06-30,1066386643.0,257.3900146484375,274477273662.6681,0.00012322792903272827,2889,0.037452431562005506,0.06670528382251661
BAH,2025-06,319231052.08,2025-06-30,,104.12999725341797,,,2889,0.00528799908057187,-0.12277415901166544
RTX,2025-06,58920736.06,2025-06-30,1335953770.0,146.02000427246094,195075975203.2103,0.0003020399410979357,2889,0.05789929528314097,0.048380541215698125
AMZN,2025-07,29502499.96,2025-07-31,10616352407.0,234.11000061035156,2485394268482.477,1.187035004229471e-05,2911,-0.04234689142213266,-0.10679396648175599
LDOS,2025-07,584414611.0,2025-07-31,128718872.0,159.64999389648438,20549967129.162354,0.02843871269120719,2911,0.1127093968487578,0.09062835388027723
LMT,2025-07,5170952793.4,2025-07-31,233465056.0,420.9800109863281,98284121839.80371,0.05261229074039338,2911,0.061788364078461555,0.07074877451069339
MCK,2025-07,1145915849.0300002,2025-07-31,125112236.0,693.5399780273438,86770337406.39185,0.01320630855292246,2911,-0.030468342744370158,0.07537681863350887
BA,2025-07,1230322557.6100001,2025-07-31,756157695.0,221.83999633789062,167746020289.66782,0.007334436641092587,2911,0.03735999452587313,-0.12775359443601753
LHX,2025-07,642614683.65,2025-07-31,187094798.0,274.82000732421875,51417393756.68323,0.012498001876387851,2911,-0.010331192927358845,-0.04206405412127756
NOC,2025-07,1507235712.52,2025-07-31,143182982.0,576.6099853515625,82560737153.61304,0.01825608351480229,2911,0.0027717957552633177,-0.07199882550587433
HII,2025-07,634406244.52,2025-07-31,39240631.0,278.8599853515625,10942641785.84607,0.057975601955697995,2911,-0.0446727866956248,-0.01510251632565196
RTX,2025-07,295899989.0,2025-07-31,1338541827.0,157.57000732421875,210914045484.16315,0.0014029411285566477,2911,-0.009549989232981115,0.033658245416335664
ACN,2025-07,219356839.06,2025-07-31,635607597.0,267.1000061035156,169770793038.1409,0.0012920764233616971,2911,-0.04721365078139894,-0.16296431733672057
GD,2025-07,2599366763.9300003,2025-07-31,268993342.0,311.6099853515625,83821011360.28784,0.031010921029777875,2911,0.021070993893430368,0.01660073237494397
CACI,2025-07,333601014.61,2025-07-31,,460.57000732421875,,,2911,0.02105935642007961,0.13009831861296184
UNH,2025-07,7562079156.45,2025-07-31,907140441.0,249.55999755859375,226385966241.26166,0.03340348026869749,2911,0.2211458742630319,0.34200703648413855
BAH,2025-07,379934165.83,2025-07-31,,107.33000183105469,,,2911,-0.002553321129239894,-0.31496638560480583
SAIC,2025-07,254380630.12,2025-07-31,,111.4800033569336,,,2911,0.035275208963194915,-0.2742147301437098
HON,2025-07,67173948.74000001,2025-07-31,634896562.0,219.78651428222656,139541702291.74954,0.0004813897755063555,2911,-0.028198204191035248,-0.1280808788095903
OSK,2025-07,25040376.1,2025-07-31,,126.52999877929688,,,2911,0.08497747932474531,-0.10051402751807592
GE,2025-07,51262154.11,2025-07-31,1060439387.0,271.0799865722656,287463894788.6616,0.00017832553944796103,2911,-0.005320971691817,0.07025977243462944
GD,2025-08,841997941.17,2025-08-29,268993342.0,324.57000732421875,87307170983.10608,0.00964408686810991,2932,0.015000465522650996,-0.005186370040053179
HUM,2025-08,550000000.0,2025-08-29,120271819.0,303.6600036621094,36521740997.988556,0.01505952303944906,2932,-0.17584900991381947,-0.2501902096769124
MCK,2025-08,1075377429.89,2025-08-29,124384393.0,686.6400146484375,85407301431.557,0.012591165062764302,2932,0.09082675221059122,0.2223941531156739
HON,2025-08,290725349.75,2025-08-29,634896562.0,216.96937561035156,137753110634.29886,0.0021104811964776996,2932,-0.07662249365342011,-0.12781883626537527
UNH,2025-08,2231742312.83,2025-08-29,905673625.0,309.8699951171875,280641081756.5155,0.007952300849404015,2932,0.08574813589725849,0.00855990794920114
CACI,2025-08,315927082.8,2025-08-29,,479.7200012207031,,,2932,0.004111238637172443,0.2240009034521615
OSK,2025-08,12696788.0,2025-08-29,,139.3699951171875,,,2932,-0.10500395366477655,-0.1388838231604299
AMZN,2025-08,10350000.0,2025-08-29,10664912097.0,229.0,2442264870213.0,4.237869580090768e-06,2932,-0.07679927353784433,-0.04394647509497962
LMT,2025-08,6479647447.23,2025-08-29,233465056.0,455.6300048828125,106373684605.2461,0.06091400773862485,2932,0.06802073554859134,-0.05014888875725809
NOC,2025-08,462159155.85,2025-08-29,143182982.0,590.0399780273438,84483683553.16956,0.005470395423267045,2932,0.0011143850099226693,-0.08871297569758296
BA,2025-08,1992232246.1100001,2025-08-29,756157695.0,234.67999267578125,177455082324.33563,0.011226684634868818,2932,-0.1159423705025483,-0.25702243425112736
LHX,2025-08,303692522.87,2025-08-29,187094798.0,277.6199951171875,51941256907.21118,0.005846845859208257,2932,0.06933782112343523,-0.04988941526964297
GE,2025-08,150322191.12,2025-08-29,1060439387.0,275.20001220703125,291832932247.21674,0.0005150967368982862,2932,0.05881135437286944,0.023434831425827474
RTX,2025-08,2278385903.26,2025-08-29,1338541827.0,158.60000610351562,212292741932.01096,0.010732283555834792,2932,0.019423724254485242,0.04482163446013665
TXT,2025-08,154108535.0,2025-08-29,178205295.0,80.16000366210938,14284937099.807281,0.010788184359739258,2932,0.01865282766639953,-0.024697148317177398
ACN,2025-08,115494790.06,2025-08-29,635607597.0,259.9700012207031,165238907767.97818,0.0006989563875729143,2932,-0.0870492710105979,-0.10072497145112436
HII,2025-08,376924803.0,2025-08-29,39240631.0,270.7900085449219,10625970803.798126,0.03547203450486357,2932,0.027602227421558156,0.10089972580714557
BAH,2025-08,418840341.16,2025-08-29,,108.72000122070312,,,2932,-0.11628627763350852,-0.2896676329163489
LDOS,2025-08,451539192.65999997,2025-08-29,128297332.0,180.9199981689453,23211553070.52057,0.019453208981240876,2932,0.011096524405599162,-0.0038033729770092783
SAIC,2025-08,218161979.57,2025-08-29,,117.69999694824219,,,2932,-0.19135508794058376,-0.3271586816120926
NOC,2025-09,1242898588.12,2025-09-30,143182982.0,609.3200073242188,87244255640.94348,0.014246193964164112,2953,-0.07176804036746909,-0.08752402937314807
SAIC,2025-09,444891657.36,2025-09-30,,99.37000274658203,,,2953,-0.11605219727174954,0.0008684807321830412
MCK,2025-09,1177854443.23,2025-09-30,124384393.0,772.5399780273438,96091916235.16449,0.012257580963912221,2953,0.013583564319779473,0.037604360162758255
HON,2025-09,375560031.27,2025-09-30,634896562.0,208.07313537597656,132104918294.7681,0.002842892120276749,2953,-0.0204843079516428,-0.03865822186094581
GD,2025-09,2860335286.73,2025-09-30,268993342.0,341.0,91726729622.0,0.031183225418776613,2953,-0.02013801873465826,-0.034426292025556915
MSFT,2025-09,57047124.09,2025-09-30,7433166379.0,517.9500122070312,3850008616739.9443,1.4817401665533298e-05,2953,0.013726044515028901,-0.09138171668587414
AMZN,2025-09,16604328.67,2025-09-30,10664912097.0,219.57000732421875,2341694827250.439,7.090731241652183e-06,2953,0.01703002696152134,0.024709233301964062
LMT,2025-09,23319150865.83,2025-09-30,233465056.0,499.2099914550781,116548088610.81934,0.2000817957958793,2953,-0.05964196606082406,-0.049348789096692824
LHX,2025-09,523416989.06,2025-09-30,187094798.0,305.4100036621094,57140622942.34161,0.009160155456970775,2953,-0.09254353990224262,-0.0628331969673529
RTX,2025-09,947125057.6,2025-09-30,1338541827.0,167.3300018310547,223978206362.85327,0.004228648282260199,2953,0.02212724064529814,0.06971452370075903
ACN,2025-09,403053392.66,2025-09-30,635607597.0,246.60000610351562,156740837299.6409,0.0025714638227272214,2953,-0.02717475405351011,0.06057523512910579
UNH,2025-09,2494627729.2,2025-09-30,905673625.0,345.29998779296875,312729091656.91376,0.007976960876849876,2953,-0.0029935551248896353,-0.06590141738524591
AVAV,2025-09,65342811.03999999,2025-09-30,,314.8900146484375,,,2953,0.17699656116984563,-0.2594414533101742
HII,2025-09,54129202.67,2025-09-30,39240631.0,287.9100036621094,11297770214.913483,0.004791140343653601,2953,0.004666188276497341,0.15872460852740877
TXT,2025-09,269804881.71999997,2025-09-30,178205295.0,84.48999786376953,15056564993.86242,0.01791941799673311,2953,-0.08509887507113256,0.011493138532406633
LDOS,2025-09,1524880339.58,2025-09-30,128297332.0,188.9600067138672,24243064716.091248,0.06289965222787472,2953,-0.03607184543091113,-0.061799932641755095
OSK,2025-09,178258630.23000002,2025-09-30,,129.6999969482422,,,2953,-0.06954062097353375,-0.0542815746944999
BA,2025-09,3827423351.16,2025-09-30,756157695.0,215.8300018310547,163201516696.41608,0.023452131013461656,2953,-0.04226306576213701,-0.02194434386807087
KTOS,2025-09,22542537.43,2025-09-30,,91.37000274658203,,,2953,-0.03358935626376225,-0.20275120029365667
GE,2025-09,153352619.53,2025-09-30,1060439387.0,300.82000732421875,319001384164.23004,0.0004807271289175666,2953,0.012906183664563198,0.00333717402432554
CACI,2025-09,946685416.28,2025-09-30,,498.7799987792969,,,2953,0.09527194241318537,0.04634164211658609
BAH,2025-09,688466399.48,2025-09-30,,99.94999694824219,,,2953,-0.20312375747135547,-0.17678845859675552
BA,2025-10,1606359571.79,2025-10-31,760095468.0,201.02000427246094,152794394224.8382,0.010513210120956589,2976,0.022466549631931176,0.14589551291209757
MCK,2025-10,1184200532.33,2025-10-31,124384393.0,811.3400268554688,100918036757.02118,0.011734280316819693,2976,0.024358928640147992,0.036067802198012755
GD,2025-10,210215311.75,2025-10-31,270120442.0,344.8999938964844,93164538797.11566,0.0022563876176941713,2976,-0.025607359302486588,0.020451742039087728
LHX,2025-10,105840082.03999999,2025-10-31,187052847.0,289.1000061035156,54076979209.379974,0.001957211434281473,2976,-0.04761166989065213,0.20720867064391535
BAH,2025-10,13500373.51,2025-10-31,,87.16000366210938,,,2976,-0.05639682430666604,-0.055407262219822284
HUM,2025-10,857691448.04,2025-10-31,120271819.0,278.19000244140625,33458417621.24237,0.02563454906174228,2976,-0.12945758684448105,-0.3177202732259641
TXT,2025-10,36896108.0,2025-10-31,176224064.0,80.80999755859375,14240666181.605469,0.002590897611774535,2976,0.020824139719546775,0.0830835309925606
GE,2025-10,56801951.94,2025-10-31,1054813911.0,308.95001220703125,325884770679.5964,0.0001743007254421428,2976,-0.0627606350205453,-0.00962010041197825
CACI,2025-10,88588158.24,2025-10-31,,562.25,,,2976,0.079229782482791,0.08670995079806865
NOC,2025-10,30054730.02,2025-10-31,142720067.0,583.4500122070312,83270024833.33832,0.0003609309602123136,2976,-0.05794790512133641,0.19925344789011845
SAIC,2025-10,119615094.31,2025-10-31,,93.70999908447266,,,2976,-0.06485080006144661,0.024577362307994788
AVAV,2025-10,23227886.96,2025-10-31,,369.9100036621094,,,2976,-0.2829675058306207,-0.2423732155085382
HON,2025-10,54491359.12,2025-10-31,634887208.0,211.14840698242188,134055422582.71753,0.0004064838114726516,2976,-0.03410656486855623,0.13985306369785633
LMT,2025-10,1337931396.26,2025-10-31,231397796.0,491.8800048828125,113819949026.35205,0.011754805793756214,2976,-0.09417606245379229,0.2730209067221354
MSFT,2025-11,32866793.74,2025-11-28,7432377655.0,492.010009765625,3656804202618.3633,8.987846195447531e-06,2995,-0.017474760926464716,-0.17561099351348863
HUM,2025-11,647345724.02,2025-11-28,120273068.0,245.77000427246094,29559512436.221985,0.021899742947950246,2995,0.049376952704271115,-0.25711244301624314
GD,2025-11,84398748.11,2025-11-28,270120442.0,341.6300048828125,92281247919.40747,0.0009145817813789044,2995,-0.014590136208650573,0.07342621053728704
UNH,2025-11,162311368.68,2025-11-28,905838620.0,329.7699890136719,298718391765.5597,0.0005433591407635366,2995,0.005752129969627928,-0.11556220372992221
LHX,2025-11,272316411.24,2025-11-28,187052847.0,278.69000244140625,52129758387.10199,0.0052238187873009,2995,0.05194249264626505,0.32199937984862725
MCK,2025-11,1406868182.35,2025-11-28,123426650.0,881.1199951171875,108753689245.33081,0.012936280066567047,2995,-0.068440357731408,0.13355634011104212
LDOS,2025-11,143572930.85,2025-11-28,127855172.0,191.10000610351562,24433124149.56604,0.0058761593470866074,2995,-0.04664297718113708,-0.05100020784962356
RTX,2025-11,212343047.0,2025-11-28,1340771942.0,174.91000366210938,234514425285.2735,0.0009054583603618273,2995,0.043759131653673844,0.18617908690391627
HON,2025-11,535468898.18,2025-11-28,634887208.0,201.5626678466797,127969559426.20984,0.004184345875542094,2995,0.01342952760310867,0.27663166586268806
TXT,2025-11,415998468.0,2025-11-28,176224064.0,83.16000366210938,14654793807.591797,0.02838651116227206,2995,0.05426652996990611,0.18687392667305602
BAH,2025-11,59887932.89,2025-11-28,,83.45999908447266,,,2995,0.01198151933174496,-0.04226724872409471
ACN,2025-11,13934346.44,2025-11-28,638591616.0,250.0,159647904000.0,8.728173744141358e-05,2995,0.07173222832727921,-0.15890408278664792
CACI,2025-11,23031685.59,2025-11-28,,617.0999755859375,,,2995,-0.1348111066717237,0.022035103198707495
GE,2025-11,62500000.0,2025-11-28,1054813911.0,298.45001220703125,314809224614.0964,0.0001985329371355448,2995,0.0376246590474707,0.12240079883945476
NOC,2025-11,291741536.53999996,2025-11-28,142720067.0,572.25,81671558340.75,0.003572131381683648,2995,-0.00014393653794919636,0.3377138796546787
SAIC,2025-11,15304367.0,2025-11-28,,86.20999908447266,,,2995,0.18045760047430726,0.10037472575505724
HII,2025-11,933347784.0,2025-11-28,39241434.0,313.6199951171875,12306898339.471436,0.07583939984346097,2995,0.08216038113918378,0.4099473648280937
BA,2025-11,6148387456.63,2025-11-28,760095468.0,189.0,143658043452.0,0.04279876927799271,2995,0.14781700899768757,0.18735603407585388
LMT,2025-11,2249038349.59,2025-11-28,231397796.0,457.8599853515625,105947791486.94385,0.02122779831486297,2995,0.06565239857653071,0.47892314096100186
BAH,2025-12,225317128.26,2025-12-31,,84.36000061035156,,,3017,0.017439113386725102,0.028570161518319703
RTX,2025-12,613216733.1800001,2025-12-31,1340771942.0,183.39999389648438,245897565979.3775,0.0024937893579289362,3017,0.07667358113328548,0.10903388924394619
SAIC,2025-12,106754364.19,2025-12-31,,100.66000366210938,,,3017,-0.014296979454802905,0.033443792990389576
LMT,2025-12,5572697487.860001,2025-12-31,231397796.0,483.6700134277344,111920175098.46814,0.049791715237731744,3017,0.29516385519991006,0.3300531712530932
HON,2025-12,173467759.0,2025-12-31,634887208.0,204.60409545898438,129900522911.32007,0.0013353892279434642,3017,0.14665362048938424,0.21759605150617878
GE,2025-12,313529778.34,2025-12-31,1054813911.0,308.0299987792969,324914327717.71533,0.0009649613808732798,3017,-0.017574920526578275,-0.050268989868031966
ACN,2025-12,262247957.26,2025-12-31,634656410.0,268.29998779296875,170278307055.72937,0.0015401137220266727,3017,-0.02541031081981271,-0.21397560675515115
HII,2025-12,289856582.37,2025-12-31,39241434.0,340.07000732421875,13344834747.792847,0.021720507435878177,3017,0.21613961213003763,0.20556674253215257
AVAV,2025-12,254534516.07,2025-12-31,,241.88999938964844,,,3017,0.09638610929265812,-0.2022022860061763
NOC,2025-12,2291996517.73,2025-12-31,142720067.0,570.2100219726562,81380412540.00897,0.028163982538220583,3017,0.18156455143545314,0.2715810798419971
CACI,2025-12,259950455.15,2025-12-31,,532.8099975585938,,,3017,0.12953915834787622,0.11599946287037444
MCK,2025-12,1171448514.93,2025-12-31,123426650.0,820.2899780273438,101245644016.48865,0.011570359656551945,3017,0.01218198934604664,0.11453805789951277
TXT,2025-12,773164472.76,2025-12-31,176224064.0,87.16999816894531,15361451336.204102,0.05033147297337682,3017,-0.01530835205915504,0.04594915214593742
HUM,2025-12,593488019.14,2025-12-31,120273068.0,256.1300048828125,30805541494.11084,0.019265625285420102,3017,-0.28890351929910507,-0.2665449059303052
UNH,2025-12,1693120655.25,2025-12-31,905838620.0,330.1099853515625,299026373579.0796,0.0056621114552032736,3017,-0.15464641477392604,-0.11793530299474075
LDOS,2025-12,449235800.61,2025-12-31,127855172.0,180.39999389648438,23065072248.43396,0.019476886773701806,3017,0.022568021421934814,-0.081807161404305
OSK,2025-12,101623328.0,2025-12-31,,125.62999725341797,,,3017,0.17006083073535727,0.21372033837918591
LHX,2025-12,345574913.22,2025-12-31,187052847.0,293.57000732421875,54913105663.80597,0.006293122726216039,3017,0.1391916567726752,0.2525151469158904
GD,2025-12,1502158673.63,2025-12-31,270120442.0,336.6600036621094,90938748992.9306,0.016518356479115134,3017,0.013262686014297254,0.07679049474671973
BA,2025-12,3411684451.19,2025-12-31,760095468.0,217.1199951171875,165031924300.75635,0.020672875661150877,3017,0.05344907709455882,-0.005358040509009565
AMZN,2025-12,18759747.08,2025-12-31,10690216011.0,230.82000732421875,2467515737956.5005,7.602685888251348e-06,3017,0.03281273193500445,-0.05556352447602719
LMT,2026-01,1682771111.57,2026-01-30,230080240.0,634.219970703125,145921483072.16797,0.011532031309863789,3037,0.07534934853453779,-0.2315250958393137
BA,2026-01,2120832872.54,2026-01-30,785347096.0,233.72000122070312,183551324235.79565,0.011554440597854326,3037,-0.02425325500839004,-0.07141746607050858
TXT,2026-01,39730621.78,2026-01-30,176224064.0,88.05999755859375,15518290645.605469,0.002560244725874565,3037,0.13594492742781528,0.03157434995760244
ACN,2026-01,475738551.0,2026-01-30,634656410.0,263.6400146484375,167320825229.12476,0.002843271603212189,3037,-0.18705503819954128,-0.3564022364770195
MCK,2026-01,1087989765.81,2026-01-30,123426650.0,831.2100219726562,102593468458.51135,0.010604863858852587,3037,0.2156973711564616,-0.06415773649766532
GE,2026-01,1044374229.05,2026-01-30,1048813612.0,306.7900085449219,321765536987.5104,0.0032457616152053548,3037,0.10597037358260453,-0.10903447549773337
BAH,2026-01,507184839.15,2026-01-30,,88.41999816894531,,,3037,-0.08062030232543393,-0.15187517493264013
MSFT,2026-01,28568221.119999997,2026-01-30,7425629076.0,430.2900085449219,3195173998563.4604,8.941053330067213e-06,3037,-0.04229688234488049,-0.07892828987310063
OSK,2026-01,46883164.78,2026-01-30,,143.82000732421875,,,3037,0.1888531789386072,0.0390707669371928
SAIC,2026-01,235149695.52,2026-01-30,,101.76000213623047,,,3037,-0.05530898467807899,-0.09809513402114045
HON,2026-01,195111114.71,2026-01-30,634887208.0,238.61563110351562,151494011816.469,0.0012879130493050246,3037,0.09391657364151951,-0.10567021696096868
HUM,2026-01,447884380.53999996,2026-01-30,120273068.0,195.1999969482422,23477302506.555725,0.01907733566984257,3037,-0.052953058077691684,0.15866264995790114
LDOS,2026-01,209356811.38,2026-01-30,127855172.0,188.27999877929688,24072571628.086792,0.00869690262488333,3037,-0.023703178345566123,-0.24972970558226748
AVAV,2026-01,28894619.130000003,2026-01-30,,278.3900146484375,,,3037,-0.16310591087199933,-0.3798634347658023
CACI,2026-01,297039747.6,2026-01-30,,620.5800170898438,,,3037,0.03159803269751116,-0.21717771835986477
NOC,2026-01,478343670.68,2026-01-30,141921621.0,692.260009765625,98246662739.41333,0.004868803248297047,3037,0.11690119336248084,-0.22095928446045576
HII,2026-01,1178980220.0,2026-01-30,39241434.0,420.510009765625,16501415794.557129,0.07144721608608141,3037,0.06722693708390204,-0.1840811420190428
KTOS,2026-01,61068139.3,2026-01-30,,103.01000213623047,,,3037,-0.11967008905121479,-0.4419223235863736
GD,2026-01,3063700264.89,2026-01-30,270389759.0,351.0899963378906,94931139497.11313,0.03227286937794703,3037,0.05558660149956762,-0.054668994851359565
RTX,2026-01,561846369.0,2026-01-30,1340771942.0,200.92999267578125,269401296485.953,0.002085536990091269,3037,0.048056081176723664,-0.1754913117087098
LHX,2026-01,353169635.69,2026-01-30,187052847.0,342.8500061035156,64131069735.629974,0.005506997421778321,3037,0.09017713027762797,-0.12709240903276975
AMZN,2026-01,32435249.89,2026-01-30,10690216011.0,239.3000030517578,2558168724056.25,1.2679089375532057e-05,3037,-0.11092606489692813,0.07672866137570278
MCK,2026-02,1060268795.34,2026-02-27,122487456.0,987.3699951171875,120940438832.63672,0.008766867439659713,3056,-0.05185116364979381,-0.35320630252291585
CACI,2026-02,56092154.78,2026-02-27,,610.1699829101562,,,3056,-0.008482551123643156,-0.2641830952413402
HON,2026-02,1059006720.31,2026-02-27,635675701.0,255.46932983398438,162395645326.21823,0.00652115220320521,3056,-0.006325247871665662,-0.1239249377428554
BA,2026-02,2085915544.08,2026-02-27,785347096.0,227.52999877929688,178690023794.20435,0.011673374370817308,3056,-0.09218576626713082,-0.08985829831316972
BAH,2026-02,183299954.76,2026-02-27,,78.83000183105469,,,3056,0.07775365677921897,-0.101328399574933
SAIC,2026-02,110924856.88,2026-02-27,,92.26000213623047,,,3056,0.10376246593428018,0.02806305625164307
HUM,2026-02,485000000.0,2026-02-27,120595967.0,190.5399932861328,22978354742.514694,0.0211068201111305,3056,-0.04813554652803698,0.5052908425479636
HII,2026-02,178250000.0,2026-02-27,39242688.0,444.5199890136719,17444159238.626953,0.010218319929417833,3056,-0.0934796310937086,-0.40950937581753666
LDOS,2026-02,172525441.93,2026-02-27,126392684.0,175.10000610351562,22131359739.83972,0.00779551929741708,3056,-0.04100264741280846,-0.37409003526920503
GD,2026-02,641752697.4,2026-02-27,270389759.0,357.04998779296875,96542660150.29376,0.006647348399152716,3056,0.030691829737188425,-0.12990784933363886
NOC,2026-02,650960718.52,2026-02-27,141921621.0,724.3800048828125,102805184512.95667,0.006331983368387016,3056,0.0033555037342825056,-0.3276131771143964
GE,2026-02,116821917.25999999,2026-02-27,1048813612.0,342.260009765625,358966957085.4404,0.00032543919420470317,3056,-0.1242358760163701,-0.1584428919330514
RTX,2026-02,361694302.57,2026-02-27,1342287676.0,202.6199951171875,271974322356.98096,0.0013298840105032295,3056,-0.00011831021497321625,-0.2153903414871896
OSK,2026-02,14070405.47,2026-02-27,,170.02000427246094,,,3056,-0.11421668570637733,-0.3377458058035885
LMT,2026-02,1767076115.24,2026-02-27,230080240.0,658.0800170898438,151411208271.23535,0.011670708763346575,3056,-0.009404532690578282,-0.2954632271785952
ACN,2026-02,35849903.01,2026-02-27,634656410.0,208.72000122070312,132465486669.92706,0.00027063580039780134,3056,0.022714803396671757,-0.20189506291324422
LHX,2026-02,324457294.75,2026-02-27,186776263.0,364.5400085449219,68087420510.008575,0.004765304549939678,3056,0.011969988158522238,-0.23816004035041438
NOC,2026-03,3277968237.62,2026-03-31,141921621.0,682.239990234375,96824605325.08667,0.03385470280631961,3078,-0.2556742893183508,-0.3842013783270518
LMT,2026-03,12238584370.98,2026-03-31,230080240.0,604.3900146484375,139058199623.91602,0.08801051936584356,3078,-0.24803998324932863,-0.28064249895485793
HUM,2026-03,1599491751.52,2026-03-31,120595967.0,173.38999938964844,20910134644.524063,0.07649361320295822,3078,0.2585783660435632,1.2171599473406458
SAIC,2026-03,206655115.51,2026-03-31,,94.91999816894531,,,3078,-0.08157780767443978,-0.034188169905911
BAH,2026-03,520806457.64,2026-03-31,,78.02999877929688,,,3078,-0.10838484925231628,-0.374823095821729
LDOS,2026-03,492598458.04,2026-03-31,126392684.0,155.52000427246094,19656590755.687805,0.02506021843576625,3078,-0.1455619453337732,-0.48459209122157
GE,2026-03,30985445.9,2026-03-31,1048813612.0,283.7699890136719,297621827154.6295,0.00010411012591459395,3078,-0.08334507611776609,0.17160391659881524
RTX,2026-03,4638114298.87,2026-03-31,1342287676.0,192.89999389648438,258927284507.7262,0.017912806322006602,3078,-0.1923000408033445,-0.15134235864054035
GD,2026-03,5666999624.99,2026-03-31,270389759.0,343.2200012207031,92803173414.04562,0.06106471811805853,3078,-0.09724660268872087,-0.08754411242816396
ACN,2026-03,132037945.84,2026-03-31,634211978.0,198.2899932861328,125757888859.60501,0.0010499376781635227,3078,-0.19615407458450207,-0.48276526726623703
MCK,2026-03,1175683450.7,2026-03-31,122487456.0,865.3599853515625,105995743129.91016,0.01109179874572003,3078,-0.16301704965073727,-0.2611349078807099
BA,2026-03,2977401540.21,2026-03-31,785347096.0,199.02999877929688,156307631558.20435,0.0190483440285595,3078,0.04567830142676854,-0.0514511070180772
OSK,2026-03,76668237.3,2026-03-31,,147.2100067138672,,,3078,-0.04330413551462797,-0.1622122246580151
HON,2026-03,224828532.78,2026-03-31,635675701.0,237.05296325683594,150688808592.41644,0.001492005510429888,3078,-0.15681585201585047,-0.20909157423097002
CACI,2026-03,357034300.18,2026-03-31,,543.8699951171875,,,3078,-0.14978773193741746,-0.2912370681655938
TXT,2026-03,125603029.84,2026-03-31,174162437.0,87.55999755859375,15249662558.518738,0.008236446502210363,3078,-0.009118433074234655,-0.09954483352833621
LHX,2026-03,795748090.97,2026-03-31,186776263.0,345.1499938964844,64465826034.45816,0.012343719764711587,3078,-0.17632620717032388,-0.29957191487786694
AVAV,2026-03,159428396.65,2026-03-31,,183.0500030517578,,,3078,-0.03966077008296787,-0.20763982873318376
HII,2026-03,1553997808.01,2026-03-31,39242688.0,379.8999938964844,14908296931.68164,0.10423711139718429,3078,-0.14614245762942923,-0.41218111571796867
AMZN,2026-03,109221499.78,2026-03-31,10734920870.0,208.27000427246094,2235762015459.43,4.885202406373109e-05,3078,0.16762211026877138,0.01083523644611506
UNH,2026-03,1872023262.41,2026-03-31,907675839.0,270.5899963378906,245608001951.0018,0.007621996219746392,3078,0.264103525644817,0.4356588440964253
MSFT,2026-03,36123909.29,2026-03-31,7425629076.0,370.1700134277344,2748745214772.295,1.3141963502423957e-05,3078,-0.0034508112853421924,-0.10931148152341152
LDOS,2026-04,625669523.7,2026-04-30,126392684.0,149.22000122070312,18860316460.767944,0.033173861371916996,3099,-0.19957475962645377,-0.2647227371440577
NOC,2026-04,919595816.56,2026-04-30,142033476.0,579.47998046875,82305555898.38867,0.011172949462795661,3099,-0.12087285996387742,-0.10188435138114327
AVAV,2026-04,43194163.94,2026-04-30,,195.02000427246094,,,3099,-0.00898419119625049,-0.2762328869396462
GD,2026-04,1900223063.88,2026-04-30,270430187.0,344.29998779296875,93109110082.95026,0.020408562193185015,3099,-0.07030481745190231,0.07636881860278888
HUM,2026-04,970000000.0,2026-04-30,120061500.0,236.44000244140625,28387341353.118896,0.03417016014053133,3099,0.33306297164959386,0.5003868814880141
LMT,2026-04,7978785860.8,2026-04-30,230563608.0,517.969970703125,119425025280.9668,0.06680999934501675,3099,-0.051802196515565946,0.0902568059470763
LHX,2026-04,613512725.28,2026-04-30,186294951.0,320.54998779296875,59716844268.94171,0.010273696354699765,3099,-0.0896833881065181,-0.1743254730345618
GE,2026-04,153590281.74,2026-04-30,1043337235.0,289.92999267578125,302494756901.91986,0.0005077452690851092,3099,0.06408856425676945,0.2013144144777852
OSK,2026-04,56766404.67,2026-04-30,,156.3000030517578,,,3099,-0.24479467627253448,-0.12696260709198337
ACN,2026-04,244842720.71,2026-04-30,634211978.0,178.7100067138672,113340026846.39499,0.002160249362229507,3099,0.044558133658161525,-0.10255910952423852
SAIC,2026-04,193417794.34,2026-04-30,,96.7699966430664,,,3099,0.13371934807384833,0.17218135244223043
BAH,2026-04,540199233.29,2026-04-30,,77.7699966430664,,,3099,0.02525884985778082,-0.1389137721837136
MCK,2026-04,1191348080.87,2026-04-30,122487456.0,815.2000122070312,99851775626.4082,0.011931165704327437,3099,-0.15309711976663254,0.00928913690816291
RTX,2026-04,1038281637.77,2026-04-30,1346683428.0,176.07000732421875,237110561031.364,0.004378892417333787,3099,-0.06079403716771825,0.1852921876617808
BA,2026-04,1313526636.75,2026-04-30,788302331.0,229.02999877929688,180544881906.64688,0.0072753468438345225,3099,-0.07614449769372,-0.09843512328361326
UNH,2026-04,2790468830.32,2026-04-30,907675839.0,370.4800109863281,336275754804.7446,0.008298156469651699,3099,-0.030173691008155368,0.08278310190165983
HON,2026-04,124179522.77,2026-04-30,633653119.0,224.78237915039062,142434055644.8856,0.0008718387060437461,3099,0.05419842695818522,0.045056211703115245
CACI,2026-04,306285943.12,2026-04-30,,519.5399780273438,,,3099,-0.045136875794992815,-0.08409519631970364
AMZN,2026-04,23872145.41,2026-04-30,10757109436.0,265.05999755859375,2851279400843.6855,8.372432881511471e-06,3099,-0.0698285306954346,-0.01755612611866031
TXT,2026-04,574933768.71,2026-04-30,173888981.0,95.95999908447266,16686386457.559883,0.03445525909233166,3099,-0.12187412376131634,-0.15346951645350537
HII,2026-04,494464216.99,2026-04-30,39242688.0,364.2900085449219,14295719146.845703,0.034588271629489985,3099,-0.23831306336003855,-0.14215717989824384
ACN,2026-05,43992190.66,2026-05-29,634211978.0,187.07000732421875,118642039369.56726,0.0003707976607091633,3119,-0.3245019078384015,0.006132163888272535
MCK,2026-05,1434025092.11,2026-05-29,120204051.0,742.4400024414062,89244295917.90692,0.016068534995548795,3119,0.029143194836545483,0.18501356151397164
NOC,2026-05,712162495.75,2026-05-29,142033476.0,563.6799926757812,80061428711.39575,0.008895200937734857,3119,-0.08218618830030844,-0.047501458093350046
MSFT,2026-05,54500249.86,2026-05-29,7428434704.0,450.239990234375,3344578368585.6523,1.629510325483775e-05,3119,-0.16121598061457687,0.12308360701490484
GD,2026-05,4587762154.28,2026-05-29,270430187.0,346.82000732421875,93790599436.02985,0.048914946507076076,3119,0.031686949394613695,0.07888904993379553
AMZN,2026-05,26047400.13,2026-05-29,10757109436.0,270.6400146484375,2911304255333.8853,8.946986589353483e-06,3119,-0.10905421390832937,-0.03518886281859879
LMT,2026-05,6345054177.83,2026-05-29,230563608.0,530.4500122070312,122302468678.09717,0.05188001719352309,3119,-0.022990060697294812,0.05029103962283199
LDOS,2026-05,400352673.56,2026-05-29,125785466.0,127.80000305175781,16075382938.666779,0.024904705230816945,3119,-0.18114926455793767,0.08488074223454967
GE,2026-05,45654060.5,2026-05-29,1043337235.0,323.760009765625,337790873392.4402,0.00013515480759292102,3119,0.1646353620940757,0.03981537767007892
RTX,2026-05,30552783.0,2026-05-29,1346683428.0,179.66000366210938,241945149606.182,0.0001262797913069605,3119,0.06634285835269438,0.1626740515997427
SAIC,2026-05,333245658.76,2026-05-29,,104.19999694824219,,,3119,0.06988956598405704,0.19313091453379205
OSK,2026-05,123269221.2,2026-05-29,,130.0,,,3119,0.19090789231456928,0.1690272668337527
BAH,2026-05,333149399.06,2026-05-29,,79.18000030517578,,,3119,-0.2177087211800114,-0.05497807613551631
BA,2026-05,5785237227.79,2026-05-29,788302331.0,231.14999389648438,182216078999.2344,0.03174932343821484,3119,-0.05321593326947238,-0.11191074876919382
HON,2026-05,61870368.3,2026-05-29,633653119.0,249.4598846435547,158071033969.76862,0.0003914086391807421,3119,-0.09216835466191842,-0.14541474143438204
CACI,2026-05,362523285.76,2026-05-29,,513.510009765625,,,3119,-0.08756334988070602,0.2037121501714354
TXT,2026-05,284097441.58,2026-05-29,173888981.0,91.76000213623047,15956053268.02694,0.017804994556472192,3119,0.010178951824502014,-0.11447054849900606
LHX,2026-05,442464131.23,2026-05-29,186294951.0,315.17999267578125,58716441291.71503,0.007535608791952321,3119,-0.06399098539833048,-0.18238195164017212
HII,2026-05,1518907223.0,2026-05-29,39404029.0,308.1700134277344,12143140146.036835,0.12508356197270168,3119,-0.08147490245816613,-0.06048046063043988
RTX,2026-06,496054093.7,2026-06-30,1346683428.0,189.72999572753906,255506241040.78766,0.0019414558786484302,3140,0.13672416393259468,-0.03731363712556679
BA,2026-06,1505329780.63,2026-06-30,788302331.0,216.47000122070312,170643806553.85312,0.008821473284205813,3140,0.027267362038517318,-0.15887936034196515
HUM,2026-06,114445876.32,2026-06-30,120061500.0,397.2200012207031,47690829176.55945,0.0023997459951116003,3140,-0.07013202329050217,-0.051937782712473846
AVAV,2026-06,117306231.51,2026-06-30,,165.07000732421875,,,3140,-0.10527099427982645,-0.15812860837417497
TXT,2026-06,105903940.12,2026-06-30,173888981.0,91.7300033569336,15950836810.863762,0.006639397128548841,3140,-0.043780689101745374,-0.17937996827158686
CACI,2026-06,269649958.88,2026-06-30,,463.260009765625,,,3140,0.03721754372802488,0.2868584722671672
SAIC,2026-06,169840593.21,2026-06-30,,110.41000366210938,,,3140,0.0583076987682527,0.13911543464368137
HON,2026-06,135154149.55,2026-06-30,633653119.0,223.89999389648438,141874929476.5883,0.0009526288404062444,3140,0.08724040600055405,-0.08456627848720966
UNH,2026-06,2035974342.24,2026-06-30,908144404.0,415.6300048828125,377452063068.81885,0.005393994473594363,3140,0.020853626071646314,-0.11822650730330586
BAH,2026-06,329615074.18,2026-06-30,,60.66999816894531,,,3140,0.1327298050130541,0.13183355702997956
HII,2026-06,853616431.0,2026-06-30,39404029.0,279.8900146484375,11028794254.017456,0.07739888979151582,3140,0.14975157477920864,-0.09390537343425065
OSK,2026-06,185823319.1,2026-06-30,,153.47999572753906,,,3140,-0.06200109036784651,-0.1647665280058116
ACN,2026-06,117566762.0,2026-06-30,630457461.0,124.44000244140625,78454127986.04279,0.001498541440941329,3140,0.33477939734123496,0.4145693099625911
AMZN,2026-06,44995301.20999999,2026-06-30,10757109436.0,238.33999633789062,2563849423582.529,1.7549900082325026e-05,3140,-0.005113068961399625,0.009068401943529869
LDOS,2026-06,408583108.13,2026-06-30,125785466.0,102.97000122070312,12952129587.566711,0.03154563157878037,3140,0.0984798371462079,0.17349476415182274
LMT,2026-06,4291504305.02,2026-06-30,230563608.0,509.4599914550781,117462933761.53198,0.03653496611733214,3140,0.13370169658693265,-0.014265152282648685
LHX,2026-06,388569656.67,2026-06-30,186294951.0,290.5899963378906,54135449128.85751,0.007177730358255559,3140,-0.057514801061495535,-0.20822452709968375
MCK,2026-06,1191973257.74,2026-06-30,120204051.0,755.5999755859375,90826178000.93079,0.01312367517796229,3140,0.15226327222861546,0.11988224501278077
NOC,2026-06,1433067136.34,2026-06-30,142033476.0,509.30999755859375,72339069314.79858,0.019810417108128784,3140,0.05694895702655911,-0.030603857958052427
GD,2026-06,2078726662.24,2026-06-30,270430187.0,354.239990234375,95797186801.9602,0.021699245370715468,3140,0.09048075135872202,-0.08357513845494513
GE,2026-06,88002208.37,2026-06-30,1043337235.0,373.7300109863281,389926436298.99524,0.0002256892587362812,3140,-0.04202252738448664,-0.17423409619311125
UNH,2026-07,13267948012.24,2026-07-31,908144404.0,414.3999938964844,376335035474.72644,0.03525568113928908,3162,-0.08710335010622083,
BA,2026-07,277114274.45,2026-07-31,790370020.0,216.13999938964844,170830575640.39642,0.0016221585240884162,3162,-0.06547799693662903,
TXT,2026-07,53242796.0,2026-07-31,171986917.0,85.26000213623047,14663604910.823692,0.0036309486189647494,3162,-0.0819249610782331,
LDOS,2026-07,288192855.59000003,2026-07-31,125785466.0,115.5999984741211,14540799677.66661,0.01981960153351393,3162,0.1860900826998746,
AMZN,2026-07,17537714.25,2026-07-31,10786313572.0,271.5799865722656,2929346895048.0063,5.98690250022867e-06,3162,-0.07028561850253479,
LMT,2026-07,595194779.33,2026-07-31,230790753.0,582.739990234375,134491001149.40405,0.004425536089725491,3162,-0.06371124892389524,
AVAV,2026-07,80564538.0,2026-07-31,,149.3699951171875,,,3162,-0.03362796691501613,
HON,2026-07,84836642.41,2026-07-31,316940010.0,243.0500030517578,77032270397.72415,0.0011013130207896146,3162,-0.14561977231390466,
ACN,2026-07,168899926.32999998,2026-07-31,630457461.0,165.9199981689453,104605500774.71791,0.00161463713742692,3162,0.11688432271854343,
MCK,2026-07,1194619137.2,2026-07-31,120204051.0,856.1900024414062,102917506719.15692,0.011607540595205999,3162,0.007223449018016526,
MSFT,2026-07,20947460.020000003,2026-07-31,7425545491.0,464.7200012207031,3450799509641.9067,6.070320794201615e-06,3162,0.06685916415542215,
HII,2026-07,10492113.0,2026-07-31,39404598.0,326.45001220703125,12863631498.11316,0.0008156416017933183,3162,-0.1306191537846484,
NOC,2026-07,89756208.0,2026-07-31,142063026.0,542.47998046875,77066347569.81152,0.0011646615005167231,3162,-0.027399286116550292,
CACI,2026-07,166054055.7,2026-07-31,,497.75,,,3162,0.22485309579639412,
RTX,2026-07,282911136.0,2026-07-31,1347758144.0,215.22000122070312,290064509396.8926,0.0009753386809997335,3162,-0.05839463130306877,
SAIC,2026-07,158881829.0,2026-07-31,,117.12999725341797,,,3162,0.06788179984394227,
BAH,2026-07,176095661.73000002,2026-07-31,,69.72000122070312,,,3162,0.06648269143488195,
GD,2026-07,671197227.22,2026-07-31,270430187.0,383.4200134277344,103688345930.80472,0.0064732176137510785,3162,-0.05827921712552697,
LHX,2026-07,111640291.55,2026-07-31,186214616.0,277.05999755859375,51592621054.33447,0.0021638809827557834,3162,-0.06581617927442307,
GD,2026-08,338434663.93,2026-08-31,270430187.0,371.3500061035156,100424251593.02487,0.0033700491520865516,3183,-0.10312914551760277,
LDOS,2026-08,632216923.97,2026-08-31,125492209.0,140.2100067138672,17595263466.428024,0.03593108595255067,3183,-0.12497371714142758,
CACI,2026-08,106624151.62,2026-08-31,,623.010009765625,,,3183,-0.01901765940058997,
HON,2026-08,81275828.5,2026-08-31,316940010.0,213.52999877929688,67676199948.41034,0.001200951421060235,3183,-0.008836008305539877,
BAH,2026-08,258045325.67,2026-08-31,,75.6500015258789,,,3183,-0.07905956610687404,
UNH,2026-08,508721851.81,2026-08-31,897594847.0,389.4100036621094,349532412657.3605,0.0014554354142506656,3183,-0.04824530263035587,
LHX,2026-08,36290193.53,2026-08-31,186214616.0,266.25,49579641510.0,0.0007319575621110618,3183,-0.10313108800869109,
SAIC,2026-08,254240289.7,2026-08-31,,128.22000122070312,,,3183,-0.0018540136303458743,
NOC,2026-08,49839904.43,2026-08-31,142063026.0,539.7000122070312,76671416866.3678,0.0006500454337092401,3183,-0.10087556489085758,
ACN,2026-08,408291537.90999997,2026-08-31,630457461.0,189.75999450683594,119635604336.15373,0.0034127928736229465,3183,-0.030380694646468642,
MCK,2026-08,1159388670.44,2026-08-31,116590363.0,885.3200073242188,103219781025.09332,0.011232233385170097,3183,-0.031273179330673306,
LDOS,2026-09,1291998738.43,2026-09-30,125492209.0,121.83000183105469,15288716052.253098,0.08450668676259432,3204,,
SAIC,2026-09,433051064.6,2026-09-30,,127.55999755859375,,,3204,,
BAH,2026-09,762533276.0,2026-09-30,,69.41999816894531,,,3204,,
NOC,2026-09,112237076.01,2026-09-30,142063026.0,483.4800109863281,68684633371.23102,0.0016340929622987723,3204,,
CACI,2026-09,524126696.53,2026-09-30,,609.1099853515625,,,3204,,
MSFT,2026-09,14339254.9,2026-09-30,7425545491.0,512.9000244140625,3808562463621.632,3.76500452256323e-06,3204,,
GD,2026-09,523197116.55,2026-09-30,270430187.0,331.8299865722656,89736845320.94528,0.005830348890456055,3204,,
BA,2026-09,339129815.85,2026-09-30,790370020.0,186.0500030517578,147048344633.01788,0.002306247082864832,3204,,
ACN,2026-09,269596161.75,2026-09-30,630457461.0,183.3699951171875,115606981545.16443,0.0023320058888024534,3204,,
HON,2026-09,82938142.93,2026-09-30,316940010.0,210.94000244140625,66855326483.17932,0.0012405614824252949,3204,,
LMT,2026-09,28888760.0,2026-09-30,230790753.0,509.25,117530190965.25,0.00024579863065602863,3204,,
AMZN,2026-09,124968320.39999999,2026-09-30,10786313572.0,249.14999389648438,2687409960629.3667,4.650139808618316e-05,3204,,
LHX,2026-09,228194546.04999998,2026-09-30,186214616.0,236.77999877929688,44091896549.16724,0.005175430496520792,3204,,
TXT,2026-09,16849943.0,2026-09-30,171986917.0,76.19999694824219,13105402550.537582,0.0012857249470226168,3204,,
MCK,2026-09,15157964.16,2026-09-30,116590363.0,853.8099975585938,99546017548.38556,0.0001522709248778565,3204,,
UNH,2026-09,2628504068.77,2026-09-30,897594847.0,367.0799865722656,329489104384.09485,0.007977514381494927,3204,,
